latitude,longitude,brightness,acq_date,acq_time,confidence,bright_t31,daynight,elevation,slope,aspect,hist_temp,hist_humidity,hist_wind_speed,hist_wind_dir
36.4194,-119.8197,305.3,2020-01-01,1845,46,280.8,D,,,,10.1,78,4.0,153
39.2679,-121.6165,300.3,2020-01-02,2106,35,287.4,D,739.4583740234375,89.99703979492188,248.1920318603516,14.4,62,13.1,328
39.0582,-122.9476,304.2,2020-01-02,1927,58,283.6,D,1634.19873046875,89.9964828491211,276.3395080566406,10.2,67,9.6,304
40.9782,-122.3513,335.6,2020-01-02,2107,90,281.4,D,891.016357421875,89.99116516113281,33.70351791381836,10.3,50,1.8,101
38.2006,-120.5829,303.2,2020-01-02,2106,55,283.7,D,1915.318359375,89.99549865722656,278.11767578125,12.8,60,11.2,303
39.0808,-122.1803,300.4,2020-01-02,2106,35,287.8,D,1386.7415771484375,89.99700164794922,318.806640625,15.0,49,13.8,319
38.3913,-120.9307,300.5,2020-01-03,1832,38,268.4,D,1737.5880126953125,89.99675750732422,23.956789016723636,10.3,67,2.3,252
36.0351,-119.3394,306.0,2020-01-03,1832,63,285.3,D,,,,7.3,89,2.4,117
39.5318,-118.5542,302.1,2020-01-04,2054,48,289.0,D,,,,9.9,43,16.3,45
39.5298,-118.5663,311.7,2020-01-04,2054,68,289.3,D,,,,9.9,43,16.3,45
38.3995,-120.934,308.5,2020-01-04,1915,67,286.8,D,1745.571044921875,89.99838256835938,23.959640502929688,10.6,85,1.8,349
38.3891,-120.9357,314.3,2020-01-06,1902,68,283.4,D,1707.6104736328125,89.9893798828125,90.03032684326172,9.0,76,7.3,189
37.0715,-119.3842,327.6,2020-01-06,2041,76,285.0,D,,,,10.0,50,4.1,232
37.9184,-120.001,312.8,2020-01-06,2042,73,284.9,D,,,,12.3,30,5.0,210
35.648,-120.4174,302.8,2020-01-06,1903,54,285.3,D,,,,11.6,52,18.9,72
37.0611,-119.3931,306.5,2020-01-06,2041,61,282.5,D,,,,12.3,36,3.3,229
40.7788,-122.7003,300.2,2020-01-07,607,21,271.9,N,896.28759765625,89.9981460571289,125.54518127441406,-0.3,88,4.7,293
36.1514,-121.12,310.1,2020-01-07,2124,70,283.4,D,,,,15.6,45,2.5,172
40.8041,-122.6595,308.4,2020-01-07,2125,0,271.2,D,731.089599609375,89.99826049804688,29.361602783203125,6.5,57,4.7,157
38.2313,-120.5941,304.3,2020-01-07,2124,59,273.2,D,2155.2646484375,89.9974594116211,61.392208099365234,14.6,33,8.7,210
37.974,-120.0986,311.5,2020-01-07,2124,71,283.1,D,,,,11.9,31,9.2,169
37.0742,-119.3773,303.3,2020-01-08,1850,55,277.0,D,,,,6.2,52,7.1,229
34.3612,-118.9619,304.7,2020-01-08,1851,59,287.1,D,-32768.0,0.0,-0.0,13.5,47,3.6,143
35.5939,-120.3125,339.7,2020-01-08,1851,92,283.0,D,,,,8.0,74,4.3,270
37.9053,-120.037,334.3,2020-01-09,2112,0,276.2,D,,,,4.3,72,11.7,281
37.9142,-120.039,383.3,2020-01-09,2112,87,283.5,D,,,,4.2,72,11.7,281
37.943,-120.0277,317.1,2020-01-09,2112,59,272.0,D,,,,5.3,58,9.5,281
39.8293,-120.517,302.5,2020-01-09,2113,53,273.2,D,-7.9850921630859375,89.9681625366211,269.91802978515625,1.2,62,13.1,344
35.7377,-120.6237,300.0,2020-01-10,1839,20,285.2,D,,,,7.4,83,2.3,72
37.9222,-120.0217,308.7,2020-01-10,1838,67,282.3,D,,,,7.7,25,1.8,217
37.9149,-120.0228,308.9,2020-01-10,2155,68,283.4,D,,,,7.5,42,4.7,247
37.051,-119.2495,301.4,2020-01-10,1838,47,278.8,D,,,,3.1,69,5.2,214
34.7187,-118.3095,302.4,2020-01-11,2059,52,286.6,D,-32768.0,0.0,-0.0,11.8,47,28.9,253
34.7868,-118.5188,345.3,2020-01-11,2059,89,285.0,D,-32768.0,0.0,-0.0,9.9,49,36.3,263
34.7886,-118.5075,360.4,2020-01-11,2059,94,286.0,D,-32768.0,0.0,-0.0,9.9,49,36.3,263
34.7904,-118.4961,307.5,2020-01-11,2059,18,285.9,D,-32768.0,0.0,-0.0,9.9,49,36.3,263
35.6679,-120.9142,302.0,2020-01-12,2142,50,288.1,D,,,,11.3,54,13.1,344
35.6697,-120.8941,312.0,2020-01-12,2142,72,286.7,D,,,,11.0,47,13.4,5
34.4156,-118.7857,300.7,2020-01-13,2047,39,289.8,D,-32768.0,0.0,-0.0,13.9,50,8.1,225
37.1561,-120.6025,308.3,2020-01-13,2048,65,285.0,D,,,,13.2,59,7.4,321
38.7763,-120.5224,305.1,2020-01-13,2048,24,277.6,D,565.8943481445312,89.99817657470703,346.74713134765625,3.7,78,14.2,204
37.1635,-120.6248,328.3,2020-01-13,2048,86,286.8,D,,,,13.2,59,7.4,321
37.9872,-120.0244,332.1,2020-01-13,1909,88,283.2,D,,,,4.5,50,5.5,203
37.0397,-119.3476,302.2,2020-01-14,1814,51,280.1,D,,,,7.0,47,4.0,243
35.6467,-120.5809,304.8,2020-01-14,2130,60,287.8,D,,,,12.2,53,16.1,310
37.5293,-120.9059,300.3,2020-01-14,2130,29,287.4,D,,,,12.7,56,9.9,327
37.0418,-119.3803,316.6,2020-01-14,1814,72,279.3,D,,,,7.0,47,4.0,243
34.3623,-118.957,302.1,2020-01-15,1857,51,285.7,D,-32768.0,0.0,-0.0,14.0,39,3.8,107
37.3343,-119.3864,353.6,2020-01-15,2035,97,274.8,D,,,,6.6,26,3.7,299
35.6166,-120.3747,313.2,2020-01-15,1857,73,285.4,D,,,,8.3,63,16.1,80
35.754,-120.9805,304.0,2020-01-15,1857,0,283.9,D,,,,7.0,73,5.3,62
36.2261,-119.088,300.5,2020-01-16,2118,38,289.2,D,,,,15.1,39,12.8,148
36.2688,-119.1788,317.1,2020-01-16,2118,77,290.0,D,,,,15.2,39,12.8,148
36.4384,-119.4491,332.1,2020-01-16,2118,88,290.8,D,,,,14.1,52,20.4,134
36.439,-119.5978,306.8,2020-01-16,2118,64,288.8,D,,,,14.4,48,21.9,132
37.3294,-119.3773,314.1,2020-01-16,2118,47,273.7,D,,,,-0.3,87,7.5,235
36.6288,-120.5986,303.4,2020-01-17,1845,56,275.8,D,,,,9.1,74,6.1,298
36.6781,-120.6817,313.0,2020-01-17,1845,73,276.9,D,,,,8.9,65,4.0,270
36.4291,-119.5927,300.7,2020-01-18,2106,40,282.4,D,,,,11.3,57,5.7,342
37.9306,-119.9682,322.6,2020-01-21,1820,66,274.0,D,,,,6.4,66,2.1,121
35.3566,-118.9772,303.0,2020-01-22,1903,40,289.4,D,,,,15.3,50,2.4,117
35.6549,-120.5838,303.3,2020-01-22,1903,56,285.0,D,,,,13.0,80,3.7,119
36.3779,-120.1211,302.7,2020-01-22,1903,53,289.0,D,,,,15.3,60,2.1,149
36.047,-120.9497,303.9,2020-01-23,2124,47,292.6,D,,,,17.2,63,1.5,166
37.043,-119.3652,302.8,2020-01-23,2124,54,288.0,D,,,,13.1,61,5.8,240
35.6589,-120.7599,327.7,2020-01-23,2124,85,290.7,D,,,,15.1,67,6.4,43
34.1237,-117.9331,308.1,2020-01-24,1851,61,295.8,D,,,,18.3,43,7.2,183
37.9865,-120.0152,323.8,2020-01-24,1851,83,287.2,D,,,,9.9,62,4.0,80
36.6636,-121.2643,301.3,2020-01-24,1851,46,287.3,D,,,,14.8,73,3.4,328
34.2279,-118.0611,317.4,2020-01-24,1851,78,287.0,D,-32768.0,0.0,-0.0,11.1,42,3.3,186
37.0841,-119.3684,324.6,2020-01-24,1851,83,283.4,D,,,,12.8,52,2.9,263
34.7717,-118.4469,394.3,2020-01-27,2059,75,299.3,D,-32768.0,0.0,-0.0,14.8,44,10.1,88
37.8601,-119.9263,309.4,2020-01-27,2100,68,273.4,D,,,,12.0,59,9.7,270
37.8598,-119.9329,305.2,2020-01-27,1921,61,281.2,D,,,,12.7,47,4.7,293
34.7554,-118.4313,374.3,2020-01-27,2059,87,294.5,D,-32768.0,0.0,-0.0,14.8,44,10.1,88
34.7627,-118.4448,313.6,2020-01-27,2059,29,292.8,D,-32768.0,0.0,-0.0,14.7,44,10.1,88
35.839,-119.1905,307.2,2020-01-28,1827,65,286.4,D,,,,12.8,61,1.8,191
37.8339,-119.939,321.2,2020-01-28,2143,81,284.7,D,,,,9.3,46,8.3,268
37.8474,-119.9383,349.6,2020-01-28,2143,96,286.5,D,,,,10.3,47,8.3,268
37.0447,-120.2944,301.1,2020-01-28,2143,44,288.3,D,,,,15.3,60,11.2,312
37.8441,-119.946,348.2,2020-01-28,2143,95,286.9,D,,,,9.7,46,8.3,268
37.074,-119.4171,301.8,2020-01-29,2048,46,280.9,D,,,,9.5,43,6.6,261
39.676,-122.2391,310.4,2020-01-29,2048,37,282.2,D,1280.67236328125,89.99815368652344,170.0033721923828,15.4,51,14.2,344
39.6774,-122.2496,324.8,2020-01-29,1909,72,267.5,D,1275.6951904296875,89.97750854492188,314.8602294921875,14.0,57,15.3,345
38.791,-122.0105,301.7,2020-01-30,2131,48,290.1,D,2030.7178955078125,89.9980239868164,119.74681854248048,18.1,53,9.4,2
39.0117,-121.3976,303.2,2020-01-30,2131,55,290.1,D,537.6650390625,89.99754333496094,180.0118408203125,15.9,66,7.7,349
37.5224,-120.711,306.4,2020-01-30,2131,64,288.1,D,,,,14.7,71,7.6,295
38.1667,-121.2233,301.7,2020-01-30,2131,49,287.3,D,2222.49853515625,89.99857330322266,333.4346618652344,15.2,70,7.2,307
37.8696,-119.886,314.4,2020-01-30,2131,75,285.9,D,,,,12.8,60,8.5,258
37.0732,-119.251,315.0,2020-01-31,1857,75,280.2,D,,,,11.8,45,3.6,233
34.7667,-120.3019,306.0,2020-01-31,1858,62,291.3,D,0.0,0.0,-0.0,21.0,42,3.9,124
35.4881,-120.9711,303.0,2020-01-31,1858,54,285.7,D,,,,15.9,62,28.4,51
37.0714,-119.2398,325.4,2020-01-31,1857,84,279.1,D,,,,14.9,48,4.0,243
39.8211,-121.8715,300.1,2020-02-01,2119,25,286.8,D,280.8411865234375,89.99601745605469,269.9882202148437,14.2,79,8.6,165
36.6485,-119.4335,319.0,2020-02-03,1928,79,285.5,D,,,,6.7,49,4.7,302
36.93,-120.1654,301.4,2020-02-03,1928,46,283.7,D,,,,9.1,41,21.9,318
36.5741,-119.855,332.7,2020-02-03,2106,88,291.2,D,,,,11.1,30,18.6,324
36.4745,-119.8027,301.9,2020-02-04,2149,45,289.3,D,,,,11.0,27,5.6,15
36.5176,-119.6637,305.3,2020-02-04,1833,61,285.9,D,,,,6.8,45,4.1,315
36.5745,-119.6481,301.5,2020-02-04,1833,47,285.7,D,,,,6.9,46,4.8,312
38.739,-121.9586,305.1,2020-02-05,1915,61,288.8,D,2208.692138671875,89.99714660644531,79.69761657714844,11.5,45,6.2,7
38.8212,-120.6131,334.4,2020-02-05,2054,89,285.0,D,377.0194396972656,89.9977035522461,239.7420654296875,12.8,47,10.5,286
38.4914,-122.429,303.9,2020-02-05,1915,57,285.3,D,1308.104248046875,89.99591827392578,129.81027221679688,15.7,40,2.6,326
39.6274,-122.1133,308.3,2020-02-05,1915,67,285.1,D,1064.576171875,89.9976577758789,197.11289978027344,11.7,47,5.4,352
38.8001,-122.0037,311.8,2020-02-05,2054,72,289.7,D,2121.705322265625,89.99817657470703,203.63021850585935,15.2,39,7.8,13
37.5042,-119.7469,307.2,2020-02-06,2137,65,287.4,D,,,,10.5,53,4.0,280
39.8834,-122.0437,312.1,2020-02-06,2137,55,293.5,D,352.0245666503906,89.99760437011719,193.0050506591797,17.4,55,5.1,309
34.3597,-118.9679,306.9,2020-02-06,2136,36,294.4,D,-32768.0,0.0,-0.0,18.5,22,9.7,231
34.2679,-118.1897,317.2,2020-02-06,1821,77,288.2,D,-32768.0,0.0,-0.0,12.0,38,3.7,191
33.9623,-117.4136,320.0,2020-02-06,1821,78,291.6,D,,,,12.1,37,3.8,17
37.5072,-119.7561,315.3,2020-02-07,1903,76,287.4,D,,,,9.9,43,5.0,249
41.3812,-120.6212,304.2,2020-02-07,1902,53,280.9,D,0.0,0.0,-0.0,6.7,45,3.6,96
41.3805,-120.6264,306.7,2020-02-07,2043,64,285.1,D,5.944515228271484,89.9976577758789,216.0305328369141,8.4,40,2.9,60
36.5277,-120.1212,330.3,2020-02-07,1903,87,296.7,D,,,,15.9,37,0.8,153
38.7592,-122.1546,315.1,2020-02-08,2125,75,292.9,D,1886.870361328125,89.99923706054688,208.39285278320312,15.2,52,13.4,354
39.2565,-122.2123,303.1,2020-02-08,1946,55,290.9,D,1420.5191650390625,89.99227142333984,75.97486877441406,14.2,62,5.5,328
38.7608,-122.1425,321.8,2020-02-08,2125,81,294.1,D,1818.858642578125,89.99822998046875,180.00039672851562,15.3,52,13.4,354
35.6901,-120.6845,303.7,2020-02-09,1852,57,287.7,D,,,,10.2,56,8.2,337
35.2603,-118.9412,308.3,2020-02-09,1852,58,289.5,D,,,,12.6,59,5.8,330
35.0477,-118.8829,309.3,2020-02-09,1852,68,289.1,D,,,,10.4,69,1.6,243
35.3588,-118.9804,303.5,2020-02-09,1852,56,289.7,D,,,,12.1,61,6.0,327
37.198,-120.3312,304.5,2020-02-09,1851,59,289.3,D,,,,10.8,44,8.3,275
38.0406,-121.0442,307.2,2020-02-10,2112,65,295.6,D,1874.34033203125,34.7929801940918,198.43495178222656,18.0,35,14.9,345
37.655,-121.0906,317.4,2020-02-10,2112,78,295.1,D,,,,17.5,30,15.3,319
37.4094,-120.6921,305.4,2020-02-10,2112,48,294.1,D,,,,15.5,35,10.6,332
35.099,-119.2945,321.1,2020-02-10,2112,78,293.9,D,,,,17.1,19,6.2,291
37.2362,-120.2205,309.3,2020-02-10,2112,68,292.1,D,,,,15.8,34,11.5,316
40.6682,-120.7854,305.1,2020-02-11,1838,0,280.1,D,600.993408203125,89.99791717529297,191.30886840820312,3.9,46,4.2,149
39.1897,-123.1417,306.4,2020-02-11,2156,52,295.5,D,1241.977783203125,89.98873901367188,135.01922607421875,21.7,26,5.1,274
37.352,-120.8492,308.3,2020-02-11,1839,67,290.5,D,,,,11.5,46,3.6,315
41.9727,-121.8435,303.5,2020-02-11,2156,32,286.7,D,0.0,0.0,-0.0,11.8,33,7.6,295
41.8911,-121.8684,329.5,2020-02-12,2101,86,283.2,D,248.13333129882807,89.99913787841797,178.4547119140625,5.1,38,3.4,58
37.2776,-119.707,301.2,2020-02-12,2100,45,291.1,D,,,,13.8,36,5.9,218
41.6814,-121.9473,305.5,2020-02-12,2101,62,278.8,D,861.914794921875,89.99900817871094,262.8742980957031,7.8,39,7.0,12
33.6253,-117.358,306.4,2020-02-13,1828,49,289.0,D,,,,14.9,33,1.6,117
33.6246,-117.3643,315.2,2020-02-13,1828,73,290.0,D,,,,13.6,32,2.2,180
39.6223,-122.1131,308.6,2020-02-13,2144,48,293.8,D,1083.6046142578125,89.99840545654297,180.0091094970703,17.3,42,4.1,165
39.2517,-122.2038,310.1,2020-02-13,2143,69,296.2,D,1421.5162353515625,89.99453735351562,239.03543090820312,17.2,46,5.9,137
40.3819,-122.188,310.3,2020-02-13,1826,70,286.3,D,144.7150421142578,89.9962387084961,314.9951171875,10.6,59,4.7,351
39.35,-121.9776,305.3,2020-02-14,1909,61,287.6,D,1882.4962158203125,89.99848937988281,275.43414306640625,12.7,68,6.0,335
37.1617,-119.2908,334.3,2020-02-14,2048,77,284.4,D,,,,8.9,37,7.4,256
39.1099,-121.8639,306.6,2020-02-14,1909,64,276.3,D,1531.9346923828125,89.99468994140625,359.9848327636719,12.4,73,8.2,319
37.1674,-119.2919,301.4,2020-02-14,1910,46,281.3,D,,,,8.2,37,6.2,263
42.2721,-121.1023,306.8,2020-02-14,2049,61,280.8,D,0.0,0.0,-0.0,3.9,43,7.5,305
39.2737,-122.2409,318.6,2020-02-15,2131,79,293.6,D,1447.526611328125,89.97749328613281,314.9021301269531,17.7,49,4.6,141
39.6307,-122.1241,312.3,2020-02-15,2131,71,291.3,D,1088.589599609375,89.99791717529297,258.6864929199219,17.2,48,1.1,180
39.0236,-122.1273,301.5,2020-02-15,614,42,278.9,N,1613.7437744140625,89.99227905273438,194.04612731933597,9.0,71,4.9,197
38.7183,-121.7479,302.7,2020-02-15,2131,45,283.2,D,2230.505859375,89.99629211425781,54.46572113037109,16.5,61,2.2,351
39.5195,-122.1269,316.2,2020-02-15,2131,76,289.7,D,1624.2158203125,89.99476623535156,279.44287109375,17.4,48,4.4,125
36.7976,-119.5488,320.0,2020-02-16,1857,80,290.4,D,,,,15.8,56,4.4,235
37.4217,-119.8077,301.7,2020-02-16,1857,48,288.6,D,,,,14.1,49,5.8,266
38.4211,-120.9365,303.5,2020-02-16,1857,56,290.5,D,1858.5084228515625,89.98938751220703,180.0349578857422,12.1,62,9.4,180
39.2417,-123.0024,308.3,2020-02-17,1940,67,287.2,D,1318.8258056640625,89.99754333496094,292.61749267578125,15.4,23,2.5,8
39.237,-122.9808,315.3,2020-02-17,1940,76,288.4,D,1270.8411865234375,89.99524688720703,206.57391357421875,14.0,22,2.5,8
39.0045,-122.8398,304.3,2020-02-17,1940,53,290.7,D,1507.302978515625,89.99654388427734,319.39410400390625,16.3,34,7.9,43
38.8949,-120.551,352.5,2020-02-17,2119,97,298.0,D,236.3105926513672,89.99785614013672,160.3612823486328,14.6,14,9.0,2
39.2487,-122.9742,307.4,2020-02-17,1940,42,287.0,D,1064.8203125,89.99436950683594,135.00698852539062,15.6,23,2.5,8
37.5979,-121.2045,324.5,2020-02-18,1845,83,292.2,D,,,,14.3,21,11.1,331
39.4926,-122.6073,307.6,2020-02-18,2024,66,288.3,D,1496.1361083984375,89.96810913085938,90.01400756835938,12.4,28,7.0,78
35.9785,-121.1122,305.7,2020-02-18,1846,53,293.6,D,,,,13.5,35,2.4,117
39.8917,-121.1255,306.1,2020-02-19,2107,63,277.7,D,-18.423561096191406,89.97750091552734,135.053955078125,5.6,41,5.2,74
37.214,-120.2362,322.1,2020-02-19,2106,81,296.9,D,,,,18.4,35,5.0,291
38.9185,-122.7225,301.9,2020-02-19,1928,40,291.0,D,1661.3614501953125,89.97749328613281,225.0,12.1,37,8.9,58
38.9229,-122.7207,306.2,2020-02-19,2107,63,292.4,D,1661.357421875,89.98575592041016,116.57763671875,14.1,33,6.8,65
42.5416,-123.6145,311.3,2020-02-20,1832,71,273.5,D,0.0,0.0,-0.0,8.2,48,3.7,151
38.8721,-120.5707,305.4,2020-02-20,2150,52,291.5,D,309.5308532714844,89.99785614013672,70.35050201416016,13.1,29,12.6,211
34.2577,-116.8038,306.5,2020-02-20,1834,47,285.9,D,622.278564453125,89.99227142333984,75.96683502197266,7.9,35,10.3,115
42.5461,-123.6449,323.9,2020-02-20,2151,83,273.1,D,0.0,0.0,-0.0,12.6,37,4.3,114
34.2657,-118.1862,308.7,2020-02-20,1834,56,294.1,D,-32768.0,0.0,-0.0,16.3,26,13.6,163
41.675,-121.1343,339.7,2020-02-21,1915,92,288.1,D,156.57785034179688,89.99893951416016,201.45095825195312,9.0,35,5.5,148
42.5973,-122.6164,314.7,2020-02-21,1914,72,285.4,D,0.0,0.0,-0.0,9.3,44,3.7,259
42.1195,-124.2781,302.2,2020-02-21,2055,51,286.4,D,527.7291870117188,89.99817657470703,149.0463409423828,16.3,43,5.6,225
38.8601,-122.9986,306.9,2020-02-22,2137,54,294.1,D,1694.5491943359375,89.99604797363281,187.13169860839844,19.4,31,7.2,252
38.2462,-122.0963,310.3,2020-02-22,2137,69,294.0,D,1931.7352294921875,89.99720764160156,15.255171775817873,19.7,48,14.8,236
39.5633,-122.1116,366.1,2020-02-22,2137,100,306.4,D,1228.9266357421875,89.99760437011719,167.02029418945312,21.8,23,4.5,14
39.2339,-123.0135,317.3,2020-02-22,2137,72,294.0,D,1323.845458984375,89.99502563476562,231.34548950195312,17.8,32,11.5,270
41.7219,-122.5076,310.2,2020-02-22,2138,70,296.5,D,656.690185546875,89.9991455078125,15.521896362304688,13.0,37,2.3,39
39.7612,-122.1845,301.1,2020-02-23,1903,36,288.9,D,738.0394897460938,89.99906158447266,185.04733276367188,11.7,76,6.6,119
39.2891,-122.2499,315.3,2020-02-23,2042,68,288.8,D,1454.491455078125,89.9857406616211,63.43354797363281,13.3,71,3.6,360
40.3225,-122.8605,324.3,2020-02-23,525,100,284.7,N,451.1468811035156,89.99735260009766,94.77830505371094,11.9,35,20.5,281
37.0572,-119.9728,304.7,2020-02-23,1904,60,291.9,D,,,,15.2,57,6.3,329
36.4761,-119.2381,302.6,2020-02-23,1904,53,290.7,D,,,,15.4,67,0.8,153
40.1629,-122.3326,308.9,2020-02-24,2125,68,297.8,D,144.4464569091797,89.9956283569336,285.93096923828125,19.8,23,20.0,352
39.8533,-121.1789,317.2,2020-02-24,2125,77,279.5,D,76.75263214111328,89.9969482421875,196.6998443603516,7.7,31,8.0,10
39.6847,-122.3403,307.2,2020-02-24,2125,59,296.3,D,1495.8236083984375,89.99760437011719,346.9915466308594,21.4,15,22.4,354
38.9215,-122.0281,306.6,2020-02-25,1851,64,295.0,D,1620.66552734375,89.99654388427734,102.5335693359375,19.1,19,24.6,335
39.7543,-122.9244,307.6,2020-02-25,1851,65,284.4,D,1127.4559326171875,89.98574829101562,26.545454025268555,13.1,28,5.9,43
39.0128,-122.8674,304.3,2020-02-25,2030,0,292.8,D,1320.287841796875,89.99116516113281,326.2970275878906,22.2,28,2.3,39
35.2245,-118.196,310.1,2020-02-25,1852,49,294.1,D,,,,12.0,18,14.1,96
40.867,-120.2327,321.5,2020-02-26,2113,79,299.6,D,70.12162780761719,89.9945297241211,329.0175170898437,12.6,35,11.0,289
38.8949,-120.7748,348.4,2020-02-26,2113,95,296.3,D,413.27679443359375,89.98404693603516,90.07793426513672,19.0,35,10.0,232
39.536,-122.0776,344.2,2020-02-26,2113,93,306.6,D,1355.9747314453125,89.99642944335938,26.55245590209961,22.6,32,2.3,162
38.5104,-121.9411,320.5,2020-02-26,2113,77,301.3,D,1885.689697265625,89.9988021850586,192.99456787109372,22.0,36,2.6,74
39.2474,-122.9909,312.8,2020-02-27,1839,64,293.4,D,1086.8165283203125,89.99604797363281,262.877685546875,18.1,30,3.1,159
36.7458,-119.0426,314.4,2020-02-27,1839,73,289.5,D,,,,15.7,34,4.9,234
36.9998,-119.2358,313.6,2020-02-27,2155,74,286.8,D,,,,18.8,29,6.8,205
37.4218,-119.6694,309.6,2020-02-27,1839,65,293.5,D,,,,15.7,27,5.5,212
39.2342,-121.9248,305.1,2020-02-27,2156,34,292.4,D,1616.78125,89.99909210205078,181.63890075683597,23.7,24,6.8,360
40.5709,-122.4687,320.2,2020-02-28,1921,80,292.8,D,241.17942810058597,89.99581909179688,203.19317626953125,18.3,36,5.3,118
37.4363,-119.6511,324.2,2020-02-28,2100,82,292.4,D,,,,17.6,22,12.0,201
37.0173,-119.2547,334.5,2020-02-28,2100,78,298.0,D,,,,18.9,24,5.8,202
36.7396,-119.0266,323.9,2020-02-28,2100,66,290.3,D,,,,16.4,24,8.0,265
38.9002,-120.6169,301.2,2020-02-28,1922,37,269.6,D,226.5583953857422,89.99736022949219,294.4271850585937,16.0,24,14.5,203
38.5302,-121.8992,310.9,2020-02-29,2143,71,292.4,D,1793.6778564453125,89.99436950683594,135.00173950195312,20.5,25,5.0,150
36.616,-119.6016,305.7,2020-02-29,1827,50,282.0,D,,,,19.1,35,3.1,291
36.735,-121.6243,327.8,2020-02-29,2143,83,296.0,D,,,,13.3,61,23.4,267
38.525,-121.8931,310.7,2020-02-29,2143,70,292.9,D,1968.6773681640625,89.99893188476562,25.70984268188477,20.5,25,5.0,150
36.5016,-119.6033,310.4,2020-02-29,1827,58,293.7,D,,,,19.1,37,4.8,333
35.9993,-118.9527,323.4,2020-03-01,1910,82,290.9,D,,,,13.7,34,4.5,256
35.4473,-119.1886,319.8,2020-03-01,1910,78,295.8,D,,,,15.2,35,6.1,267
35.0746,-118.903,312.8,2020-03-01,2047,67,299.1,D,,,,15.3,35,5.1,309
36.7297,-120.1211,312.0,2020-03-01,2048,22,292.8,D,,,,15.6,31,1.1,288
36.9398,-120.1469,313.2,2020-03-01,1910,57,288.8,D,,,,13.9,40,5.8,292
36.6932,-120.0455,313.5,2020-03-02,2131,70,296.6,D,,,,17.9,17,13.3,341
36.5885,-119.537,307.2,2020-03-02,1815,63,291.5,D,,,,12.4,42,1.1,270
37.3545,-120.7914,314.2,2020-03-02,2131,74,300.9,D,,,,18.9,15,15.7,323
36.4697,-119.6742,313.8,2020-03-02,2131,67,299.0,D,,,,17.4,23,8.2,319
39.7467,-122.3732,319.4,2020-03-02,2131,52,297.7,D,1249.5499267578125,89.9964828491211,186.35862731933597,20.7,20,30.7,351
38.0819,-121.2298,339.0,2020-03-03,1857,91,300.1,D,1894.4825439453125,89.99726867675781,160.01715087890625,15.2,40,1.5,225
37.0242,-120.1925,363.9,2020-03-03,1858,100,298.4,D,,,,16.2,33,6.6,151
36.7858,-120.1454,329.3,2020-03-03,1858,85,300.6,D,,,,16.3,32,4.8,167
36.1854,-119.0476,326.9,2020-03-03,1858,82,296.2,D,,,,17.3,31,2.9,330
38.1103,-121.2352,312.7,2020-03-03,1857,70,300.0,D,2159.495361328125,89.99742126464844,75.96621704101562,15.0,41,1.9,248
39.633,-121.9804,322.9,2020-03-04,2119,70,303.6,D,1033.1412353515625,89.98578643798828,243.4237823486328,23.6,30,4.4,81
41.8539,-121.3768,315.5,2020-03-04,2120,59,304.2,D,0.0,0.0,-0.0,13.4,28,6.1,270
38.7518,-121.9607,322.4,2020-03-04,2119,78,304.1,D,2172.69287109375,89.9983139038086,237.99415588378903,23.7,25,5.1,352
39.6302,-122.2491,305.9,2020-03-05,1845,62,295.6,D,1499.959716796875,89.99884033203125,192.5344696044922,15.9,60,3.5,114
35.8941,-120.9208,306.8,2020-03-05,1846,60,288.7,D,,,,14.7,68,5.4,143
38.7874,-122.6185,311.9,2020-03-05,2202,51,296.9,D,1548.3526611328125,49.79817199707031,201.80142211914065,18.6,50,9.5,205
40.7818,-122.1521,304.3,2020-03-05,1844,38,290.4,D,974.6970825195312,89.9936294555664,90.00279235839844,16.5,38,5.8,202
36.6502,-119.3888,321.7,2020-03-05,1845,81,288.9,D,,,,19.6,39,3.5,156
38.8334,-120.473,326.4,2020-03-06,1928,84,290.1,D,318.3583068847656,89.98575592041016,333.3370056152344,15.0,37,19.3,207
37.0137,-119.2397,311.9,2020-03-06,2106,49,294.1,D,,,,17.8,38,9.6,193
38.857,-120.5695,340.6,2020-03-06,2107,92,295.3,D,478.616455078125,89.99687957763672,281.29315185546875,15.5,34,21.1,207
33.6089,-117.3372,318.5,2020-03-06,1929,59,289.6,D,,,,19.8,49,8.7,210
35.8938,-120.9085,320.8,2020-03-06,2106,73,303.4,D,,,,19.3,45,10.4,200
35.2136,-118.889,304.6,2020-03-07,1833,37,282.4,D,,,,13.5,60,6.0,197
35.0649,-118.8939,318.0,2020-03-08,1916,74,295.0,D,,,,16.3,40,7.6,335
35.0683,-118.8975,329.1,2020-03-08,2053,83,300.9,D,,,,17.8,34,10.2,321
35.8207,-119.1069,311.5,2020-03-08,1916,58,288.3,D,,,,16.7,39,3.2,243
35.7476,-119.3062,310.5,2020-03-08,1916,63,292.7,D,,,,17.6,35,6.0,163
39.6715,-122.3351,308.6,2020-03-09,2138,64,294.5,D,1609.8868408203125,89.99288177490234,296.536376953125,16.2,41,2.5,98
39.6485,-122.2053,332.8,2020-03-09,2138,88,294.2,D,879.7280883789062,89.99826049804688,314.989501953125,17.7,39,2.6,344
36.6126,-119.7038,303.2,2020-03-09,1821,45,276.5,D,,,,15.5,38,1.8,349
39.0439,-122.6256,313.1,2020-03-10,1903,71,293.2,D,2082.207763671875,89.99705505371094,326.3059997558594,17.9,28,13.3,38
38.0424,-120.112,309.9,2020-03-10,1903,69,287.2,D,1836.3602294921875,89.99762725830078,132.0037078857422,12.3,32,8.7,156
36.6489,-119.9532,308.0,2020-03-10,1904,58,277.4,D,,,,15.7,56,5.7,252
39.0205,-121.4021,317.7,2020-03-11,2125,74,298.6,D,804.6438598632812,89.99496459960938,198.4503326416016,20.4,48,5.8,180
40.1285,-122.2133,308.3,2020-03-11,2125,57,297.6,D,99.32074737548828,89.99227142333984,165.99403381347656,20.9,43,3.1,135
38.0669,-121.1795,307.8,2020-03-11,1946,64,291.0,D,1874.4385986328125,42.17518615722656,165.9637451171875,19.4,55,5.4,176
39.0839,-121.4718,335.5,2020-03-12,1851,89,297.9,D,889.6627197265625,89.98573303222656,63.4643669128418,17.5,52,9.8,324
39.8801,-122.1997,309.7,2020-03-12,1851,69,297.0,D,721.4246826171875,89.99591827392578,50.18771362304688,20.6,23,26.9,332
39.022,-121.3976,318.7,2020-03-12,1851,77,299.0,D,743.6161499023438,89.99705505371094,303.6713256835937,16.3,56,8.7,322
37.4725,-120.633,305.6,2020-03-12,1851,45,293.9,D,,,,18.0,56,9.9,316
39.3075,-121.6451,313.7,2020-03-12,1851,73,299.1,D,781.39599609375,89.99840545654297,2.8554275035858154,18.8,37,13.3,322
38.055,-119.9596,306.5,2020-03-13,555,68,276.8,N,,,,4.6,50,20.6,43
39.0161,-121.4058,310.5,2020-03-13,2113,63,298.6,D,616.6810302734375,89.99934387207031,109.18275451660156,20.0,41,21.0,168
39.2499,-122.9941,319.2,2020-03-13,1934,79,291.4,D,1078.810302734375,89.98938751220703,270.0046691894531,15.1,42,12.5,237
42.3194,-120.4492,312.0,2020-03-13,2114,71,285.3,D,-32768.0,0.0,-0.0,8.6,31,17.2,209
39.1784,-123.058,319.5,2020-03-13,2113,70,291.2,D,1420.9722900390625,89.99856567382812,54.16093826293945,15.5,51,15.0,246
35.2358,-118.7886,316.5,2020-03-14,1840,62,290.5,D,,,,16.0,58,6.6,351
36.7406,-120.3734,329.3,2020-03-14,1839,81,300.1,D,,,,17.4,44,9.3,196
36.7304,-120.3751,324.6,2020-03-14,1839,82,301.4,D,,,,17.4,44,9.3,196
36.639,-119.876,303.8,2020-03-17,1910,54,284.0,D,,,,11.2,61,5.8,187
35.0767,-118.9212,309.5,2020-03-17,2047,69,293.9,D,,,,12.5,49,9.7,358
34.993,-118.8823,303.2,2020-03-17,1910,50,289.8,D,-32768.0,0.0,-0.0,11.6,59,11.6,5
36.6416,-119.8902,304.6,2020-03-17,1910,56,284.0,D,,,,11.2,61,5.8,187
34.9899,-118.8903,305.7,2020-03-17,2047,60,292.0,D,-32768.0,0.0,-0.0,11.3,61,13.8,353
35.074,-118.9219,312.3,2020-03-18,2130,71,290.6,D,,,,14.5,38,3.4,32
37.0099,-120.159,312.2,2020-03-18,2131,70,291.9,D,,,,14.9,38,7.4,293
35.0798,-119.2021,311.2,2020-03-18,2130,49,293.9,D,,,,14.4,41,6.0,303
35.0757,-118.9044,308.5,2020-03-18,2130,58,292.5,D,,,,13.9,38,4.0,355
36.4717,-119.5694,302.4,2020-03-18,1815,52,288.5,D,,,,12.1,52,8.6,338
36.2405,-121.1138,310.9,2020-03-19,1858,71,291.0,D,,,,11.2,64,3.7,349
39.7042,-122.2718,361.2,2020-03-19,1857,100,289.7,D,1255.5867919921875,89.9980239868164,338.1871032714844,11.3,56,4.7,356
36.2494,-121.1119,308.4,2020-03-19,1858,62,293.2,D,,,,11.1,64,3.7,349
39.7026,-122.2593,326.2,2020-03-19,1857,84,288.7,D,1268.572509765625,89.99249267578125,135.03964233398438,11.3,56,4.7,356
38.1856,-121.2339,309.4,2020-03-19,1857,69,290.5,D,2106.515869140625,89.99755096435547,212.46856689453125,11.3,72,4.1,322
36.5208,-119.7569,317.2,2020-03-20,2118,75,293.2,D,,,,17.1,37,5.8,173
39.6747,-122.324,318.6,2020-03-20,2119,79,296.6,D,1592.8480224609375,89.99877166748047,359.9932861328125,17.1,37,3.0,14
36.2416,-119.2821,349.6,2020-03-20,2118,95,296.9,D,,,,17.3,40,2.4,297
41.9968,-122.5871,321.9,2020-03-20,2120,81,296.2,D,346.909912109375,89.99881744384766,164.9355010986328,10.5,34,6.4,128
36.4618,-119.4199,304.3,2020-03-20,1940,59,289.6,D,,,,16.1,45,1.8,270
35.4725,-119.1039,320.7,2020-03-21,1846,78,295.4,D,,,,15.4,59,5.2,254
39.6961,-122.2554,313.4,2020-03-21,1845,33,291.8,D,1275.60107421875,89.996826171875,185.727294921875,15.1,38,4.7,9
39.7076,-122.2657,328.7,2020-03-21,2024,86,294.4,D,1282.5570068359375,89.9937515258789,191.3411407470703,19.2,29,0.8,27
39.2727,-121.4682,319.4,2020-03-22,2107,78,297.3,D,639.7774658203125,89.99654388427734,102.5489273071289,19.4,43,4.4,305
39.2826,-121.4777,306.6,2020-03-22,1927,64,293.7,D,844.7787475585938,89.99468994140625,180.0244903564453,17.2,51,8.9,310
39.7218,-122.2682,306.0,2020-03-22,549,67,281.4,N,1225.482421875,89.9937515258789,348.6526794433594,12.9,57,12.0,141
39.359,-122.9463,327.7,2020-03-23,2150,61,283.0,D,1139.555908203125,89.99287414550781,153.4517364501953,9.8,63,13.7,256
39.8588,-119.7267,301.2,2020-03-25,2138,19,283.6,D,,,,2.9,56,13.2,281
39.6467,-122.2083,328.2,2020-03-26,2043,85,293.5,D,903.7479248046876,89.99917602539062,337.375,15.0,27,6.7,16
41.369,-120.0934,303.9,2020-03-26,1902,54,282.6,D,0.0,0.0,-0.0,-2.6,81,4.8,42
39.3358,-123.2233,300.5,2020-03-26,1903,19,289.0,D,1467.7392578125,89.99834442138672,158.75257873535156,11.7,44,7.8,292
39.6468,-122.1959,324.1,2020-03-26,1903,83,293.7,D,1060.7113037109375,89.99726867675781,300.9493713378906,13.5,32,8.4,10
39.6566,-122.1995,314.4,2020-03-26,1903,55,293.8,D,968.6658935546876,89.9992904663086,321.3358154296875,13.6,32,10.2,10
39.0407,-121.7079,313.3,2020-03-27,2125,69,297.6,D,1598.70361328125,89.99250030517578,225.0,16.9,39,12.4,144
39.0245,-121.3642,323.7,2020-03-27,2125,82,292.6,D,762.4552001953125,89.99654388427734,347.4515991210937,15.4,46,15.1,162
39.0297,-121.3668,301.7,2020-03-27,1946,49,285.9,D,770.44091796875,89.98873901367188,135.07342529296875,13.7,57,12.1,168
35.7349,-119.2548,311.0,2020-03-28,1852,71,277.5,D,,,,12.2,54,5.1,262
35.726,-119.2567,313.0,2020-03-28,1852,73,277.1,D,,,,12.2,54,5.1,262
34.0963,-117.3899,312.8,2020-03-28,1852,65,299.3,D,,,,12.4,58,3.8,229
34.0455,-117.5512,315.9,2020-03-28,1852,60,300.5,D,,,,13.4,56,4.2,239
36.9375,-120.2024,310.4,2020-03-30,1839,62,291.2,D,,,,16.5,58,7.0,305
34.9938,-118.8611,325.2,2020-03-30,1839,79,296.4,D,-32768.0,0.0,-0.0,15.0,64,4.9,17
35.7359,-119.3438,314.4,2020-03-30,1839,56,296.9,D,,,,17.1,44,4.4,325
36.7274,-119.4405,308.7,2020-03-31,1922,60,294.5,D,,,,17.4,61,1.4,180
39.6954,-121.8209,308.3,2020-03-31,1921,29,293.7,D,334.2507019042969,89.99288177490234,206.5858612060547,17.9,60,14.5,145
37.7018,-120.7589,331.7,2020-03-31,2100,86,298.0,D,,,,19.8,57,15.4,327
37.6984,-120.7482,317.0,2020-03-31,1922,76,291.7,D,,,,17.4,63,13.6,323
39.6981,-121.8356,313.5,2020-03-31,1921,72,293.9,D,410.287841796875,89.99845123291016,75.96704864501953,17.9,60,14.5,145
37.7011,-120.7528,311.3,2020-04-01,2143,65,294.3,D,,,,17.3,36,15.4,323
36.7297,-119.628,309.8,2020-04-01,1827,41,294.9,D,,,,16.7,53,14.6,310
37.6953,-120.7467,312.0,2020-04-01,1826,68,291.3,D,,,,14.1,50,14.5,316
38.7236,-121.9923,310.7,2020-04-01,2143,50,299.6,D,1553.7222900390625,89.9986572265625,345.3788452148437,18.6,18,11.1,347
36.2056,-119.1555,311.5,2020-04-02,2048,56,300.2,D,,,,16.9,35,4.5,256
36.535,-119.5658,327.6,2020-04-02,1910,84,299.9,D,,,,16.3,30,10.2,309
37.5396,-119.8401,301.4,2020-04-02,1909,25,289.1,D,,,,12.6,33,10.2,262
36.2026,-119.1716,314.5,2020-04-02,2048,66,296.7,D,,,,17.3,33,5.8,330
38.0845,-120.7867,303.2,2020-04-02,2048,48,292.6,D,2356.98046875,89.96819305419922,180.0419464111328,13.3,42,17.8,317
39.5203,-121.863,326.0,2020-04-03,2131,83,303.7,D,801.2930297851562,89.99826049804688,292.37042236328125,19.7,17,5.9,317
39.6636,-122.3128,313.1,2020-04-03,2131,35,301.2,D,1682.888916015625,89.99886322021484,353.87811279296875,19.5,16,4.6,321
38.4407,-120.4919,309.0,2020-04-03,2131,55,288.4,D,1166.8819580078125,89.99790954589844,121.62052917480467,12.9,40,10.2,252
41.9911,-121.4991,357.7,2020-04-03,2132,99,304.1,D,0.0,0.0,-0.0,7.1,27,8.9,243
38.7981,-121.6971,318.1,2020-04-03,2131,59,304.9,D,1720.2855224609375,89.99851989746094,213.69097900390625,19.6,23,4.3,355
36.5664,-119.9598,308.9,2020-04-04,1857,36,293.9,D,,,,16.5,41,4.3,294
35.8971,-120.9087,329.0,2020-04-04,1858,83,297.2,D,,,,13.8,56,6.7,324
35.7344,-120.6242,310.6,2020-04-04,1858,50,297.3,D,,,,13.7,53,12.6,301
39.7034,-122.2755,328.2,2020-04-06,1844,47,284.9,D,1255.598876953125,89.99808502197266,147.27577209472656,11.9,49,3.1,339
37.2863,-120.8048,309.4,2020-04-07,2106,41,296.9,D,,,,16.8,47,5.9,346
39.6526,-122.2121,324.9,2020-04-07,1927,83,293.4,D,901.7265625,89.99817657470703,149.0476531982422,16.3,51,1.8,307
37.3157,-120.7392,314.5,2020-04-07,2106,65,293.4,D,,,,16.8,47,5.9,346
37.3266,-120.7298,313.1,2020-04-07,2106,52,293.6,D,,,,17.0,48,5.8,330
42.1225,-121.208,309.1,2020-04-07,550,76,272.9,N,0.0,0.0,-0.0,2.5,78,7.6,25
41.8825,-121.4317,358.4,2020-04-08,2151,99,304.9,D,0.0,0.0,-0.0,17.9,25,18.2,81
41.8862,-121.4367,350.3,2020-04-08,2151,96,304.0,D,0.0,0.0,-0.0,17.9,25,18.2,81
41.9124,-121.4712,316.8,2020-04-08,2151,0,304.3,D,0.0,0.0,-0.0,18.2,24,15.9,84
41.8881,-121.405,333.9,2020-04-08,2151,87,304.9,D,0.0,0.0,-0.0,17.8,25,20.6,74
39.707,-122.2844,342.7,2020-04-10,2138,92,306.2,D,1229.5955810546875,89.98577880859375,243.4447326660156,22.8,37,2.3,18
39.7082,-122.2714,310.3,2020-04-10,1820,47,293.8,D,1244.56298828125,89.99771118164062,291.0290832519531,19.0,47,7.8,347
36.8692,-120.1561,312.4,2020-04-11,2042,67,290.2,D,,,,20.4,47,4.1,322
39.7173,-122.1785,314.6,2020-04-11,1903,49,297.7,D,685.266845703125,89.99867248535156,355.2286376953125,21.1,47,2.6,124
37.8129,-121.1703,323.4,2020-04-11,1903,80,295.4,D,,,,18.0,57,6.5,264
39.1192,-121.614,317.3,2020-04-11,1903,61,298.2,D,1208.062255859375,89.99654388427734,167.48805236816406,19.0,55,7.3,169
37.6973,-120.7082,310.1,2020-04-13,1851,62,295.6,D,,,,16.5,61,12.5,309
40.0789,-123.2857,315.6,2020-04-13,2209,64,291.6,D,1104.134765625,89.99453735351562,149.04302978515625,19.0,19,11.8,31
38.5587,-121.9438,318.9,2020-04-13,1851,76,300.2,D,1918.687744140625,89.99738311767578,189.46214294433597,18.9,52,12.1,12
40.0773,-123.2776,317.9,2020-04-13,1850,77,296.7,D,1068.1148681640625,89.9887466430664,224.98252868652344,15.8,24,13.0,56
38.1202,-121.131,318.9,2020-04-13,1851,76,297.2,D,1874.3974609375,47.69084167480469,180.0,16.6,66,6.3,294
39.6486,-122.1984,323.2,2020-04-14,1933,81,302.0,D,986.707763671875,89.9962387084961,314.9775695800781,24.5,10,18.4,358
38.4775,-122.4059,321.5,2020-04-14,2113,60,309.7,D,1227.07421875,89.9681396484375,359.9930114746094,25.3,15,11.9,358
39.6393,-122.1965,318.2,2020-04-14,2113,54,307.0,D,1212.7550048828125,89.9962387084961,314.97784423828125,26.9,8,14.4,359
35.7586,-119.3819,315.7,2020-04-15,1839,53,302.0,D,,,,21.6,42,2.3,252
39.0236,-121.3676,310.5,2020-04-15,1838,26,286.0,D,798.47412109375,89.9936294555664,306.8290710449219,19.8,43,6.5,174
36.6115,-119.3706,315.8,2020-04-15,1839,56,302.8,D,,,,21.4,38,4.5,194
36.2777,-119.2114,330.1,2020-04-15,1839,82,300.1,D,,,,21.3,40,4.1,195
36.2762,-119.1986,316.6,2020-04-15,1839,65,300.1,D,,,,21.3,40,4.1,195
41.9134,-121.3486,324.6,2020-04-16,1920,81,302.2,D,0.0,0.0,-0.0,12.3,21,15.1,93
37.0694,-119.3737,306.2,2020-04-16,1922,45,291.5,D,,,,17.4,46,6.1,230
38.806,-121.989,321.3,2020-04-16,2101,76,307.9,D,2073.683349609375,89.99874877929688,30.579591751098636,28.2,18,4.6,72
39.0164,-121.354,314.3,2020-04-16,1921,48,302.1,D,810.4483032226562,89.99757385253906,8.736214637756348,21.1,48,5.1,225
39.0175,-121.3541,315.6,2020-04-17,2144,72,297.4,D,804.4441528320312,89.99714660644531,333.41705322265625,21.8,52,15.1,155
39.7052,-122.2809,331.0,2020-04-17,1826,86,299.3,D,1286.5980224609375,89.99844360351562,316.96636962890625,23.0,13,8.7,17
39.0157,-121.3769,322.3,2020-04-17,2144,81,299.2,D,793.5536499023438,89.9990463256836,306.52276611328125,22.7,45,13.7,150
39.2863,-121.988,326.6,2020-04-17,2144,71,304.5,D,781.8085327148438,89.99935913085938,97.97224426269533,25.8,25,6.9,137
39.2882,-121.9668,322.0,2020-04-17,2144,56,303.8,D,1045.7227783203125,89.998779296875,223.45278930664065,25.8,25,6.9,137
39.6031,-121.8091,306.4,2020-04-18,1909,33,283.9,D,665.6697998046875,89.9956283569336,195.962158203125,20.3,40,10.8,159
39.2276,-122.0155,342.8,2020-04-18,1909,80,295.6,D,826.0965576171875,89.9992904663086,116.00552368164062,20.4,37,7.9,177
37.7482,-121.4127,315.1,2020-04-18,1909,60,297.5,D,,,,16.7,59,6.4,333
42.6743,-122.0323,311.8,2020-04-19,2132,59,299.0,D,0.0,0.0,-0.0,13.3,34,15.9,193
39.2236,-122.0203,312.9,2020-04-19,1952,73,288.4,D,714.11669921875,89.99871826171875,87.71234893798828,21.6,35,5.9,256
37.7897,-120.9895,310.6,2020-04-19,2131,31,294.4,D,,,,21.4,40,5.9,259
40.8716,-121.0312,320.8,2020-04-21,2119,75,304.8,D,373.4658203125,65.54267883300781,192.99462890625,16.7,39,10.5,319
35.0899,-118.8335,322.8,2020-04-21,2118,37,305.0,D,,,,21.2,33,2.6,16
39.2427,-121.8932,319.7,2020-04-21,1939,78,300.5,D,1617.64794921875,89.99806213378906,255.95851135253903,23.2,32,6.8,328
37.9955,-121.0282,315.7,2020-04-22,1845,53,298.9,D,,,,19.1,58,6.0,303
36.2412,-119.0932,337.1,2020-04-22,1845,87,301.5,D,,,,20.9,54,4.3,222
34.0124,-117.5372,323.2,2020-04-22,1846,31,308.4,D,,,,23.2,40,9.7,255
39.3556,-122.1507,303.4,2020-04-22,1844,38,275.7,D,1639.969482421875,89.9977035522461,329.7326965332031,24.2,36,3.1,111
35.8382,-119.1824,312.3,2020-04-23,1928,37,297.7,D,,,,25.1,44,9.5,323
35.261,-118.8883,327.8,2020-04-23,2106,66,308.7,D,,,,28.8,31,7.9,317
36.178,-121.1241,320.1,2020-04-23,2106,66,303.5,D,,,,28.3,38,22.9,318
36.6365,-119.3156,315.2,2020-04-23,1928,49,298.2,D,,,,23.3,57,4.1,308
36.1261,-119.039,321.4,2020-04-24,1833,66,302.8,D,,,,24.4,39,5.4,200
40.463,-122.8133,336.4,2020-04-24,2150,89,296.5,D,560.8320922851562,89.99789428710938,97.60712432861328,22.2,35,15.6,304
40.4645,-122.8122,309.3,2020-04-24,1832,40,291.8,D,623.8250122070312,89.99888610839844,36.47276306152344,19.1,38,14.5,305
35.2642,-118.8941,320.9,2020-04-25,1916,43,306.7,D,,,,31.5,23,3.8,287
35.0771,-118.8343,321.3,2020-04-25,1916,39,307.7,D,,,,28.4,28,2.1,301
35.26,-118.874,324.9,2020-04-25,1916,65,305.3,D,,,,31.4,23,3.8,287
38.9037,-122.9324,315.1,2020-04-26,2137,58,299.5,D,1685.45263671875,89.98408508300781,269.9930114746094,23.4,28,14.5,300
38.8968,-122.9255,312.6,2020-04-26,2137,30,300.3,D,1696.460205078125,89.98576354980469,206.57904052734372,23.8,29,15.5,292
36.6539,-119.4584,334.4,2020-04-27,1903,85,305.8,D,,,,25.3,28,9.1,326
39.1644,-121.5384,331.5,2020-04-27,1903,85,302.1,D,1033.579345703125,89.99739074707031,145.0232696533203,28.1,21,8.9,328
35.7555,-119.1073,324.5,2020-04-27,1903,69,304.2,D,,,,26.4,20,11.9,335
35.2767,-118.8588,320.3,2020-04-27,1904,24,305.3,D,,,,27.4,25,8.0,297
39.2412,-121.4672,329.1,2020-04-28,2125,70,315.0,D,778.91796875,89.99581909179688,113.22518157958984,33.7,21,7.1,319
36.1477,-120.1666,328.5,2020-04-28,1808,75,302.9,D,,,,27.7,32,11.2,354
36.1369,-120.1616,334.9,2020-04-28,1808,83,301.3,D,,,,27.7,32,11.2,354
36.4374,-120.957,323.2,2020-04-28,2124,61,308.5,D,,,,29.4,26,9.0,16
38.2461,-120.5832,314.4,2020-04-29,1851,75,284.5,D,2098.196044921875,89.9985122680664,201.8035888671875,24.6,46,9.2,201
37.2367,-119.3634,319.6,2020-04-30,2112,41,301.2,D,,,,21.3,35,9.8,253
35.8839,-120.8695,314.5,2020-04-30,1934,57,304.2,D,,,,27.6,24,19.6,324
39.0073,-122.831,335.1,2020-04-30,1933,83,302.4,D,1564.298095703125,89.99755096435547,4.394426345825195,20.6,30,19.4,280
41.8278,-121.5304,335.0,2020-05-01,1837,86,306.6,D,0.0,0.0,-0.0,15.3,23,5.2,295
41.9094,-121.4253,326.4,2020-05-01,1837,75,303.6,D,0.0,0.0,-0.0,15.0,25,6.4,254
41.8998,-121.4556,324.0,2020-05-01,2019,60,303.2,D,0.0,0.0,-0.0,17.7,23,7.8,257
38.6122,-120.5921,309.5,2020-05-02,1921,58,291.1,D,997.2365112304688,89.99720764160156,164.7650909423828,17.3,43,12.7,241
38.098,-121.3221,314.9,2020-05-02,1921,71,298.1,D,1891.5196533203125,89.99549865722656,351.8717041015625,21.7,48,15.9,276
38.6133,-120.5864,311.1,2020-05-02,1921,63,290.5,D,981.205322265625,89.99734497070312,85.24563598632812,17.1,43,12.7,241
36.5175,-119.4336,322.4,2020-05-02,2100,59,309.2,D,,,,28.1,22,10.2,312
38.6605,-121.385,322.1,2020-05-04,1909,65,309.2,D,1749.9493408203125,89.9983139038086,161.57052612304688,24.3,29,6.9,317
38.1289,-121.2499,321.0,2020-05-04,1909,52,307.1,D,2366.515625,89.99663543701172,341.56597900390625,24.2,31,8.6,327
37.7462,-121.4123,322.0,2020-05-04,1909,68,307.3,D,,,,25.3,23,10.1,333
36.5567,-119.293,319.6,2020-05-04,1909,49,306.9,D,,,,23.7,36,2.5,225
38.9384,-122.7409,324.9,2020-05-05,2131,74,305.5,D,1891.3564453125,89.99790954589844,121.6092300415039,25.1,24,12.7,285
36.714,-120.3809,323.8,2020-05-05,1814,59,309.1,D,,,,27.2,15,11.5,328
38.9371,-122.7176,310.0,2020-05-05,1951,51,297.5,D,1664.34521484375,89.98576354980469,153.44613647460938,23.4,23,9.4,302
35.5916,-119.2506,321.8,2020-05-05,1814,45,304.2,D,,,,26.2,16,6.5,304
39.6529,-122.1661,327.6,2020-05-06,1856,82,307.7,D,893.59033203125,89.99711608886719,95.20408630371094,24.2,14,24.3,339
36.3201,-119.9437,321.5,2020-05-06,2035,69,301.2,D,,,,27.9,17,14.8,334
35.9684,-118.9821,328.0,2020-05-06,1857,78,309.9,D,,,,22.8,38,3.9,248
36.3322,-119.9237,318.1,2020-05-06,2035,35,302.2,D,,,,27.9,17,13.0,341
39.6011,-121.8081,322.8,2020-05-07,2119,48,311.3,D,668.6753540039062,89.98993682861328,198.47129821777344,34.0,8,14.5,325
39.6005,-121.8102,315.5,2020-05-07,1939,53,304.3,D,676.6864013671875,89.99408721923828,248.18955993652344,30.5,10,16.1,318
39.068,-123.2817,356.5,2020-05-07,2119,98,302.5,D,1550.290283203125,89.99896240234375,13.132562637329102,27.5,12,8.7,294
39.0663,-123.2933,348.4,2020-05-07,2119,93,306.2,D,1617.306884765625,89.99604797363281,7.1187744140625,28.8,13,8.7,294
39.1704,-121.6102,325.2,2020-05-08,1844,77,305.4,D,1099.8402099609375,89.9984359741211,258.68524169921875,29.9,14,3.6,276
34.0409,-117.369,331.6,2020-05-08,1845,63,318.4,D,,,,30.3,27,8.4,263
34.0117,-117.5385,329.6,2020-05-08,1845,62,316.3,D,,,,30.6,27,8.0,265
38.2752,-121.2435,331.4,2020-05-09,2106,81,313.9,D,2424.50927734375,89.9976577758789,107.1078643798828,30.5,23,10.2,252
38.2733,-121.2555,329.5,2020-05-09,2106,80,311.5,D,2479.524658203125,89.99774169921875,8.127304077148438,30.5,23,10.2,252
38.3815,-121.9616,323.8,2020-05-09,2106,50,312.6,D,1837.6746826171875,89.99754333496094,337.38043212890625,28.7,27,19.6,216
39.0504,-123.3058,317.8,2020-05-09,2107,46,301.6,D,1571.351806640625,89.99774169921875,98.13317108154295,29.7,20,9.2,239
37.716,-121.0367,327.5,2020-05-11,1915,80,304.0,D,,,,26.5,13,12.7,155
34.038,-117.3762,333.7,2020-05-11,2053,77,313.5,D,,,,24.7,38,11.1,257
34.0105,-117.5431,328.9,2020-05-11,2053,41,312.0,D,,,,25.9,32,14.0,270
34.1313,-116.3499,330.7,2020-05-11,1916,80,312.2,D,558.208251953125,89.98406982421875,269.9982604980469,26.7,14,24.4,226
34.5612,-117.4018,330.5,2020-05-11,2053,58,316.6,D,,,,25.5,26,24.9,185
35.556,-119.6183,325.3,2020-05-12,2136,60,304.9,D,,,,25.5,26,13.4,294
35.819,-119.1335,342.9,2020-05-13,1903,89,304.7,D,,,,22.5,31,9.4,302
36.6961,-120.0866,316.9,2020-05-13,2042,43,302.4,D,,,,24.1,21,10.2,312
36.4574,-120.927,317.1,2020-05-13,1903,50,297.5,D,,,,16.6,28,9.9,327
36.7005,-120.0804,343.8,2020-05-13,1903,91,302.1,D,,,,22.6,26,9.2,312
34.9966,-118.8749,335.9,2020-05-13,1904,85,306.1,D,-32768.0,0.0,-0.0,20.5,38,11.3,343
36.2113,-119.0285,327.5,2020-05-14,2124,69,306.6,D,,,,25.3,28,9.6,326
34.2135,-116.9846,365.4,2020-05-14,2124,100,299.7,D,355.3434143066406,89.9893798828125,90.00407409667969,13.8,48,11.3,248
34.2151,-116.9677,336.8,2020-05-14,2124,85,293.6,D,381.3355407714844,89.99249267578125,44.9970817565918,13.2,48,11.3,248
34.3864,-118.8386,327.5,2020-05-15,1851,67,310.2,D,-32768.0,0.0,-0.0,25.9,30,4.4,351
37.4059,-120.4965,327.3,2020-05-15,2030,75,298.4,D,,,,24.5,36,13.5,331
34.2214,-116.9761,323.1,2020-05-15,1851,65,299.4,D,376.3328857421875,89.98407745361328,359.9851379394531,15.8,34,6.6,299
38.2632,-120.3055,322.8,2020-05-16,2112,72,294.6,D,1560.174560546875,89.9964370727539,153.4594268798828,19.8,34,12.2,227
34.2293,-116.9736,347.4,2020-05-17,1839,93,302.2,D,389.324951171875,89.98407745361328,359.98602294921875,16.0,30,14.3,223
36.2792,-119.217,327.1,2020-05-17,1839,74,304.8,D,,,,26.4,33,7.0,201
38.5632,-121.9441,309.5,2020-05-18,1921,69,293.5,D,1870.6876220703125,89.99227142333984,165.96580505371094,19.0,47,14.7,208
38.5532,-121.9471,307.5,2020-05-18,1921,60,292.7,D,1933.6890869140625,89.99861145019531,-0.0,19.1,47,14.7,208
38.5582,-121.954,321.4,2020-05-18,2100,81,286.3,D,1876.691162109375,89.99591827392578,129.80624389648438,20.2,38,14.8,221
33.8158,-117.4385,321.4,2020-05-19,1827,56,303.8,D,,,,17.9,37,8.6,268
34.1211,-119.137,319.1,2020-05-20,1910,45,298.5,D,0.0,0.0,-0.0,18.9,54,11.2,222
38.1259,-121.2507,321.7,2020-05-20,1909,46,304.2,D,2380.5146484375,89.99795532226562,320.1945495605469,23.4,31,0.5,225
38.974,-121.445,323.1,2020-05-20,1909,78,299.9,D,1109.0306396484375,89.99453735351562,239.02720642089844,20.5,48,7.3,200
34.9941,-118.8847,331.5,2020-05-20,1910,80,308.0,D,-32768.0,0.0,-0.0,19.9,47,9.5,351
37.5759,-120.6825,316.6,2020-05-20,1909,61,301.3,D,,,,22.0,39,1.8,360
39.0136,-121.3783,313.2,2020-05-21,1951,66,298.4,D,751.5704956054688,89.99823760986328,6.332812786102295,23.9,46,2.4,207
39.1096,-121.8955,320.7,2020-05-21,2131,72,304.6,D,1408.026611328125,89.99711608886719,84.81301879882812,29.2,24,7.3,169
35.8294,-119.0758,326.3,2020-05-21,1814,69,305.7,D,,,,23.9,37,4.3,270
39.0239,-121.3805,312.6,2020-05-21,1951,61,299.0,D,706.5311279296875,89.9990463256836,72.64871215820312,23.5,48,4.3,228
34.2211,-116.9929,330.1,2020-05-21,2130,72,295.6,D,346.3389892578125,89.98575592041016,116.57553100585938,16.1,35,12.1,253
35.9258,-119.0948,321.9,2020-05-22,1857,28,306.7,D,,,,25.9,35,8.1,328
36.2318,-119.1032,326.4,2020-05-22,1857,65,306.6,D,,,,24.9,40,6.1,315
35.8511,-120.7571,339.8,2020-05-22,1857,86,309.5,D,,,,23.1,26,14.5,316
36.696,-120.0485,318.8,2020-05-22,1857,56,300.0,D,,,,25.1,25,13.2,313
36.2337,-119.1147,345.1,2020-05-22,1857,91,307.3,D,,,,24.9,40,6.1,315
38.2573,-121.5436,327.3,2020-05-23,2119,67,316.2,D,2010.6488037109373,89.99790954589844,203.19943237304688,29.5,11,10.8,323
37.9499,-121.3627,321.8,2020-05-23,2119,33,309.9,D,,,,30.4,9,12.8,322
38.2589,-121.5322,335.0,2020-05-23,2119,80,310.6,D,1979.649169921875,89.99785614013672,317.7262878417969,29.5,11,10.8,323
36.7912,-118.6264,320.3,2020-05-24,1845,39,298.2,D,,,,17.7,35,6.3,283
38.3909,-121.4025,332.6,2020-05-24,1844,83,312.7,D,2257.5,89.9980239868164,201.80206298828125,25.8,33,4.1,15
34.0401,-117.3685,329.5,2020-05-24,1845,73,313.7,D,,,,22.0,48,8.1,238
36.7899,-118.6076,326.5,2020-05-25,2106,56,305.1,D,,,,24.3,37,7.0,282
37.9051,-121.2511,333.7,2020-05-25,2106,58,316.9,D,,,,36.1,17,5.4,290
38.3261,-121.3087,325.8,2020-05-25,1927,45,310.9,D,2184.48583984375,89.99735260009766,311.63037109375,30.0,32,2.1,149
36.781,-118.6058,333.3,2020-05-25,2106,75,301.1,D,,,,19.6,35,7.0,282
35.9326,-121.1145,329.9,2020-05-26,1833,59,313.0,D,,,,33.4,20,3.4,162
39.0159,-121.3987,334.8,2020-05-27,1915,83,311.1,D,670.650146484375,89.99921417236328,149.0412139892578,34.2,32,6.1,183
37.6804,-121.5207,340.7,2020-05-27,1915,86,324.9,D,,,,34.3,22,11.2,268
37.678,-121.5071,339.0,2020-05-27,1915,82,326.0,D,,,,36.1,19,13.2,325
37.3059,-120.9971,330.8,2020-05-27,2054,59,317.7,D,,,,40.3,15,5.9,11
35.8364,-120.7842,314.7,2020-05-28,618,90,293.9,N,,,,21.1,50,8.7,142
36.6617,-120.1295,307.8,2020-05-28,619,73,296.9,N,,,,30.6,31,12.9,300
39.6594,-121.8142,324.4,2020-05-28,2137,51,312.4,D,273.4065856933594,89.99626922607422,110.57504272460938,38.8,16,11.7,135
35.8379,-120.7722,308.1,2020-05-28,618,73,293.8,N,,,,21.1,50,8.7,142
36.1318,-119.1501,329.2,2020-05-29,1903,70,313.0,D,,,,32.2,24,4.8,297
37.6091,-120.7111,323.4,2020-05-29,1903,52,305.9,D,,,,29.1,33,2.4,333
35.3945,-119.1889,337.7,2020-05-29,1903,62,312.1,D,,,,33.5,25,10.0,345
39.0513,-121.5546,341.9,2020-05-30,2125,86,302.2,D,1142.1312255859375,89.9937515258789,191.33253479003903,24.0,45,12.5,147
38.9889,-121.455,323.0,2020-06-01,2113,44,304.2,D,1238.0167236328125,89.99803924560547,349.37158203125,27.3,38,1.9,68
38.9856,-121.4778,332.6,2020-06-01,2113,82,305.1,D,1192.128173828125,89.9964599609375,180.01243591308594,27.3,38,1.9,68
35.4558,-120.5417,331.3,2020-06-01,2112,72,309.0,D,,,,24.1,43,12.3,273
38.996,-122.0147,317.6,2020-06-01,1933,57,301.7,D,1249.6033935546875,89.99690246582031,209.05316162109372,27.8,30,6.2,97
38.5096,-121.4728,356.7,2020-06-02,637,100,291.1,N,2109.491943359375,89.99909210205078,345.17120361328125,21.8,54,11.2,230
38.5078,-121.4944,305.4,2020-06-02,637,64,288.7,N,2029.529052734375,89.99502563476562,38.65690612792969,21.9,54,11.2,230
35.6737,-119.2798,319.2,2020-06-02,1839,63,278.7,D,,,,29.2,29,4.1,345
38.9888,-121.4563,324.3,2020-06-03,1921,57,308.2,D,1178.022705078125,89.9989013671875,354.0892944335937,32.8,32,1.0,45
35.461,-120.5626,304.9,2020-06-03,542,62,272.8,N,,,,19.2,65,6.2,201
39.3174,-121.6577,323.0,2020-06-03,1921,60,310.8,D,1033.4044189453125,89.99549865722656,135.02796936035156,34.9,25,1.0,135
38.2281,-122.0425,312.3,2020-06-04,625,85,291.8,N,1991.6943359375,89.99601745605469,269.99737548828125,22.4,48,15.0,259
35.9146,-119.085,325.1,2020-06-05,2047,71,307.6,D,,,,27.1,33,9.3,306
38.1419,-121.7753,319.6,2020-06-05,2048,55,302.7,D,1517.591064453125,89.97748565673828,315.0,23.5,38,26.7,238
37.8006,-121.2867,323.4,2020-06-05,1909,53,307.1,D,,,,29.4,21,14.1,276
35.9252,-119.0881,327.3,2020-06-05,2047,75,305.3,D,,,,27.0,34,6.9,298
35.9877,-121.3283,316.4,2020-06-07,2035,49,299.1,D,,,,19.0,31,5.9,11
36.2633,-121.0983,330.0,2020-06-07,2035,82,301.5,D,,,,21.7,22,20.9,324
38.4779,-121.9989,308.9,2020-06-07,656,57,285.0,N,1728.6956787109375,89.99468994140625,0.0011657092254608,14.4,51,20.4,278
33.6309,-117.3837,346.8,2020-06-08,2117,92,308.8,D,,,,25.4,11,13.0,39
37.9499,-121.366,319.6,2020-06-08,2119,49,307.6,D,,,,28.1,10,20.4,319
37.4964,-121.2281,332.4,2020-06-08,1940,85,304.4,D,,,,23.4,14,25.3,334
33.4313,-117.4385,332.4,2020-06-09,1846,65,316.1,D,,,,30.4,8,8.0,126
35.9687,-121.3013,336.3,2020-06-09,1845,46,313.7,D,,,,25.9,11,12.3,40
33.4005,-117.4781,329.9,2020-06-09,1846,62,315.5,D,,,,29.1,20,12.7,241
35.9671,-121.2878,334.8,2020-06-09,1845,31,316.6,D,,,,25.9,11,12.3,40
38.2877,-120.2925,333.0,2020-06-10,1002,100,280.3,N,1517.98095703125,89.99832916259766,353.9804992675781,10.0,59,15.5,46
33.4469,-117.4501,306.8,2020-06-10,547,26,292.7,N,,,,23.3,12,9.0,360
35.9619,-121.308,350.0,2020-06-10,1928,86,315.3,D,,,,32.1,17,11.2,48
35.0301,-118.8908,343.2,2020-06-11,1833,85,319.3,D,,,,32.5,15,5.9,322
38.2821,-120.3047,327.9,2020-06-11,631,100,288.9,N,1449.059326171875,89.9980239868164,21.793289184570312,11.2,76,8.7,45
38.2869,-120.2988,341.7,2020-06-11,631,100,289.8,N,1495.009521484375,89.99502563476562,321.3055725097656,11.1,76,8.7,45
35.9022,-121.2276,327.3,2020-06-11,1833,14,312.8,D,,,,26.0,37,4.3,265
38.2838,-120.2844,314.9,2020-06-11,631,90,288.2,N,1503.974365234375,89.99754333496094,112.63360595703124,11.1,76,8.7,45
38.5883,-121.131,315.6,2020-06-12,2054,52,272.4,D,1379.476318359375,89.99919891357422,148.30276489257812,23.0,38,23.0,229
38.5799,-121.1384,357.7,2020-06-12,2054,99,277.5,D,1509.5352783203125,89.99903106689453,305.1292724609375,23.0,38,23.0,229
35.3659,-120.069,358.6,2020-06-12,2053,99,315.6,D,,,,25.9,26,20.6,237
38.5854,-121.1467,315.7,2020-06-12,2054,56,275.2,D,1507.5406494140625,89.99808502197266,57.26575469970703,23.0,38,23.0,229
35.0264,-118.8836,323.1,2020-06-13,1821,54,303.8,D,,,,21.4,37,8.4,317
37.35,-120.0947,325.0,2020-06-13,2137,62,309.0,D,,,,22.8,27,14.7,301
35.8338,-119.088,323.2,2020-06-13,1820,53,305.0,D,,,,22.0,32,6.2,350
37.3553,-120.0996,329.6,2020-06-13,1820,81,303.6,D,,,,19.1,44,16.5,306
37.4111,-121.1075,331.1,2020-06-14,1903,72,310.8,D,,,,27.1,28,11.3,343
37.544,-119.0513,327.6,2020-06-15,2124,81,292.5,D,,,,18.1,41,18.7,218
35.833,-119.088,322.9,2020-06-15,1808,30,303.0,D,,,,28.5,29,7.1,319
35.8287,-119.0807,322.6,2020-06-15,1808,28,304.0,D,,,,28.4,29,7.1,319
38.1892,-120.6882,328.7,2020-06-16,1850,78,305.8,D,1856.600830078125,89.99832916259766,312.87371826171875,19.7,55,8.0,280
38.1908,-120.7003,326.4,2020-06-16,1850,75,305.1,D,1861.6259765625,89.99787902832031,183.8179168701172,19.7,55,8.0,280
35.0215,-118.9006,339.9,2020-06-16,1851,84,311.3,D,,,,25.9,20,5.7,305
36.4152,-120.975,328.5,2020-06-16,2029,75,303.3,D,,,,22.9,26,15.1,308
36.404,-121.0092,346.4,2020-06-16,2207,93,306.0,D,,,,26.0,24,17.7,299
38.0639,-120.7027,316.5,2020-06-17,1009,92,288.8,N,2357.8857421875,68.68155670166016,239.0362548828125,13.2,52,10.7,340
34.1812,-117.4435,338.4,2020-06-17,2111,68,306.8,D,,,,24.6,44,10.8,195
35.9304,-121.2451,334.9,2020-06-17,1934,75,312.4,D,,,,27.8,13,11.3,27
39.8129,-120.2177,327.7,2020-06-18,2156,76,307.5,D,-11.636293411254885,89.9681625366211,269.96295166015625,22.7,18,12.7,97
38.9504,-121.5343,331.6,2020-06-19,1921,81,311.8,D,1022.4505615234376,89.99785614013672,317.7168273925781,33.1,21,6.9,171
35.1264,-118.6078,328.8,2020-06-19,1922,63,308.0,D,,,,27.3,21,10.8,291
38.9476,-121.519,325.9,2020-06-19,1921,66,308.2,D,1051.414794921875,89.99923706054688,1.3614825010299685,33.1,21,6.9,171
37.9438,-121.1691,323.8,2020-06-21,1909,34,308.8,D,,,,31.7,32,10.9,287
37.8055,-121.2806,327.7,2020-06-21,1909,63,308.5,D,,,,32.5,30,13.2,292
34.7656,-118.5559,335.4,2020-06-21,2047,70,320.1,D,-32768.0,0.0,-0.0,32.4,15,19.6,276
36.5404,-119.1683,337.2,2020-06-22,2130,76,314.2,D,,,,36.3,22,1.8,191
36.5501,-119.1755,355.0,2020-06-22,2130,96,315.4,D,,,,34.5,25,2.8,220
36.5662,-119.1756,304.9,2020-06-22,1027,62,293.2,N,,,,22.7,43,1.5,45
35.997,-120.8482,375.2,2020-06-22,2130,100,322.1,D,,,,35.5,23,10.5,186
37.9391,-121.17,327.7,2020-06-23,1857,49,314.0,D,,,,28.1,39,7.9,309
38.8711,-119.5391,378.7,2020-06-24,2119,100,310.1,D,,,,27.3,23,18.4,272
37.1628,-120.2146,309.4,2020-06-24,600,77,296.4,N,,,,28.2,38,14.2,300
37.1662,-120.2146,332.4,2020-06-24,1015,100,293.8,N,,,,24.4,42,14.2,297
38.8624,-119.5402,302.0,2020-06-25,644,46,285.8,N,,,,17.4,54,4.7,328
38.2717,-118.9639,359.4,2020-06-26,1927,99,306.6,D,,,,20.6,28,15.9,13
38.2766,-118.9652,337.1,2020-06-26,2106,81,316.2,D,,,,22.3,23,16.2,12
38.2735,-118.9877,355.0,2020-06-26,2106,97,317.2,D,,,,22.3,23,16.2,12
34.9243,-120.463,329.1,2020-06-26,1928,79,300.8,D,0.0,0.0,-0.0,23.5,56,8.6,255
38.2768,-118.968,359.1,2020-06-26,1927,99,308.1,D,,,,20.5,27,15.9,13
39.5733,-119.9386,356.5,2020-06-27,2150,98,300.2,D,,,,25.3,15,23.8,238
39.5905,-119.8992,353.9,2020-06-27,2150,73,291.8,D,,,,28.0,15,22.2,243
39.5754,-119.8988,459.8,2020-06-27,2150,75,317.0,D,,,,27.5,15,23.8,238
39.6106,-119.8909,317.7,2020-06-28,536,74,285.3,N,,,,20.2,31,11.3,248
39.6118,-119.8768,344.1,2020-06-28,536,100,285.9,N,,,,22.9,22,9.3,257
37.0371,-121.1746,337.8,2020-06-28,2054,86,305.0,D,,,,16.4,61,29.5,237
37.04,-121.1589,351.9,2020-06-28,2054,72,305.5,D,,,,22.9,35,35.4,245
37.0499,-121.1856,328.2,2020-06-28,2054,73,302.9,D,,,,18.2,55,38.2,240
37.4011,-121.0578,325.1,2020-06-29,2137,67,311.2,D,,,,31.3,15,16.9,326
36.3869,-119.1953,331.6,2020-06-30,1903,77,311.3,D,,,,31.6,20,2.1,301
35.8444,-119.2272,332.2,2020-06-30,1903,72,311.8,D,,,,31.6,19,6.8,302
39.1804,-121.6288,322.7,2020-06-30,2042,37,306.9,D,1191.874267578125,89.98575592041016,333.359375,33.4,17,6.2,216
34.9175,-120.5002,340.3,2020-06-30,2041,84,300.3,D,0.0,0.0,-0.0,23.8,47,12.6,273
39.1697,-121.624,341.7,2020-07-01,2125,88,316.0,D,1176.8966064453125,89.99227905273438,194.05845642089844,35.9,13,7.6,211
35.3262,-118.8139,337.1,2020-07-01,2124,69,321.4,D,,,,35.8,14,7.6,329
35.3246,-118.8283,343.7,2020-07-01,2124,86,322.4,D,,,,35.9,14,7.6,329
39.2585,-121.67,333.0,2020-07-02,1850,81,310.8,D,845.7324829101562,89.99897003173828,213.1801605224609,27.8,33,9.4,162
36.9747,-119.9376,335.3,2020-07-02,2029,55,315.3,D,,,,32.8,23,2.6,196
35.2875,-118.6735,306.5,2020-07-02,511,67,291.9,N,,,,25.7,22,4.0,10
37.8125,-121.5865,338.5,2020-07-02,1851,67,314.7,D,,,,24.7,42,7.0,249
35.3011,-118.6329,323.7,2020-07-02,511,100,291.9,N,,,,24.5,23,5.0,339
35.2564,-119.9445,333.1,2020-07-03,1934,79,314.1,D,,,,29.3,20,4.5,241
36.6981,-119.7833,300.8,2020-07-03,1009,34,290.1,N,,,,20.6,52,8.7,294
35.2612,-119.9435,356.1,2020-07-03,2112,97,324.1,D,,,,31.0,20,14.7,248
35.2596,-119.9543,348.1,2020-07-03,2112,90,322.9,D,,,,30.6,17,10.1,264
35.3741,-120.009,312.0,2020-07-05,541,63,293.8,N,,,,24.3,22,7.7,307
38.6083,-121.8231,303.6,2020-07-05,542,56,292.7,N,1852.6231689453125,89.99754333496094,292.61846923828125,28.8,23,9.6,257
37.0869,-121.1993,305.7,2020-07-05,542,65,293.8,N,,,,21.7,37,10.5,232
37.0191,-121.4231,327.6,2020-07-06,625,100,291.0,N,,,,14.8,69,5.4,184
38.0249,-122.2581,345.1,2020-07-06,2143,79,312.6,D,1209.9656982421875,89.98873901367188,135.01747131347656,27.1,30,15.9,264
38.0329,-122.2645,328.3,2020-07-06,2143,0,311.4,D,1218.97314453125,89.96819305419922,180.01397705078125,27.5,30,22.3,256
37.0131,-121.4767,315.7,2020-07-06,625,13,289.6,N,,,,15.2,79,4.7,189
38.8773,-119.5721,434.1,2020-07-07,1909,100,334.9,D,,,,24.7,9,11.6,286
38.8882,-119.5912,336.5,2020-07-07,944,80,292.3,N,,,,13.2,24,7.3,279
38.8379,-119.5908,361.9,2020-07-07,1909,100,314.9,D,,,,23.8,7,9.7,268
38.8285,-119.5216,361.8,2020-07-08,2131,95,317.8,D,,,,22.5,9,4.0,360
38.8234,-119.5452,329.2,2020-07-08,613,80,290.2,N,,,,13.6,26,3.9,292
38.8285,-119.5666,334.1,2020-07-08,1813,69,310.2,D,,,,20.8,14,1.1,90
38.8273,-119.5481,308.3,2020-07-08,1027,50,281.4,N,,,,13.7,25,5.5,293
38.8227,-119.5141,313.6,2020-07-08,613,47,286.8,N,,,,11.3,26,3.9,292
34.1689,-119.0904,333.2,2020-07-09,2035,64,306.0,D,0.0,0.0,-0.0,25.5,56,11.5,221
37.5827,-121.1343,324.9,2020-07-09,1857,41,311.3,D,,,,30.2,23,8.1,339
35.6868,-119.299,330.4,2020-07-09,1857,45,308.2,D,,,,33.3,20,3.6,323
36.7917,-120.2058,327.2,2020-07-09,1857,56,311.1,D,,,,31.7,21,7.6,329
36.079,-119.4206,334.8,2020-07-10,600,100,295.3,N,,,,29.0,17,7.6,341
36.0773,-119.4317,309.4,2020-07-10,600,77,294.4,N,,,,29.0,17,7.6,341
36.0807,-119.416,310.2,2020-07-10,1015,80,282.9,N,,,,23.2,35,9.5,349
34.3428,-118.7387,333.1,2020-07-11,1845,75,315.3,D,-32768.0,0.0,-0.0,33.8,10,6.2,187
34.3443,-118.7494,331.5,2020-07-11,1845,72,314.5,D,-32768.0,0.0,-0.0,33.8,10,6.2,187
37.1612,-119.4913,308.3,2020-07-12,1003,74,296.2,N,,,,21.9,33,11.8,40
37.1574,-119.5,319.4,2020-07-12,548,98,298.8,N,,,,26.5,26,6.1,40
38.9262,-122.6002,353.3,2020-07-12,2107,96,325.1,D,2051.287841796875,89.99720764160156,232.12481689453125,39.7,7,8.3,268
39.6007,-118.4804,344.2,2020-07-13,1832,71,318.9,D,,,,29.0,11,5.9,322
34.8614,-116.8077,331.5,2020-07-13,2010,66,315.0,D,914.426025390625,89.99227142333984,345.95635986328125,41.4,10,20.5,268
39.4247,-121.387,328.9,2020-07-13,2150,61,309.4,D,151.7022705078125,89.9936294555664,216.8750457763672,33.9,17,13.1,189
36.1684,-120.562,373.9,2020-07-14,2054,100,319.2,D,,,,28.1,27,11.5,229
36.1897,-120.589,430.6,2020-07-14,2054,100,313.1,D,,,,25.6,27,11.5,229
36.1865,-120.6059,342.7,2020-07-14,2054,84,306.6,D,,,,27.8,27,11.5,229
36.1888,-120.5779,330.3,2020-07-15,1820,29,315.4,D,,,,26.4,31,6.4,196
36.2017,-120.5492,305.1,2020-07-15,1033,36,290.8,N,,,,15.2,70,4.7,279
36.1677,-120.5888,350.2,2020-07-15,2136,93,318.7,D,,,,31.2,25,12.7,225
36.6617,-121.0038,369.4,2020-07-15,2137,100,313.5,D,,,,32.9,22,8.0,280
36.0965,-120.5127,308.9,2020-07-16,523,76,293.7,N,,,,20.4,48,15.5,248
36.1843,-120.6,351.1,2020-07-16,1903,94,315.7,D,,,,30.1,24,10.9,226
36.1953,-120.6099,355.2,2020-07-16,1903,97,310.9,D,,,,28.1,24,10.9,226
36.2047,-120.5425,304.3,2020-07-16,938,26,292.7,N,,,,21.9,39,5.8,300
36.0971,-120.5278,333.3,2020-07-16,2041,50,317.4,D,,,,35.1,18,1.6,63
36.2339,-120.6054,358.3,2020-07-17,2124,99,305.7,D,,,,31.3,26,12.0,224
36.2308,-120.5969,337.3,2020-07-17,606,100,298.8,N,,,,22.1,40,7.1,285
36.2325,-120.5861,331.1,2020-07-17,606,100,298.1,N,,,,25.4,33,5.8,270
38.4899,-122.0432,325.2,2020-07-17,607,100,296.4,N,1652.7247314453125,89.9681625366211,269.97900390625,19.8,60,12.2,251
36.1963,-120.5954,326.1,2020-07-18,2029,44,313.2,D,,,,30.2,20,11.0,212
36.2164,-120.5985,332.9,2020-07-18,2029,74,311.2,D,,,,33.7,17,9.9,161
36.1926,-120.6284,337.1,2020-07-18,2029,81,310.4,D,,,,32.2,20,11.0,212
36.2134,-120.6183,333.0,2020-07-19,554,100,297.6,N,,,,22.1,35,6.5,270
36.2236,-120.6583,463.7,2020-07-19,2112,100,338.7,D,,,,31.7,17,14.3,219
36.2179,-120.6342,335.5,2020-07-19,2112,69,312.6,D,,,,31.0,17,14.3,219
36.2245,-120.6295,311.7,2020-07-19,1009,18,295.0,N,,,,23.3,36,2.9,300
41.1658,-123.7083,336.3,2020-07-20,2156,85,304.5,D,1914.2958984375,89.99557495117188,236.3121032714844,32.6,30,12.5,288
40.4109,-120.8,384.0,2020-07-20,638,100,305.1,N,285.9491271972656,89.9985122680664,21.803203582763672,21.8,34,11.4,259
36.2002,-120.6465,344.9,2020-07-20,637,100,296.1,N,,,,21.2,44,5.9,259
40.4106,-120.8431,308.0,2020-07-20,913,56,288.2,N,526.0346069335938,89.99845123291016,219.09117126464844,17.6,43,8.3,265
40.4074,-120.767,337.9,2020-07-20,2156,78,297.7,D,240.88177490234372,89.99811553955078,0.0009257521596737,34.2,13,7.2,87
41.0578,-120.7857,386.1,2020-07-21,1920,100,308.5,D,295.6649475097656,89.99839782714844,197.528076171875,29.6,16,3.5,114
41.063,-120.8267,350.5,2020-07-21,1920,94,299.5,D,449.7601013183594,89.99811553955078,359.9954833984375,29.8,16,3.5,114
41.0768,-120.814,365.7,2020-07-21,543,100,289.7,N,172.69342041015625,89.99711608886719,5.188192844390869,22.4,28,14.4,274
40.4068,-120.8161,313.0,2020-07-21,956,86,290.9,N,304.97918701171875,89.99808502197266,212.7323303222656,18.5,49,7.5,253
41.0941,-120.8645,320.2,2020-07-21,543,94,290.4,N,381.7898559570313,89.99805450439453,307.5616455078125,23.3,29,11.6,248
41.3542,-121.0689,322.3,2020-07-22,1825,57,298.5,D,363.6853942871094,89.9988021850586,214.2884979248047,29.1,28,4.0,207
41.3572,-121.0992,351.7,2020-07-22,2144,96,301.7,D,677.7570190429688,89.99642944335938,26.55858039855957,29.5,22,5.6,285
41.3562,-121.0996,318.3,2020-07-22,1825,38,298.4,D,646.7622680664062,89.998291015625,15.519769668579102,28.7,29,3.1,216
36.3625,-119.0895,337.5,2020-07-23,1909,83,307.2,D,,,,30.9,25,5.0,249
41.3544,-121.0701,334.3,2020-07-23,1908,76,305.8,D,404.6874694824219,89.99909973144531,215.9107818603516,27.7,25,9.3,234
38.3966,-121.5421,328.6,2020-07-23,1909,78,305.8,D,1958.604248046875,89.9986572265625,22.248859405517575,27.3,36,12.3,218
36.7631,-119.5649,327.1,2020-07-23,1909,71,307.7,D,,,,30.5,27,2.9,180
36.3596,-119.0742,330.0,2020-07-23,1909,73,308.2,D,,,,30.9,25,5.0,249
41.673,-121.444,336.7,2020-07-24,1026,100,293.7,N,117.3604507446289,89.99897766113281,172.65194702148438,17.2,46,12.8,328
41.664,-121.4307,392.4,2020-07-24,614,100,302.5,N,264.37213134765625,89.99785614013672,19.647050857543945,20.5,38,18.4,312
41.0245,-120.7466,415.9,2020-07-24,614,100,307.1,N,323.64605712890625,89.99876403808594,54.46373748779297,17.3,41,14.4,302
41.6622,-121.5138,326.3,2020-07-25,519,100,290.4,N,191.5277404785156,89.99870300292969,345.9585266113281,17.0,29,11.5,290
41.6385,-121.4565,328.6,2020-07-25,657,100,289.3,N,206.52362060546875,89.99903869628906,327.26055908203125,18.1,29,13.8,277
41.0065,-120.7304,320.0,2020-07-25,519,100,290.7,N,275.6405944824219,89.99681091308594,36.869266510009766,19.3,30,15.3,300
41.629,-121.4728,311.6,2020-07-26,602,65,289.5,N,238.59385681152344,89.9990005493164,1.785985231399536,19.8,39,6.6,299
41.6696,-121.5182,392.2,2020-07-26,2120,100,319.9,D,200.50282287597656,89.99690246582031,299.0458984375,29.8,14,5.3,118
41.71,-121.4226,381.8,2020-07-26,2120,100,333.7,D,28.168081283569336,89.99835968017578,214.51217651367188,32.9,13,0.8,243
41.6731,-121.5263,372.0,2020-07-26,1939,100,305.5,D,236.4982147216797,89.99877166748047,67.3794937133789,27.8,17,7.8,77
41.6702,-121.4396,365.4,2020-07-26,2120,100,331.2,D,52.363548278808594,89.99703979492188,248.1976623535156,32.7,13,1.8,281
41.6625,-121.5473,338.1,2020-07-27,1843,77,298.2,D,53.561466217041016,89.99883270263672,190.49571228027344,26.5,27,5.8,356
41.7125,-121.4646,332.0,2020-07-27,1843,52,304.8,D,255.24282836914065,89.99761962890625,206.57147216796875,29.1,22,6.8,32
41.8191,-121.5127,365.2,2020-07-27,1843,94,300.0,D,0.0,0.0,-0.0,29.6,23,5.0,21
41.785,-121.5,362.0,2020-07-27,1843,100,302.3,D,-9.988628387451172,89.9887466430664,314.9515075683594,29.4,23,5.0,21
38.2711,-120.5112,352.3,2020-07-28,2106,95,316.6,D,1444.8729248046875,89.99896240234375,305.7481689453125,33.2,20,13.7,268
41.662,-121.551,308.1,2020-07-28,549,44,279.4,N,190.56768798828125,89.99869537353516,55.00617599487305,18.5,57,2.3,162
41.1653,-123.39,323.5,2020-07-28,1002,100,290.4,N,1342.0028076171875,89.99884796142578,295.6381225585937,14.9,56,2.3,231
35.9945,-117.5054,336.2,2020-07-29,2149,78,319.3,D,,,,30.9,7,14.1,199
41.8007,-121.5529,337.7,2020-07-29,2150,52,322.5,D,0.0,0.0,-0.0,33.4,10,16.1,222
41.6961,-121.4687,338.3,2020-07-29,2150,54,318.2,D,174.31637573242188,89.99817657470703,156.37875366210938,32.3,11,14.4,180
41.161,-123.4146,338.5,2020-07-29,2150,87,303.7,D,1875.0462646484373,89.9974594116211,151.3989715576172,26.9,16,7.8,257
35.2967,-120.0287,307.7,2020-07-29,630,72,293.1,N,,,,23.3,43,4.8,318
41.7016,-121.5144,368.4,2020-07-30,2055,100,320.9,D,83.37265014648438,89.99845123291016,219.09751892089844,31.0,9,6.4,207
35.9913,-117.4904,349.7,2020-07-30,535,100,296.0,N,,,,25.7,21,4.5,241
41.6871,-121.4821,338.0,2020-07-30,1914,80,320.6,D,92.37893676757812,89.9956283569336,254.05108642578125,30.0,9,18.8,177
41.1939,-123.4434,337.5,2020-07-30,1914,88,300.8,D,1756.9700927734375,89.99700164794922,131.19581604003906,29.1,10,7.1,204
41.7025,-121.5082,307.9,2020-07-30,537,16,291.2,N,86.36264038085938,89.9982681274414,192.5350646972656,22.7,20,13.3,232
41.7506,-121.5146,303.2,2020-07-31,620,54,291.5,N,86.17979431152344,89.9937515258789,281.2974853515625,22.6,19,11.4,235
41.1535,-123.3995,300.9,2020-07-31,620,33,287.1,N,1635.053955078125,89.99915313720703,118.61285400390624,18.1,35,3.0,194
42.5027,-122.7021,324.6,2020-07-31,620,100,297.1,N,0.0,0.0,-0.0,20.7,58,5.2,326
41.1922,-123.4576,311.6,2020-07-31,620,83,292.7,N,1591.9931640625,89.99817657470703,246.37083435058597,18.1,43,3.3,96
33.997,-116.9185,391.1,2020-08-01,2041,100,313.0,D,705.4534301757812,89.99496459960938,18.42900276184082,35.4,8,17.3,249
33.9992,-116.9328,316.1,2020-08-01,939,50,297.7,N,635.4713134765625,89.96819305419922,269.9476013183594,24.8,29,6.1,310
33.9795,-116.9197,321.2,2020-08-01,939,100,297.0,N,685.4862670898438,89.99475860595703,350.526611328125,24.6,30,5.8,22
33.9958,-116.9685,308.9,2020-08-01,523,55,296.8,N,603.533447265625,89.99496459960938,198.44195556640625,25.8,31,4.7,4
33.9824,-116.9658,311.7,2020-08-01,523,72,297.5,N,664.5560302734375,89.99662017822266,237.9936370849609,26.8,31,4.7,4
34.0351,-116.838,337.5,2020-08-02,605,100,300.1,N,788.3176879882812,89.99629211425781,234.458251953125,21.1,9,13.5,295
34.0424,-116.9013,337.0,2020-08-02,1022,100,296.1,N,749.3994140625,89.99629211425781,54.46510696411133,20.0,10,6.8,335
37.0744,-120.4663,308.7,2020-08-02,606,75,293.9,N,,,,26.1,34,11.5,284
34.0554,-116.8038,362.4,2020-08-02,1022,100,300.7,N,601.2716064453125,89.98992919921875,288.42340087890625,19.4,4,13.2,299
39.8346,-119.9522,352.0,2020-08-03,650,100,292.0,N,,,,20.6,24,11.9,275
39.8817,-120.0065,309.5,2020-08-03,925,78,286.4,N,-1.8986263275146484,51.39313507080078,191.06350708007807,17.2,41,5.6,255
39.833,-119.97,311.9,2020-08-03,512,84,289.5,N,,,,21.3,20,16.9,272
34.0792,-116.8254,370.3,2020-08-03,927,100,303.1,N,562.2955932617188,89.98575592041016,296.55035400390625,13.3,8,10.3,306
39.8723,-120.0015,368.6,2020-08-03,650,100,295.9,N,8.097537994384766,89.9681625366211,90.0387954711914,20.2,24,9.9,280
38.759,-121.6883,335.5,2020-08-04,2113,75,311.2,D,1866.3602294921875,89.99812316894531,86.63654327392578,35.0,25,8.4,173
41.1753,-123.443,303.3,2020-08-04,1008,54,288.5,N,1542.0321044921875,89.99848937988281,185.4451446533203,14.0,78,3.7,299
34.0762,-116.7459,304.4,2020-08-04,1009,38,294.1,N,605.2096557617188,89.99738311767578,170.53695678710938,19.2,20,15.3,289
34.0502,-116.9118,346.2,2020-08-04,553,100,298.0,N,777.408447265625,89.98575592041016,116.58602142333984,19.4,31,12.1,287
34.0177,-116.7816,312.5,2020-08-05,636,85,290.0,N,769.2393188476562,89.99654388427734,49.40269470214844,16.1,64,9.9,280
34.0454,-116.7787,327.1,2020-08-05,1839,39,307.3,D,733.2388305664062,89.9984359741211,348.6898193359375,24.5,24,13.5,261
41.2108,-123.4259,309.8,2020-08-05,638,78,287.2,N,1870.8912353515625,89.9937515258789,101.32069396972656,10.2,83,1.6,153
35.4714,-118.4999,357.8,2020-08-05,2155,98,307.1,D,,,,25.3,23,15.5,274
35.4734,-118.4567,345.9,2020-08-05,2155,91,300.3,D,,,,24.8,25,14.0,271
35.4333,-118.4345,303.6,2020-08-06,541,56,287.4,N,,,,16.5,44,4.6,315
35.4587,-118.4742,343.9,2020-08-06,541,100,295.8,N,,,,16.3,44,4.6,315
35.4468,-118.4201,390.2,2020-08-06,541,100,295.0,N,,,,14.2,46,5.1,315
41.1985,-123.4139,303.4,2020-08-07,626,55,283.8,N,1893.9176025390625,89.99851989746094,346.6023864746094,8.1,79,1.6,153
33.9898,-116.8036,473.4,2020-08-07,1827,100,337.4,D,770.2830200195312,89.98575592041016,63.448238372802734,23.1,23,12.1,243
33.9788,-116.7937,355.1,2020-08-07,1827,97,315.1,D,776.2792358398438,89.99629211425781,54.46492004394531,27.7,17,14.2,234
41.1673,-123.4099,318.8,2020-08-08,1908,52,305.7,D,1735.0198974609375,89.9991455078125,189.21365356445312,24.5,16,6.9,351
41.2087,-123.4438,310.8,2020-08-08,1908,45,293.1,D,2108.92138671875,89.99794006347656,255.06759643554688,25.7,16,8.6,338
39.1796,-121.6135,323.8,2020-08-08,1909,30,306.9,D,1183.8150634765625,89.99249267578125,314.9580383300781,33.2,28,6.9,208
41.2071,-123.4316,313.0,2020-08-08,1908,48,294.6,D,2015.9107666015625,89.99918365478516,142.25596618652344,23.9,15,8.6,338
41.1905,-123.4142,305.9,2020-08-09,1026,8,290.0,N,1931.9454345703125,89.99910736083984,43.87526321411133,12.0,61,5.0,180
41.1816,-123.5078,309.9,2020-08-09,614,79,293.2,N,1572.0865478515625,89.99925231933594,335.2225036621094,20.0,60,4.2,59
41.1751,-123.4934,340.8,2020-08-09,1026,100,295.2,N,1375.093505859375,89.99864196777344,309.80133056640625,19.0,56,4.5,61
41.1917,-123.5039,316.8,2020-08-09,614,94,293.9,N,1450.0509033203125,89.99906158447266,238.17349243164065,18.4,59,4.2,59
41.1884,-123.5237,314.5,2020-08-10,2215,20,301.5,D,1264.0792236328125,89.99407958984375,158.21859741210938,34.6,19,12.1,280
41.1718,-123.4744,312.4,2020-08-10,2215,30,297.8,D,1513.081787109375,89.99870300292969,281.7657470703125,33.0,18,12.1,280
41.1718,-123.5255,345.4,2020-08-10,2215,93,300.9,D,1271.1331787109375,89.99675750732422,156.04811096191406,31.0,20,14.2,279
41.1632,-123.5018,330.0,2020-08-10,1856,81,299.9,D,1567.1407470703125,89.99812316894531,220.2397003173828,29.6,20,6.6,311
41.1753,-123.4989,304.1,2020-08-10,931,59,293.0,N,1216.0992431640625,89.99854278564453,204.23146057128903,21.9,38,4.3,66
41.1726,-123.5189,322.8,2020-08-11,2119,67,300.8,D,1151.1251220703125,89.99954986572266,339.81280517578125,28.5,25,14.1,266
40.5542,-120.4682,333.4,2020-08-11,601,100,287.4,N,584.1564331054688,89.99613189697266,14.039226531982422,25.0,27,9.8,278
41.2007,-123.4397,308.7,2020-08-11,602,27,293.4,N,1891.9423828125,89.9990463256836,17.351348876953125,18.9,43,1.1,198
41.2065,-123.4311,312.5,2020-08-11,1014,56,292.1,N,1960.912841796875,89.99903106689453,160.4669647216797,14.1,48,2.5,172
33.3843,-117.4881,345.0,2020-08-12,1846,89,306.3,D,,,,25.2,50,12.8,280
34.9579,-119.4839,340.8,2020-08-12,1845,56,319.4,D,0.0,0.0,-0.0,28.5,20,13.4,36
34.9667,-119.4875,348.8,2020-08-12,1845,91,320.4,D,0.0,0.0,-0.0,28.4,20,13.4,36
40.8382,-119.634,345.3,2020-08-13,2107,89,321.2,D,,,,28.5,10,20.9,238
34.7019,-118.4947,350.9,2020-08-13,547,100,308.5,N,-32768.0,0.0,-0.0,23.4,20,5.4,200
34.648,-118.5457,351.1,2020-08-13,2105,61,303.6,D,-32768.0,0.0,-0.0,32.3,21,4.8,297
40.8278,-119.6074,326.5,2020-08-14,2012,55,308.9,D,,,,27.1,15,15.5,177
34.6836,-118.5427,339.3,2020-08-14,2148,75,305.5,D,-32768.0,0.0,-0.0,32.7,16,13.6,197
34.7065,-118.5146,321.7,2020-08-14,630,100,283.7,N,-32768.0,0.0,-0.0,23.7,39,16.5,316
41.2059,-123.4115,326.5,2020-08-15,1914,73,301.0,D,1971.889892578125,89.99883270263672,326.884765625,30.6,14,7.9,204
34.6562,-118.5789,453.9,2020-08-15,2053,100,326.4,D,-32768.0,0.0,-0.0,37.9,16,4.0,117
34.6981,-118.5305,306.4,2020-08-15,535,50,295.9,N,-32768.0,0.0,-0.0,24.9,36,6.9,317
39.689,-120.1184,488.3,2020-08-15,2055,87,321.1,D,-19.720779418945312,89.98576354980469,116.58154296875,30.4,16,12.4,216
35.4973,-120.8642,333.9,2020-08-15,2053,80,295.8,D,,,,32.8,38,9.7,248
37.8414,-121.7846,352.2,2020-08-16,1820,72,303.0,D,,,,32.8,30,5.9,79
41.172,-123.41,349.4,2020-08-16,620,100,293.2,N,1801.0037841796875,89.9988784790039,129.29269409179688,17.0,46,1.3,214
35.2962,-115.6149,305.7,2020-08-16,618,65,277.3,N,,,,30.2,18,16.0,306
37.4628,-121.7538,323.0,2020-08-16,1820,51,301.8,D,,,,33.5,26,8.7,265
41.178,-123.4354,320.1,2020-08-16,620,100,296.4,N,1429.013427734375,89.996826171875,174.30088806152344,19.8,47,1.3,214
37.8584,-121.795,309.5,2020-08-17,938,37,291.2,N,,,,26.3,43,7.0,258
37.457,-121.3856,353.2,2020-08-17,1903,95,312.4,D,,,,36.8,21,13.9,335
39.771,-122.6631,306.9,2020-08-17,525,44,286.4,N,1438.9306640625,89.99791717529297,168.6997528076172,22.1,50,4.0,260
39.6685,-120.1296,313.8,2020-08-17,938,81,284.3,N,-34.700496673583984,89.99116516113281,123.7000503540039,18.7,56,3.3,229
39.5052,-122.214,303.6,2020-08-17,938,56,289.5,N,1459.5574951171875,89.99906921386719,154.18472290039062,29.0,39,9.2,312
37.3621,-121.3432,373.5,2020-08-18,607,100,301.1,N,,,,31.5,29,18.7,320
37.4126,-121.3148,344.4,2020-08-18,607,100,293.3,N,,,,29.0,34,15.8,333
37.825,-121.7646,335.4,2020-08-18,607,100,298.9,N,,,,29.0,39,12.6,246
37.46,-121.7318,316.4,2020-08-18,607,48,296.3,N,,,,26.2,39,8.9,346
37.4402,-121.4385,313.9,2020-08-18,607,46,299.0,N,,,,30.6,32,18.6,313
39.7788,-122.6235,362.0,2020-08-19,1850,100,298.4,D,1205.8314208984375,89.99881744384766,355.758056640625,33.2,10,2.1,329
38.6693,-122.4119,347.7,2020-08-19,1850,81,296.0,D,1323.1171875,89.99604797363281,97.13006591796876,36.2,10,9.8,324
38.8022,-122.331,361.6,2020-08-19,1850,0,304.8,D,1595.0511474609375,89.99812316894531,49.76520538330078,36.6,12,17.4,304
38.4868,-122.1557,349.1,2020-08-19,1850,94,310.3,D,1972.7943115234373,89.96817779541016,180.0,38.4,9,5.6,45
38.6807,-122.5126,338.0,2020-08-19,1850,85,311.1,D,1627.24072265625,89.99778747558594,33.69167709350586,36.1,11,9.0,275
38.6817,-122.1572,324.1,2020-08-20,555,100,297.8,N,1788.8526611328125,89.99626922607422,110.55853271484376,30.1,14,8.4,263
37.4489,-121.3165,331.5,2020-08-20,2112,71,314.6,D,,,,35.8,8,14.5,23
37.1832,-121.2778,358.0,2020-08-20,554,100,302.6,N,,,,27.7,19,12.7,278
36.132,-121.6524,325.0,2020-08-20,554,100,292.7,N,,,,35.1,18,5.9,43
34.6561,-118.6471,316.0,2020-08-21,636,92,296.9,N,-32768.0,0.0,-0.0,24.8,30,7.0,348
37.2312,-121.4079,334.3,2020-08-21,637,100,298.2,N,,,,22.5,43,16.5,250
36.1403,-121.611,322.8,2020-08-21,1839,23,305.3,D,,,,31.8,14,6.2,190
38.6871,-123.0767,310.7,2020-08-21,638,72,292.1,N,1519.8841552734375,89.98873138427734,44.99649810791016,16.8,70,11.8,333
40.1305,-122.8166,306.9,2020-08-21,638,14,289.0,N,656.1709594726562,89.99837493896484,284.73553466796875,14.3,55,6.1,225
41.0654,-120.1665,490.5,2020-08-22,2101,100,400.1,D,0.0,0.0,-0.0,26.1,18,16.4,220
39.5309,-122.9111,335.3,2020-08-22,2101,66,307.1,D,956.102294921875,89.9936294555664,323.1133117675781,29.1,20,12.8,218
39.8008,-122.7084,324.9,2020-08-22,543,67,293.2,N,1587.88037109375,89.98938751220703,180.04196166992188,17.3,78,4.3,294
38.7105,-122.4079,349.7,2020-08-23,2143,94,314.8,D,1452.121826171875,89.99835968017578,281.886962890625,37.4,8,12.2,199
38.7411,-122.3699,332.5,2020-08-23,1826,82,302.6,D,1590.0869140625,89.99842071533203,290.2234802246094,32.4,18,8.7,156
40.0642,-122.7342,331.1,2020-08-23,2144,78,296.4,D,553.97412109375,89.98577117919922,243.4084014892578,30.1,14,6.0,197
39.596,-122.7873,308.3,2020-08-23,1039,43,291.5,N,1458.8016357421875,89.99842071533203,339.7691650390625,20.4,43,2.1,121
37.1432,-121.4066,368.9,2020-08-23,2143,100,295.6,D,,,,31.7,24,15.9,231
38.7704,-122.422,334.5,2020-08-24,2048,85,307.0,D,1571.1473388671875,89.9936294555664,143.1331787109375,35.6,23,10.4,166
39.9062,-122.8965,341.8,2020-08-24,1909,90,296.4,D,816.9887084960938,89.9937515258789,348.66961669921875,26.7,22,5.4,188
38.6845,-122.5811,358.8,2020-08-24,2048,99,303.8,D,1696.33251953125,89.99854278564453,133.15377807617188,31.7,21,7.9,196
40.1431,-123.0603,309.0,2020-08-25,613,59,290.2,N,1202.252197265625,89.99935913085938,169.5931854248047,19.1,39,3.8,73
39.8629,-122.8286,314.7,2020-08-25,613,81,291.7,N,1099.9251708984375,89.99877166748047,180.00404357910156,20.0,40,2.3,39
36.2298,-118.402,353.1,2020-08-25,612,100,301.1,N,,,,15.3,56,3.6,45
36.2195,-118.3842,333.9,2020-08-25,1814,76,305.2,D,,,,22.3,23,9.3,242
39.8063,-122.6817,316.2,2020-08-25,1026,75,291.8,N,1348.80908203125,89.9976577758789,287.095947265625,18.0,46,5.2,25
39.8758,-120.8009,302.3,2020-08-26,518,48,289.9,N,-18.24629020690918,89.97747039794922,45.0418815612793,18.2,60,3.0,166
41.0702,-120.1948,339.6,2020-08-26,2037,72,308.9,D,0.0,0.0,-0.0,22.3,31,16.2,212
36.1912,-118.3831,355.1,2020-08-26,2035,97,307.9,D,,,,27.3,24,10.2,231
39.9488,-122.934,311.3,2020-08-27,601,82,288.9,N,807.9976806640625,89.99654388427734,220.6002349853516,16.5,47,1.8,360
39.5823,-122.8071,350.2,2020-08-27,2119,95,300.6,D,1376.869384765625,89.99591827392578,39.79559326171875,26.9,24,9.8,82
39.5306,-122.7759,349.0,2020-08-27,2119,94,302.6,D,1387.0450439453125,89.98577117919922,206.6125946044922,28.4,25,11.5,92
40.1734,-122.8288,369.5,2020-08-28,1844,100,309.0,D,518.1446533203125,89.99842071533203,188.53256225585935,30.4,18,6.6,29
39.5203,-122.8897,326.6,2020-08-28,1844,78,300.6,D,969.1262817382812,89.98407745361328,359.9510498046875,30.0,19,1.5,166
39.8524,-120.8381,327.0,2020-08-28,2202,78,298.2,D,-25.152048110961918,89.99116516113281,123.70903778076172,31.5,12,4.2,250
40.1549,-122.8117,304.8,2020-08-29,1002,1,291.7,N,303.0984191894531,89.99362182617188,306.83807373046875,22.5,27,3.4,148
39.9515,-122.9125,317.6,2020-08-29,1002,95,294.6,N,778.9192504882812,89.98577880859375,206.57763671875,18.7,32,3.3,49
39.9563,-122.9045,318.3,2020-08-29,1927,38,296.8,D,602.878662109375,89.99739074707031,214.99240112304688,30.2,20,12.4,244
40.1509,-122.8319,339.5,2020-08-29,1927,89,299.2,D,450.2023010253906,89.99408721923828,158.21949768066406,28.8,24,5.5,11
37.1299,-121.4443,308.7,2020-08-29,1003,75,290.7,N,,,,13.7,82,6.8,245
39.6104,-122.8313,324.9,2020-08-30,2150,65,296.3,D,1409.7890625,89.99475860595703,350.5187683105469,29.9,17,2.2,180
41.0784,-120.0158,318.9,2020-08-30,632,98,288.9,N,0.0,0.0,-0.0,19.8,24,14.5,305
39.9684,-122.9065,303.9,2020-08-30,1045,55,289.8,N,787.8535766601562,89.99117279052734,213.6922149658203,15.1,41,3.5,24
39.8862,-122.7162,360.8,2020-08-31,1915,100,298.8,D,1229.5458984375,89.99735260009766,228.3690643310547,28.9,13,6.0,57
36.0779,-121.525,308.0,2020-08-31,536,53,293.3,N,,,,20.3,44,5.2,78
39.6288,-122.7299,317.5,2020-08-31,1915,64,298.2,D,1661.620361328125,89.98577117919922,296.5273132324219,28.4,9,10.6,66
41.1131,-123.4458,326.4,2020-08-31,1914,56,294.8,D,1316.24365234375,89.99798583984375,161.57203674316406,26.4,23,11.2,42
36.1597,-118.4631,331.5,2020-08-31,2054,71,310.8,D,,,,25.0,25,12.1,258
40.1322,-123.1392,324.0,2020-09-01,1957,58,296.8,D,1083.586669921875,89.99757385253906,278.73602294921875,30.4,11,2.2,279
39.8629,-122.721,315.6,2020-09-01,620,60,296.3,N,1184.6519775390625,89.9985122680664,152.24844360351562,24.3,28,6.8,295
39.6313,-122.7392,317.8,2020-09-01,619,96,294.2,N,1696.6185302734375,89.98873138427734,135.04197692871094,21.8,29,2.7,293
36.2089,-118.4913,321.4,2020-09-01,618,100,287.0,N,,,,14.0,60,0.8,27
39.8697,-120.9867,323.0,2020-09-02,938,100,290.5,N,-21.772686004638672,89.98574829101562,333.4144897460937,13.7,45,4.7,99
39.9189,-122.7792,332.2,2020-09-02,703,100,293.7,N,817.5872802734375,89.99754333496094,292.6094055175781,16.8,32,3.3,13
39.8714,-122.9618,356.3,2020-09-02,1902,96,302.0,D,1102.263427734375,89.99858856201172,311.4186096191406,28.1,15,6.9,137
36.164,-118.4804,341.7,2020-09-02,1903,80,307.1,D,,,,26.4,27,9.9,251
39.5768,-122.8682,348.4,2020-09-03,2125,94,303.6,D,998.93359375,89.9945297241211,30.950485229492188,32.4,16,10.0,221
38.4798,-119.5014,326.1,2020-09-03,607,100,290.1,N,,,,17.7,37,2.2,171
41.0443,-120.0598,352.0,2020-09-03,2126,94,320.8,D,0.0,0.0,-0.0,31.5,13,7.9,114
41.1249,-123.4895,390.4,2020-09-04,2209,100,303.0,D,2076.252197265625,89.99925994873047,66.9745101928711,29.3,15,6.2,277
39.6124,-122.8828,333.8,2020-09-04,1850,76,302.2,D,936.8297119140624,89.98938751220703,269.9906921386719,29.6,19,6.3,121
41.1069,-123.4668,321.9,2020-09-04,2031,36,300.8,D,1797.2867431640625,89.9985580444336,198.43896484375,28.4,15,9.7,219
39.579,-122.9454,332.2,2020-09-05,1933,70,301.1,D,915.9826049804688,89.98406982421875,90.01224517822266,30.9,12,5.8,176
39.9917,-122.8825,393.4,2020-09-05,2113,100,311.7,D,954.7032470703124,89.99857330322266,57.72666549682617,33.6,11,10.9,224
39.8561,-122.9134,357.6,2020-09-05,2113,98,306.7,D,1286.170166015625,89.99654388427734,282.5179443359375,32.9,10,2.9,210
37.1723,-119.3731,318.9,2020-09-06,914,84,291.4,N,,,,23.0,38,11.6,60
37.2631,-119.3343,323.5,2020-09-06,637,82,295.0,N,,,,23.1,32,13.4,36
34.2435,-117.9581,405.2,2020-09-06,2016,100,313.9,D,,,,41.5,13,7.7,208
41.133,-123.4028,327.1,2020-09-06,1838,64,304.7,D,1369.128173828125,89.99913787841797,358.44879150390625,32.7,14,3.2,153
39.9089,-122.9854,325.9,2020-09-07,1921,67,305.2,D,819.2520141601562,89.99475860595703,350.5242614746094,34.2,12,11.2,266
38.5407,-119.6279,326.9,2020-09-07,2100,67,304.1,D,,,,28.7,13,11.1,13
37.1066,-119.3915,318.8,2020-09-07,542,97,291.6,N,,,,23.0,31,6.1,62
39.8243,-122.939,317.9,2020-09-07,543,62,286.3,N,1258.314208984375,89.99720764160156,15.250384330749512,22.1,30,5.8,274
41.1562,-123.369,348.2,2020-09-08,626,100,295.0,N,1094.0096435546875,89.9989242553711,122.62225341796876,21.3,18,2.6,196
42.6504,-121.898,327.7,2020-09-08,1825,82,292.2,D,0.0,0.0,-0.0,16.5,19,14.5,71
42.6181,-121.8748,372.8,2020-09-08,626,100,290.9,N,0.0,0.0,-0.0,15.7,36,17.4,30
41.8192,-123.3525,327.6,2020-09-08,2144,80,304.3,D,688.95068359375,89.99889373779297,146.3157501220703,30.5,8,16.1,56
40.0508,-122.8283,325.0,2020-09-08,2144,56,301.5,D,452.3779296875,89.9980239868164,158.20510864257812,25.6,6,11.1,61
41.0729,-123.3983,308.6,2020-09-09,709,17,291.3,N,1391.3299560546875,89.99822998046875,303.6853332519531,17.0,15,8.8,81
34.2831,-117.8798,420.2,2020-09-09,945,100,308.9,N,,,,20.9,13,12.7,353
36.0972,-121.3809,305.0,2020-09-09,530,31,292.4,N,,,,24.9,29,3.7,119
39.9396,-122.7633,304.9,2020-09-09,531,54,288.5,N,721.4591064453125,89.99116516113281,146.35377502441406,14.0,14,10.7,33
41.1199,-123.3382,311.6,2020-09-10,614,34,289.2,N,1224.1016845703125,89.99906158447266,178.31861877441406,23.5,9,6.4,133
41.046,-123.5035,376.8,2020-09-10,2132,100,315.3,D,1359.5213623046875,89.99877166748047,94.39927673339844,28.1,7,12.6,175
39.8266,-123.0385,314.5,2020-09-10,1026,44,289.8,N,1305.562744140625,89.97749328613281,135.06991577148438,15.8,27,9.8,66
37.3567,-119.283,319.7,2020-09-10,1027,99,288.0,N,,,,13.0,43,6.2,10
40.1783,-123.3714,333.5,2020-09-10,2131,87,294.2,D,2546.32177734375,89.99785614013672,137.72947692871094,31.3,18,11.9,256
42.4884,-122.5889,303.8,2020-09-11,931,50,288.2,N,0.0,0.0,-0.0,15.0,42,3.9,112
37.0346,-119.2548,349.2,2020-09-11,932,100,290.3,N,,,,16.7,38,4.7,32
34.2115,-117.9333,334.2,2020-09-11,1858,84,305.4,D,,,,27.8,11,7.9,183
41.0064,-123.4794,325.6,2020-09-11,1856,57,294.3,D,1939.631103515625,89.99777221679688,114.7799835205078,24.8,16,9.1,189
40.0966,-123.1575,322.6,2020-09-11,1856,78,292.7,D,892.6748657226562,89.99870300292969,31.761873245239254,24.4,10,2.9,240
39.5191,-122.9857,320.1,2020-09-12,1939,42,299.0,D,861.1641845703125,89.99779510498047,236.3124237060547,27.7,12,8.7,197
39.5632,-121.2454,309.7,2020-09-12,1014,74,292.1,N,-4.432180404663086,89.97744750976562,45.02041244506836,12.7,52,4.6,45
40.2409,-123.1394,300.6,2020-09-12,601,17,287.6,N,1448.544677734375,89.99772644042969,175.91607666015625,15.9,53,3.1,54
40.2397,-123.2605,328.7,2020-09-12,1014,97,292.6,N,1271.06591796875,89.99748992919922,314.9961242675781,11.7,60,4.9,54
36.1719,-118.4863,326.6,2020-09-12,1940,72,300.2,D,,,,25.7,10,8.2,232
36.1724,-118.6395,307.4,2020-09-13,920,28,284.3,N,,,,11.3,23,6.1,45
42.5667,-120.5148,346.6,2020-09-13,507,100,293.1,N,-32768.0,0.0,-0.0,16.5,21,3.3,264
41.1865,-123.3784,409.9,2020-09-13,2025,100,304.9,D,1069.915771484375,89.99943542480469,340.6134033203125,27.7,15,13.3,193
39.5993,-123.0069,305.4,2020-09-13,644,17,290.7,N,883.9840087890625,89.99362182617188,359.984619140625,18.2,35,1.1,108
37.4467,-119.2684,307.7,2020-09-13,920,31,287.6,N,,,,6.5,35,6.0,65
41.0734,-123.3275,301.0,2020-09-14,549,37,281.3,N,1129.255615234375,89.99922180175781,21.538679122924805,17.3,43,2.0,135
34.2289,-118.0391,363.1,2020-09-14,1928,100,302.1,D,-32768.0,0.0,-0.0,28.1,16,8.7,150
34.1154,-116.9441,368.0,2020-09-14,1003,100,292.0,N,593.4010620117188,89.99502563476562,321.33447265625,10.7,60,10.3,102
39.8212,-121.2516,372.3,2020-09-15,1832,100,304.8,D,54.99166488647461,89.99800872802734,356.4207763671875,25.3,15,13.7,198
40.0449,-123.0827,372.9,2020-09-15,1832,100,302.5,D,1307.4033203125,89.99754333496094,157.3853302001953,25.0,5,13.2,191
40.0491,-122.9466,313.5,2020-09-15,1045,55,285.3,N,546.8626708984375,89.9985580444336,174.8078155517578,8.3,35,5.8,97
40.2978,-123.2827,321.0,2020-09-15,632,60,292.2,N,1034.115234375,89.98938751220703,180.0,13.3,32,1.3,124
34.2108,-118.0543,305.1,2020-09-16,951,61,294.1,N,-32768.0,0.0,-0.0,16.3,18,4.1,345
39.4976,-123.0076,353.3,2020-09-16,1915,97,302.1,D,1147.2303466796875,89.99796295166016,153.44033813476562,26.3,14,10.4,214
37.0239,-119.3777,314.0,2020-09-16,950,88,292.6,N,,,,17.0,38,2.8,50
37.4804,-119.3947,375.6,2020-09-17,619,100,300.0,N,,,,9.0,29,9.2,11
37.2051,-119.1895,377.6,2020-09-17,2137,100,298.4,D,,,,21.2,15,13.8,213
37.3326,-119.2645,316.2,2020-09-17,619,79,288.6,N,,,,15.0,28,5.5,11
36.1045,-118.525,332.9,2020-09-18,1903,68,297.3,D,,,,21.6,24,11.6,254
34.394,-117.8291,484.4,2020-09-18,2041,100,331.0,D,,,,27.7,15,18.7,199
41.1456,-123.2775,301.3,2020-09-18,937,36,279.8,N,1248.9412841796875,89.99662017822266,301.9955749511719,11.9,79,2.3,162
39.5763,-123.1567,321.5,2020-09-19,2125,52,301.1,D,1048.260009765625,89.98992919921875,108.45452880859376,25.8,19,6.8,295
36.094,-118.4632,313.1,2020-09-19,606,2,288.2,N,,,,13.6,63,3.3,49
35.98,-121.4127,362.9,2020-09-19,2124,100,307.9,D,,,,28.2,14,2.2,189
37.5008,-119.2319,342.1,2020-09-19,2124,89,295.8,D,,,,21.3,32,9.8,208
39.4881,-122.9978,315.6,2020-09-19,1020,68,286.9,N,1175.244140625,89.99700164794922,221.1908721923828,11.2,91,3.3,41
37.3433,-119.4501,318.7,2020-09-20,1851,54,297.8,D,,,,21.4,20,6.8,267
40.0545,-123.0905,339.6,2020-09-20,1850,89,299.3,D,1394.42822265625,89.99832153320312,3.0120339393615723,24.3,16,5.5,259
34.4099,-117.9978,311.4,2020-09-20,511,51,290.5,N,,,,19.7,27,9.6,167
34.4221,-118.0018,307.0,2020-09-20,927,48,289.9,N,-32768.0,0.0,-0.0,19.0,29,6.8,162
36.0828,-118.4761,311.5,2020-09-21,554,83,288.8,N,,,,12.4,43,5.4,48
37.4972,-119.3048,388.6,2020-09-21,2112,100,311.2,D,,,,21.6,17,13.5,205
37.3548,-119.2181,311.0,2020-09-21,554,81,284.8,N,,,,11.7,62,3.8,107
37.4409,-119.4464,329.2,2020-09-22,1838,56,294.9,D,,,,19.4,24,6.9,171
37.3407,-119.4574,318.1,2020-09-22,1838,27,295.3,D,,,,21.5,19,4.7,279
39.4624,-122.9273,419.2,2020-09-22,2156,94,308.4,D,1094.2943115234375,89.99288177490234,333.4188537597656,27.0,16,11.0,259
37.3474,-119.1771,323.6,2020-09-22,1838,69,292.2,D,,,,19.9,19,6.4,286
37.4461,-119.4261,318.1,2020-09-23,2100,19,297.7,D,,,,22.7,20,11.5,224
42.0586,-123.4271,302.1,2020-09-23,1920,29,283.2,D,46.1525993347168,89.99866485595703,269.9958801269531,22.2,37,15.5,226
39.8469,-120.8723,301.1,2020-09-23,956,33,270.3,N,-25.06313705444336,89.98575592041016,296.5314636230469,12.1,52,5.6,165
41.0202,-123.6086,319.1,2020-09-23,2101,78,294.5,D,1422.6175537109375,89.99880981445312,131.98965454101562,23.9,48,13.1,261
42.0147,-123.3893,303.8,2020-09-23,1920,42,287.6,D,124.19677734375,89.99772644042969,269.99298095703125,18.0,42,16.6,193
36.3059,-118.7867,318.5,2020-09-24,1826,31,294.3,D,,,,20.8,28,6.2,260
36.4645,-118.4095,321.2,2020-09-24,625,100,285.4,N,,,,16.7,36,4.4,81
37.3448,-119.1953,316.2,2020-09-24,1826,31,294.5,D,,,,22.3,11,6.5,304
40.0497,-122.9302,305.8,2020-09-25,531,66,281.5,N,877.7952270507812,89.9986572265625,213.02239990234372,7.9,70,4.6,108
37.3432,-119.176,345.7,2020-09-25,1909,83,296.0,D,,,,22.2,13,8.8,289
36.3164,-118.7968,311.5,2020-09-25,944,83,287.9,N,,,,15.6,44,5.4,37
40.0463,-122.9182,309.3,2020-09-25,709,66,281.6,N,930.7511596679688,89.99870300292969,211.7582855224609,9.1,65,1.8,101
37.8532,-119.5967,304.4,2020-09-26,613,60,283.8,N,,,,8.0,64,3.3,77
37.3427,-119.1726,305.2,2020-09-26,1027,42,285.6,N,,,,10.1,58,4.0,95
39.8105,-121.2088,326.0,2020-09-26,2131,77,291.0,D,322.8822326660156,89.99867248535156,92.38978576660156,23.5,29,4.3,336
36.3193,-118.7665,333.6,2020-09-27,1857,67,296.1,D,,,,23.1,25,6.2,260
37.5632,-119.2993,336.3,2020-09-27,1857,70,303.7,D,,,,19.1,27,13.4,66
39.8786,-121.2571,321.5,2020-09-27,1856,49,295.6,D,12.932794570922852,89.98575592041016,333.40106201171875,20.0,30,22.1,46
36.3327,-118.7153,301.5,2020-09-28,600,27,290.2,N,,,,17.6,32,1.5,76
40.5338,-122.5381,389.4,2020-09-28,1014,100,309.5,N,259.4245910644531,89.99757385253906,278.734619140625,25.7,17,20.9,1
41.0227,-123.5755,313.8,2020-09-28,2119,38,299.6,D,1235.6063232421875,89.99909210205078,178.3660125732422,36.8,13,5.5,191
37.3646,-119.1512,341.9,2020-09-28,2118,89,298.5,D,,,,24.1,14,13.4,301
40.5455,-122.5541,350.2,2020-09-28,1939,95,310.7,D,405.5072021484375,89.99747467041016,161.56796264648438,30.9,11,18.5,21
39.8644,-121.3224,343.8,2020-09-29,644,100,298.1,N,-9.868240356445312,72.61237335205078,210.06578063964844,21.7,17,19.9,49
40.0132,-123.1486,332.6,2020-09-29,2202,85,294.8,D,1514.6695556640625,89.9985580444336,264.8002319335937,28.4,14,11.7,261
41.0025,-123.3292,317.4,2020-09-29,2202,72,296.6,D,1595.5089111328125,89.99813079833984,200.5615997314453,30.8,16,9.7,274
39.8639,-121.2867,334.1,2020-09-29,2202,83,297.5,D,-12.966474533081056,89.99604034423828,352.86798095703125,26.9,13,11.4,235
39.8722,-121.3194,347.1,2020-09-30,549,100,295.8,N,-11.88902473449707,72.42317962646484,210.16226196289065,16.2,35,2.3,72
40.4681,-122.6886,385.9,2020-09-30,1002,100,300.2,N,402.16412353515625,89.99762725830078,131.9967498779297,23.6,19,4.5,331
40.2993,-123.1162,329.4,2020-09-30,1927,79,301.4,D,1080.4403076171875,89.99837493896484,75.26375579833984,28.9,16,6.2,260
39.8216,-121.195,386.1,2020-09-30,2107,100,311.8,D,148.83041381835938,89.99808502197266,212.7340850830078,27.0,13,9.4,23
41.1843,-123.2497,357.7,2020-09-30,2107,99,298.5,D,1137.766357421875,89.9979476928711,135.00889587402344,27.4,22,8.3,358
41.0436,-123.3198,315.5,2020-10-01,632,75,293.3,N,953.353759765625,89.99916076660156,199.8577880859375,16.3,54,5.9,11
41.0038,-123.3222,353.4,2020-10-01,632,100,297.7,N,1328.497802734375,89.9964370727539,296.5566711425781,16.7,54,5.9,11
41.2178,-123.298,321.9,2020-10-01,632,99,293.7,N,542.7044067382812,89.99919128417969,339.2713317871094,17.1,61,5.9,191
38.6529,-122.5347,309.3,2020-10-01,631,77,295.8,N,1485.27001953125,89.98575592041016,26.574846267700195,20.5,49,5.2,282
37.4796,-119.2088,322.2,2020-10-02,2054,63,305.9,D,,,,31.3,6,8.0,198
40.3587,-123.37,302.7,2020-10-02,537,42,291.1,N,1537.283935546875,89.99909210205078,284.82470703125,19.3,38,2.9,97
37.3317,-119.0277,313.1,2020-10-02,536,86,286.3,N,,,,14.1,32,5.0,120
41.0152,-123.3014,325.6,2020-10-02,537,100,293.3,N,1897.43798828125,89.99894714355469,9.458843231201172,17.3,54,6.7,16
41.1532,-123.2777,317.3,2020-10-02,537,95,291.8,N,1298.913330078125,89.99626922607422,339.42950439453125,16.9,49,4.1,195
37.4282,-119.4491,316.9,2020-10-03,1820,38,299.7,D,,,,24.4,10,6.0,163
34.2629,-118.0797,311.1,2020-10-03,618,82,294.7,N,-32768.0,0.0,-0.0,18.5,18,5.8,4
40.3032,-123.0842,320.9,2020-10-03,1032,100,290.8,N,792.2958374023438,89.99854278564453,155.7747802734375,16.4,41,5.4,233
36.3245,-118.673,320.0,2020-10-03,618,83,285.6,N,,,,9.3,32,2.9,353
40.072,-122.9032,317.9,2020-10-04,1902,60,296.8,D,619.6531372070312,89.99919891357422,337.9297180175781,24.5,8,3.6,84
40.4169,-123.3579,314.7,2020-10-04,1902,68,290.6,D,1272.250732421875,89.9964828491211,353.6583557128906,26.1,10,3.8,221
41.1,-123.2515,310.9,2020-10-04,1902,56,294.5,D,1640.079345703125,89.99935913085938,332.4002685546875,21.7,19,4.3,246
40.0704,-122.8911,334.5,2020-10-04,1902,86,301.2,D,914.604248046875,89.99900817871094,233.83929443359372,23.8,8,3.6,84
36.3455,-118.6636,305.5,2020-10-04,938,50,279.4,N,,,,9.2,25,1.4,90
37.3071,-119.1203,318.8,2020-10-05,2124,51,297.1,D,,,,20.6,9,9.7,285
37.3365,-119.0388,348.6,2020-10-05,606,100,291.9,N,,,,8.7,46,7.6,115
37.6333,-119.2259,314.1,2020-10-05,1021,34,285.0,N,,,,8.7,25,6.5,251
37.3513,-119.0832,302.7,2020-10-06,649,15,284.2,N,,,,9.0,41,6.3,121
36.3536,-118.7503,305.7,2020-10-06,926,57,289.8,N,,,,17.9,17,2.7,113
40.2615,-123.508,301.4,2020-10-06,650,21,290.2,N,1327.5872802734375,89.98408508300781,269.9965209960937,9.5,56,6.8,18
41.1812,-123.2202,318.4,2020-10-06,1850,52,292.2,D,941.6971435546876,89.99823760986328,6.334391117095947,27.9,16,2.0,315
37.2961,-119.0262,395.7,2020-10-07,2112,100,300.3,D,,,,18.1,17,12.6,267
37.5746,-119.3403,311.1,2020-10-07,1009,9,281.4,N,,,,8.3,27,7.3,303
40.4152,-123.3599,326.5,2020-10-07,2113,81,297.6,D,1256.2548828125,89.99436950683594,314.9921264648437,25.5,10,9.3,216
36.3721,-118.7288,326.1,2020-10-07,1009,100,293.6,N,,,,12.7,23,3.4,108
39.9032,-123.0804,440.7,2020-10-07,2113,100,311.5,D,974.564453125,89.99676513671875,156.0462188720703,23.0,10,10.8,244
40.3631,-123.4609,311.9,2020-10-08,2156,62,295.2,D,1021.4564208984376,62.47184371948242,193.2405242919922,23.0,19,9.3,242
36.3445,-118.4227,322.0,2020-10-08,1839,39,292.6,D,,,,17.2,20,6.6,171
40.201,-123.4516,308.6,2020-10-08,638,75,288.3,N,2452.49853515625,89.99772644042969,355.9139709472656,8.3,37,3.3,49
39.9076,-123.0659,315.3,2020-10-08,1838,53,295.1,D,739.51171875,89.9986801147461,299.740234375,21.2,8,3.6,180
36.3056,-118.3915,315.3,2020-10-09,957,91,281.6,N,,,,6.7,39,3.4,32
39.9024,-123.1419,324.0,2020-10-09,543,69,286.7,N,1010.7627563476562,89.99663543701172,251.5561981201172,12.2,46,2.8,50
37.369,-119.0522,323.2,2020-10-09,1921,77,291.4,D,,,,18.3,19,8.7,277
40.1958,-123.4024,314.0,2020-10-09,956,88,285.1,N,3992.388916015625,89.99884033203125,130.6035919189453,9.5,64,2.3,39
37.4818,-119.2018,342.4,2020-10-10,2143,87,283.6,D,,,,21.0,29,13.2,209
40.438,-123.3776,300.5,2020-10-10,626,12,282.2,N,1236.281005859375,89.99772644042969,90.00399017333984,9.6,84,4.7,171
40.2516,-123.0392,301.6,2020-10-10,626,13,281.9,N,1310.0865478515625,89.99820709228516,218.15182495117188,8.0,66,4.0,185
40.2565,-123.0798,306.8,2020-10-10,626,53,282.9,N,1266.27099609375,89.9976577758789,233.96359252929688,9.9,78,4.3,132
37.4747,-119.2066,316.0,2020-10-11,2048,65,292.0,D,,,,23.6,25,14.5,194
37.4763,-119.1972,337.4,2020-10-11,1909,89,292.6,D,,,,22.3,24,12.4,190
37.4812,-119.1765,348.2,2020-10-11,1909,94,290.6,D,,,,19.5,24,12.4,190
37.4865,-119.1812,392.1,2020-10-11,2048,100,295.2,D,,,,21.3,24,14.5,194
41.2024,-123.2298,308.6,2020-10-12,2132,67,294.3,D,990.6449584960938,89.9992904663086,332.29736328125,21.5,51,5.4,352
39.5161,-122.0601,322.2,2020-10-12,2131,75,305.0,D,1577.0322265625,89.99757385253906,351.23956298828125,31.3,16,8.4,329
37.495,-119.1903,332.2,2020-10-12,613,91,290.4,N,,,,8.1,44,10.3,12
39.5894,-122.1152,335.8,2020-10-12,1951,89,302.5,D,1243.792724609375,89.99663543701172,18.42072296142578,27.8,22,14.5,341
37.476,-119.1868,317.9,2020-10-12,613,96,284.3,N,,,,8.3,44,10.3,12
37.3838,-119.0747,337.8,2020-10-13,1857,79,298.4,D,,,,20.1,9,4.6,321
36.3341,-118.4421,326.3,2020-10-13,2035,73,297.2,D,,,,19.9,15,6.6,248
39.6603,-122.2148,336.6,2020-10-13,1856,88,301.3,D,1102.690185546875,89.99886322021484,173.89125061035156,27.0,30,6.4,344
37.3778,-119.0893,385.6,2020-10-14,2118,100,306.3,D,,,,25.9,11,10.6,294
37.5512,-119.3328,319.7,2020-10-14,2118,31,298.3,D,,,,24.5,12,8.6,182
37.5187,-119.1836,354.2,2020-10-14,1939,97,296.6,D,,,,30.2,11,4.6,135
40.2586,-123.0649,324.2,2020-10-14,2119,78,299.1,D,1110.2044677734375,89.99945068359375,129.42965698242188,23.7,21,9.4,360
37.478,-119.167,316.4,2020-10-14,1015,75,285.9,N,,,,8.0,36,4.8,63
37.5264,-119.144,367.3,2020-10-15,643,100,293.8,N,,,,10.2,35,10.7,14
37.514,-119.1428,362.9,2020-10-15,643,100,292.8,N,,,,10.0,37,13.9,59
37.4912,-119.1559,328.7,2020-10-15,1844,56,295.7,D,,,,21.9,13,3.4,238
37.4711,-119.1323,365.7,2020-10-15,643,100,286.0,N,,,,10.2,37,13.9,59
37.5164,-119.1195,327.9,2020-10-15,919,100,287.7,N,,,,7.0,37,10.5,59
37.381,-119.0762,369.1,2020-10-16,2106,100,297.9,D,,,,23.0,12,8.6,292
37.5466,-119.3334,322.6,2020-10-16,2106,72,296.7,D,,,,20.6,14,12.8,218
37.465,-119.1931,354.8,2020-10-16,2106,97,307.9,D,,,,27.5,13,10.8,217
37.3698,-119.086,326.7,2020-10-16,1927,79,295.0,D,,,,23.4,13,6.5,304
40.2466,-123.0939,325.6,2020-10-17,2150,77,302.8,D,1350.3363037109375,89.99898529052734,169.04745483398438,30.0,19,6.8,342
37.5238,-119.1256,321.6,2020-10-17,1832,53,291.4,D,,,,18.5,15,7.4,227
37.4483,-119.1224,325.3,2020-10-17,1832,51,293.4,D,,,,19.5,15,6.3,257
37.3774,-119.1102,319.7,2020-10-17,1832,68,297.8,D,,,,21.4,12,4.3,312
36.347,-118.4277,302.9,2020-10-18,950,52,280.4,N,,,,8.2,38,4.2,20
37.4439,-119.1522,352.7,2020-10-18,1915,96,299.3,D,,,,21.9,17,7.0,215
37.5317,-119.1419,316.9,2020-10-18,950,73,286.3,N,,,,11.0,38,3.1,21
36.3559,-118.4257,311.4,2020-10-18,950,83,281.4,N,,,,7.2,38,4.2,20
41.1591,-123.2144,306.7,2020-10-18,2055,54,296.2,D,1167.7603759765625,89.996826171875,264.2822265625,24.2,27,3.9,338
37.4665,-119.1844,313.6,2020-10-19,619,87,285.4,N,,,,8.6,52,5.7,72
37.3652,-119.11,306.3,2020-10-19,619,68,282.6,N,,,,7.3,66,5.4,94
37.3795,-119.0433,366.6,2020-10-19,619,100,292.6,N,,,,7.6,54,5.8,120
36.1044,-121.3576,321.7,2020-10-19,1820,40,306.1,D,,,,28.4,16,4.9,107
37.449,-119.1523,330.1,2020-10-19,619,79,288.6,N,,,,7.4,51,5.7,72
37.4426,-119.1527,343.0,2020-10-20,1903,90,300.4,D,,,,21.9,12,8.6,255
37.4109,-119.1281,334.1,2020-10-20,2041,80,280.7,D,,,,23.0,11,9.3,254
37.434,-119.1034,380.4,2020-10-20,1903,100,298.9,D,,,,20.2,14,12.1,260
37.5346,-119.1304,326.8,2020-10-21,606,100,285.3,N,,,,4.6,57,7.3,11
37.411,-119.0802,396.6,2020-10-21,2124,94,307.1,D,,,,18.7,13,11.7,261
36.3566,-118.4377,319.8,2020-10-21,606,99,280.3,N,,,,5.4,48,4.5,14
37.3765,-119.0353,347.9,2020-10-21,2124,94,296.5,D,,,,19.5,13,11.6,275
37.3954,-119.0607,343.1,2020-10-22,1851,92,292.4,D,,,,15.8,17,5.4,278
37.2804,-119.2249,308.3,2020-10-22,1851,29,294.4,D,,,,15.3,15,5.1,309
37.435,-119.1437,326.3,2020-10-22,1851,81,296.8,D,,,,17.8,15,0.4,270
37.5367,-119.1382,306.7,2020-10-23,554,57,282.9,N,,,,11.1,50,4.0,10
41.027,-123.2929,314.8,2020-10-23,2113,75,291.8,D,1699.3878173828125,89.99906158447266,1.6812204122543335,20.9,17,8.0,8
37.4097,-119.0674,345.8,2020-10-23,554,81,287.9,N,,,,7.6,43,2.5,90
37.8658,-119.5779,311.5,2020-10-23,2112,59,292.7,D,,,,13.7,30,11.3,261
37.3988,-119.0771,329.3,2020-10-23,554,70,281.2,N,,,,8.2,51,2.6,106
37.3969,-119.1217,378.4,2020-10-24,2155,100,295.9,D,,,,18.5,19,10.4,250
37.4003,-118.9773,332.7,2020-10-24,1838,0,292.1,D,,,,11.6,20,5.9,259
37.4181,-119.1258,333.6,2020-10-24,1838,87,291.9,D,,,,14.9,18,4.1,308
37.5295,-119.1254,306.7,2020-10-24,1838,19,286.9,D,,,,12.4,21,6.0,237
37.4839,-119.1404,319.1,2020-10-24,2155,76,288.6,D,,,,15.4,17,12.4,234
37.4017,-119.0244,311.9,2020-10-25,956,84,276.4,N,,,,1.8,57,3.3,103
37.4131,-119.1212,315.0,2020-10-25,542,41,279.5,N,,,,5.7,48,3.4,58
37.4164,-119.1245,315.2,2020-10-25,956,36,277.3,N,,,,2.7,55,4.1,75
37.5154,-119.1847,309.1,2020-10-26,625,77,276.9,N,,,,4.0,15,11.5,39
37.5256,-119.1467,343.2,2020-10-26,1826,66,280.9,D,,,,6.7,6,22.5,55
37.3912,-119.0569,358.9,2020-10-26,2143,92,289.5,D,,,,7.9,8,11.1,29
33.749,-117.7584,330.2,2020-10-26,2142,63,295.9,D,,,,21.2,4,30.6,48
37.5481,-119.1778,340.2,2020-10-26,1826,92,288.1,D,,,,7.4,6,25.7,42
37.5406,-119.1507,310.1,2020-10-27,2048,59,295.0,D,,,,17.0,27,14.6,40
33.671,-117.6949,328.9,2020-10-27,945,100,289.1,N,,,,14.2,9,8.2,41
37.4438,-119.0864,311.1,2020-10-27,944,43,275.0,N,,,,-1.1,39,5.4,70
37.5221,-119.1146,322.6,2020-10-27,1909,22,287.9,D,,,,9.9,27,18.3,45
33.914,-117.6981,329.5,2020-10-27,529,89,283.5,N,,,,13.8,9,9.7,94
37.4885,-119.1313,355.3,2020-10-28,2130,98,298.3,D,,,,17.1,8,13.5,34
37.4349,-119.0866,324.3,2020-10-28,2130,46,294.6,D,,,,16.5,6,10.8,21
37.5388,-119.0978,314.3,2020-10-28,1814,53,295.1,D,,,,18.3,8,10.5,52
37.4543,-119.1051,316.3,2020-10-28,612,43,282.6,N,,,,4.0,24,9.4,86
36.3953,-118.4154,303.5,2020-10-29,932,34,279.4,N,,,,6.2,19,10.5,27
36.3902,-118.426,308.6,2020-10-29,517,67,279.3,N,,,,6.1,16,7.2,27
37.4224,-118.9491,307.1,2020-10-29,932,70,276.4,N,,,,3.1,19,10.8,60
39.7305,-122.111,310.9,2020-10-29,1856,63,295.7,D,1021.9990234375,89.99787902832031,356.17388916015625,19.3,27,1.8,360
36.3864,-118.4381,315.6,2020-10-30,2118,51,291.6,D,,,,14.1,10,8.2,195
38.7162,-121.9915,312.7,2020-10-30,2119,34,302.2,D,1436.720703125,89.99777221679688,245.22288513183597,25.7,18,3.3,96
37.492,-119.1258,305.2,2020-10-30,600,29,278.4,N,,,,0.3,26,10.8,60
42.0199,-123.3625,305.5,2020-10-30,1938,61,288.1,D,24.09480857849121,89.99227905273438,284.00616455078125,16.4,22,9.7,272
38.984,-122.0296,306.6,2020-10-31,1844,37,295.8,D,1214.634521484375,89.9988021850586,12.994576454162598,20.8,23,7.2,342
36.3723,-118.4267,322.1,2020-10-31,1845,66,296.6,D,,,,13.6,6,3.8,131
37.5497,-119.1645,324.2,2020-10-31,1844,76,301.7,D,,,,17.5,8,4.8,103
39.4307,-122.0381,317.1,2020-11-01,2107,72,303.7,D,1872.3446044921875,89.99777221679688,335.2137756347656,27.0,18,0.5,45
37.5178,-119.1041,312.0,2020-11-01,1002,84,276.2,N,,,,3.2,21,11.1,54
37.3996,-119.0059,323.1,2020-11-01,2106,76,281.1,D,,,,17.0,9,9.0,270
37.4238,-119.0823,300.4,2020-11-01,548,27,278.8,N,,,,3.1,25,8.7,85
42.0166,-123.3683,306.3,2020-11-01,2107,62,292.3,D,50.12520599365234,89.99795532226562,140.20425415039062,20.8,25,8.6,182
39.8797,-122.1819,310.5,2020-11-02,1832,63,296.7,D,770.3825073242188,89.99654388427734,347.4511413574219,20.8,25,9.6,326
41.0198,-123.2772,310.8,2020-11-02,2150,66,297.9,D,1842.3995361328125,89.99808502197266,302.73016357421875,24.6,13,10.2,203
37.407,-118.9853,310.5,2020-11-02,631,80,278.6,N,,,,3.1,33,6.5,87
39.9017,-122.2358,311.0,2020-11-03,2054,64,301.0,D,474.3910217285156,89.99840545654297,233.13238525390625,24.2,22,5.6,130
36.2608,-117.9865,315.9,2020-11-03,2053,64,303.8,D,,,,22.3,20,5.6,27
39.8006,-122.1608,316.2,2020-11-03,2054,74,300.0,D,602.7593383789062,89.99549865722656,278.11444091796875,24.0,22,6.4,128
37.4104,-118.9976,300.5,2020-11-03,950,19,275.7,N,,,,4.1,31,5.4,86
36.3944,-118.4433,304.9,2020-11-03,535,7,275.8,N,,,,2.8,51,2.7,23
39.798,-122.1702,318.8,2020-11-04,2137,75,300.4,D,566.7984619140625,89.97750854492188,314.8706970214844,25.6,20,2.9,30
37.5446,-119.0806,339.7,2020-11-04,2137,90,290.3,D,,,,16.5,16,8.7,218
38.3152,-121.5287,329.7,2020-11-04,2137,84,299.8,D,1853.6298828125,89.99475860595703,80.53861236572266,24.4,28,5.6,315
37.5432,-119.085,315.2,2020-11-05,938,91,283.3,N,,,,5.8,34,10.7,20
40.4813,-122.5195,312.3,2020-11-05,1902,71,301.3,D,238.34234619140625,89.98577117919922,153.47982788085938,23.8,30,4.9,107
39.0438,-121.4171,324.8,2020-11-05,2042,80,299.3,D,745.600830078125,89.99853515625,195.95021057128903,24.2,23,3.6,233
39.7911,-122.1785,311.2,2020-11-05,2042,56,298.3,D,550.8589477539062,89.99496459960938,251.5606842041016,25.8,24,4.4,35
39.8236,-122.0125,303.4,2020-11-06,2125,56,290.8,D,518.244873046875,89.99821472167969,153.44508361816406,17.6,23,6.0,287
39.1916,-121.6509,307.3,2020-11-06,2125,65,293.6,D,1168.9180908203125,89.99870300292969,46.636985778808594,17.1,34,7.9,129
37.5489,-119.0613,303.3,2020-11-06,1021,54,277.9,N,,,,4.4,32,12.8,212
39.6867,-121.8376,306.5,2020-11-07,1850,64,289.5,D,512.3521118164062,89.9969482421875,196.7109832763672,13.2,44,8.6,303
38.9823,-122.0764,307.2,2020-11-07,1850,65,277.4,D,1421.7100830078125,89.99842071533203,200.224365234375,13.5,35,9.7,338
39.4,-122.2389,311.8,2020-11-07,2030,51,289.5,D,1807.0421142578125,89.99835968017578,11.883275985717772,17.0,27,6.5,357
38.9839,-122.0904,301.4,2020-11-07,1850,47,279.3,D,1547.731689453125,89.99785614013672,70.34911346435547,13.5,35,9.7,338
37.5292,-120.7218,302.5,2020-11-08,2112,52,284.3,D,,,,13.9,32,15.5,342
33.9,-116.5659,324.7,2020-11-08,1756,83,286.9,D,165.03921508789062,89.97747802734375,314.9833984375,11.8,57,6.0,343
33.8962,-116.5954,338.4,2020-11-08,1756,91,286.5,D,258.07720947265625,89.98576354980469,153.44264221191406,11.5,57,6.0,343
37.2893,-120.7166,316.1,2020-11-08,2112,76,289.3,D,,,,15.0,28,16.6,318
36.0722,-119.998,302.6,2020-11-09,1839,52,288.3,D,,,,10.6,32,10.6,342
37.407,-121.0246,300.7,2020-11-09,1838,35,287.4,D,,,,10.7,30,14.2,336
36.2202,-119.5294,308.5,2020-11-09,1839,67,290.9,D,,,,8.6,72,2.5,225
37.6149,-120.7577,303.8,2020-11-10,1921,57,290.6,D,,,,13.2,29,1.9,292
36.4209,-120.338,301.2,2020-11-10,2100,33,289.5,D,,,,15.3,20,5.4,8
39.2112,-121.6001,306.4,2020-11-10,2100,63,290.2,D,999.6310424804688,89.99250030517578,225.0,15.5,22,3.2,207
39.5108,-122.211,317.1,2020-11-11,2143,77,284.5,D,1422.517822265625,89.9991226196289,159.08087158203125,15.9,31,2.6,34
39.596,-122.1229,315.2,2020-11-11,2143,75,290.6,D,1253.778076171875,89.99808502197266,147.2765655517578,16.0,30,4.0,297
39.339,-121.962,306.1,2020-11-11,2143,63,276.1,D,1677.486572265625,89.99591827392578,230.1949005126953,16.0,29,4.6,288
39.5162,-122.1486,315.7,2020-11-11,2143,76,280.7,D,1731.2996826171875,89.99714660644531,100.3162612915039,15.9,31,2.6,34
34.7009,-120.2156,312.1,2020-11-11,2142,69,293.6,D,0.0,0.0,-0.0,19.2,25,9.6,304
35.8069,-120.7446,318.0,2020-11-12,2047,78,297.5,D,,,,17.8,25,2.1,149
37.3321,-119.8816,302.9,2020-11-12,1909,54,292.8,D,,,,14.2,38,5.8,202
34.707,-120.2076,333.8,2020-11-12,2047,88,293.8,D,0.0,0.0,-0.0,19.9,26,7.8,292
39.3521,-121.7734,326.8,2020-11-12,2048,85,293.0,D,1031.726806640625,89.9969482421875,196.70944213867188,15.1,31,3.4,302
34.2339,-119.2486,311.1,2020-11-13,2130,0,291.7,D,0.0,0.0,-0.0,16.6,62,11.3,233
39.794,-122.0955,300.7,2020-11-14,1856,39,275.8,D,712.6180419921875,89.98406982421875,359.9177551269531,9.8,71,10.9,326
36.5051,-119.9964,307.0,2020-11-14,1857,64,291.7,D,,,,14.7,65,3.6,323
39.5318,-118.5637,302.8,2020-11-14,1856,37,284.9,D,,,,6.5,42,1.5,225
39.0069,-121.619,305.8,2020-11-14,1856,62,282.6,D,1361.5345458984375,89.97744750976562,44.98948287963867,11.2,70,9.1,326
38.8506,-121.8829,314.6,2020-11-15,2119,75,292.5,D,1354.490966796875,89.99761962890625,153.43890380859375,20.3,39,8.1,159
38.7016,-122.0321,307.2,2020-11-15,2119,65,294.5,D,1546.7535400390625,89.99899291992188,298.1781005859375,20.9,40,7.1,165
39.4378,-122.0379,307.5,2020-11-15,2119,65,293.0,D,1954.314697265625,89.99562072753906,344.0336303710937,18.1,40,2.4,63
38.0531,-121.1823,305.1,2020-11-15,2118,61,293.6,D,1874.439208984375,34.7929801940918,161.56504821777344,18.8,33,3.6,323
38.1844,-122.1761,303.2,2020-11-16,1844,55,288.8,D,1199.8184814453125,89.97747802734375,45.01399230957031,13.5,67,15.8,78
39.1831,-122.2545,316.6,2020-11-16,2024,77,282.4,D,1346.7379150390625,59.77021026611328,230.1944274902344,19.5,46,4.7,351
39.1678,-122.2511,306.7,2020-11-16,2024,48,281.8,D,1346.7557373046875,59.77021026611328,230.1944274902344,19.5,46,4.7,351
38.5431,-119.4684,382.0,2020-11-17,2106,100,286.5,D,,,,14.6,33,28.0,212
38.5181,-119.4508,327.9,2020-11-17,2106,31,280.0,D,,,,11.3,44,25.1,205
40.0611,-120.0793,379.2,2020-11-17,2107,75,275.3,D,0.0,0.0,-0.0,14.1,34,19.6,187
40.0383,-120.1096,370.5,2020-11-17,2107,100,286.3,D,0.0,0.0,-0.0,14.8,35,19.6,187
38.5627,-119.3647,437.1,2020-11-18,631,100,289.4,N,,,,-1.0,65,15.9,231
38.5292,-119.4414,337.0,2020-11-18,631,100,274.5,N,,,,8.1,44,23.4,205
38.52,-119.3994,369.2,2020-11-18,631,100,278.1,N,,,,2.6,56,26.1,192
36.3567,-118.3762,303.4,2020-11-19,2053,12,285.7,D,,,,10.3,15,8.7,253
36.7279,-120.147,311.4,2020-11-19,2053,71,291.7,D,,,,17.7,45,14.3,315
40.9826,-122.3951,304.3,2020-11-19,1914,59,278.8,D,945.1210327148438,89.99654388427734,130.6071319580078,6.7,68,4.0,117
36.7237,-120.1285,318.3,2020-11-19,1915,78,289.2,D,,,,16.4,53,16.4,308
36.5741,-119.9543,327.9,2020-11-19,1915,85,290.2,D,,,,16.7,53,14.6,308
41.0241,-122.5724,319.9,2020-11-20,2138,77,285.3,D,1166.654052734375,89.9991226196289,350.5357360839844,11.8,29,5.5,32
42.536,-124.2024,309.7,2020-11-20,2138,61,282.0,D,0.0,0.0,-0.0,11.7,38,8.7,60
41.3833,-123.9733,312.4,2020-11-20,2138,72,282.4,D,1069.285400390625,89.99897003173828,56.82213592529297,12.9,49,3.5,294
42.5795,-124.2259,313.3,2020-11-20,1957,74,281.3,D,0.0,0.0,-0.0,10.7,52,8.8,71
42.5788,-124.2362,319.9,2020-11-21,2043,80,284.5,D,0.0,0.0,-0.0,15.0,43,7.3,101
37.8623,-120.9594,307.0,2020-11-21,1903,65,288.5,D,,,,11.2,64,1.8,360
36.3628,-118.3833,316.6,2020-11-21,1903,77,285.3,D,,,,9.5,29,6.9,223
37.5432,-121.0499,301.1,2020-11-21,1903,39,282.0,D,,,,12.6,49,5.1,356
38.9835,-122.0372,305.4,2020-11-22,1945,61,289.2,D,896.646728515625,89.9989013671875,308.0452575683594,14.2,30,7.6,341
38.9849,-122.0314,304.9,2020-11-22,1945,60,289.1,D,1136.6365966796875,89.9990463256836,10.304734230041504,14.2,30,7.6,341
36.3578,-118.3878,306.8,2020-11-22,606,69,274.9,N,,,,4.5,51,4.3,42
36.3593,-118.3765,303.7,2020-11-22,606,56,272.7,N,,,,3.9,51,4.3,42
39.7172,-122.28,328.0,2020-11-23,2030,85,290.6,D,1206.52978515625,89.99761962890625,206.5753173828125,16.7,38,10.5,354
41.1803,-121.8989,303.9,2020-11-23,1850,57,275.5,D,1046.31103515625,89.99720764160156,105.2568359375,1.9,62,4.8,77
42.05,-121.9618,331.9,2020-11-23,1849,88,272.1,D,0.0,0.0,-0.0,-0.6,85,8.1,249
40.8867,-122.6083,316.0,2020-11-24,1932,76,280.9,D,727.8468017578125,89.9986343383789,210.96060180664065,6.9,61,3.6,174
38.9839,-122.0334,305.2,2020-11-24,1933,59,290.8,D,1040.6402587890625,89.99857330322266,32.27601623535156,16.0,35,13.8,332
39.7172,-122.2918,305.7,2020-11-24,555,65,281.5,N,1195.55224609375,89.99549865722656,278.1177978515625,12.3,50,14.2,336
39.7196,-122.3367,323.7,2020-11-25,2156,83,291.4,D,1215.6251220703125,89.99117279052734,213.72071838378903,15.6,32,18.7,359
38.9862,-122.0482,305.7,2020-11-25,1838,62,286.9,D,1039.663330078125,89.9980239868164,111.80493927001952,12.5,60,11.0,337
39.9072,-122.2232,317.7,2020-11-25,1838,78,288.0,D,576.3300170898438,89.99613189697266,345.9405212402344,12.5,43,13.4,354
38.9338,-121.4251,302.4,2020-11-26,2100,26,288.3,D,837.1030883789062,89.99925231933594,158.20240783691406,15.5,29,27.3,342
38.5666,-120.7824,301.9,2020-11-26,2100,50,287.2,D,919.2928466796876,89.99832153320312,183.0223693847656,15.6,25,6.9,332
38.9441,-121.4073,313.1,2020-11-26,1921,63,285.8,D,1107.9893798828125,89.9950180053711,38.65741729736328,13.9,34,21.6,342
38.8516,-121.7206,335.5,2020-11-27,2143,90,295.8,D,2095.216552734375,89.99888610839844,143.53408813476562,15.3,35,5.9,101
36.3598,-118.3836,315.2,2020-11-27,1826,75,285.4,D,,,,8.8,12,2.4,153
39.3353,-121.7967,307.4,2020-11-27,2143,65,287.4,D,1185.8916015625,89.99496459960938,288.4097900390625,15.4,31,4.2,121
38.9809,-122.051,314.2,2020-11-27,2143,74,291.4,D,930.6702880859376,89.9989013671875,153.43617248535156,16.2,23,4.3,42
39.9105,-122.2332,302.4,2020-11-28,1908,52,289.6,D,354.3349609375,89.99862670898438,205.4688873291016,13.6,38,10.9,351
39.5799,-122.0786,308.5,2020-11-28,2048,67,294.3,D,1284.736083984375,89.99761962890625,296.5524597167969,16.4,28,8.1,339
39.9088,-122.2216,306.8,2020-11-28,1908,64,288.9,D,550.3167114257812,89.99714660644531,243.43621826171875,13.6,38,10.9,351
42.3757,-120.2766,304.3,2020-11-28,1908,58,275.9,D,-32768.0,0.0,-0.0,1.5,64,5.6,165
38.2564,-121.9588,310.4,2020-11-28,1909,70,292.0,D,1902.6546630859373,89.99227142333984,104.03746795654295,13.6,40,10.2,45
36.3539,-118.3955,309.5,2020-11-29,2130,66,288.9,D,,,,10.8,14,8.4,223
42.433,-120.2531,309.6,2020-11-29,2132,69,277.4,D,-32768.0,0.0,-0.0,6.4,47,8.7,187
39.3543,-121.9464,303.4,2020-11-29,2131,55,284.2,D,1430.3624267578125,89.99714660644531,190.3152618408203,15.9,32,1.8,349
42.488,-120.4497,311.6,2020-11-30,1855,54,277.5,D,-32768.0,0.0,-0.0,1.6,66,15.8,253
38.9717,-122.0435,301.3,2020-11-30,1856,46,288.5,D,1087.662841796875,89.99909973144531,286.3881225585937,11.1,43,5.9,349
38.6658,-122.8363,302.1,2020-11-30,1856,51,286.8,D,1630.66796875,89.99203491210938,90.00874328613281,13.3,53,1.9,338
42.5466,-123.4911,310.7,2020-12-01,2120,70,280.6,D,0.0,0.0,-0.0,10.7,50,4.4,99
39.3954,-121.6173,305.7,2020-12-01,2119,62,290.7,D,655.8656005859375,89.9775390625,225.00523376464844,14.4,42,1.1,180
39.1305,-121.94,335.0,2020-12-01,2119,89,295.1,D,1965.100830078125,89.9994125366211,8.425819396972656,18.9,25,9.7,338
42.6478,-123.1997,301.1,2020-12-01,1938,30,277.0,D,0.0,0.0,-0.0,5.1,61,6.6,103
33.9006,-117.6064,302.8,2020-12-02,920,52,276.2,N,,,,15.2,17,10.0,75
39.4244,-122.0596,304.7,2020-12-02,2202,56,291.8,D,2023.4337158203125,89.99817657470703,210.9676055908203,20.5,17,7.2,354
39.5415,-122.0882,306.8,2020-12-02,2024,64,293.2,D,1341.9781494140625,89.98577880859375,206.6153564453125,18.6,20,9.8,336
39.4806,-120.2399,328.3,2020-12-02,1844,86,275.2,D,0.0,89.99929809570312,225.00006103515625,1.1,68,2.9,173
34.0188,-117.385,321.5,2020-12-03,2105,79,296.7,D,,,,21.1,7,20.7,7
42.2799,-120.191,317.5,2020-12-03,2107,73,275.7,D,-32768.0,0.0,-0.0,3.0,52,8.3,236
33.7585,-117.6867,329.8,2020-12-03,1928,27,297.3,D,,,,18.9,9,21.3,51
41.6273,-120.8089,323.0,2020-12-03,2107,82,285.0,D,0.0,0.0,-0.0,8.3,48,8.5,168
41.0374,-121.4527,302.8,2020-12-04,2150,54,282.7,D,1074.202392578125,89.99855041503906,177.3997802734375,12.1,28,3.3,6
37.309,-121.8625,301.2,2020-12-04,1832,45,288.8,D,,,,11.5,55,1.1,342
39.6627,-121.8915,307.0,2020-12-04,2150,65,292.1,D,807.6644897460938,89.99227905273438,194.068115234375,17.7,26,5.9,308
38.9408,-122.1039,322.3,2020-12-04,2149,82,292.6,D,1397.766845703125,89.99845123291016,345.9626159667969,18.7,24,9.4,342
36.3557,-118.3959,312.8,2020-12-05,2053,73,290.1,D,,,,9.3,7,6.7,234
38.1717,-120.6353,308.8,2020-12-05,2054,68,293.6,D,2224.516357421875,89.99796295166016,296.5590515136719,18.3,30,3.6,186
35.8883,-118.4698,341.4,2020-12-05,2053,92,292.8,D,,,,17.4,10,5.4,233
42.3657,-120.2373,317.8,2020-12-05,2055,40,275.6,D,-32768.0,0.0,-0.0,1.4,53,12.6,204
35.8904,-118.4574,342.0,2020-12-05,2053,92,295.4,D,,,,18.2,10,5.4,233
42.2513,-120.1222,303.5,2020-12-07,1901,55,276.9,D,-32768.0,0.0,-0.0,2.5,57,6.5,109
34.9916,-120.4555,304.4,2020-12-07,1903,59,293.8,D,0.0,0.0,-0.0,19.9,27,23.3,68
42.5967,-124.3195,333.4,2020-12-07,2043,85,281.5,D,0.0,0.0,-0.0,16.4,56,9.4,88
38.6529,-122.0246,310.3,2020-12-08,2125,70,295.5,D,1561.7392578125,89.99838256835938,23.9633903503418,19.6,18,6.8,25
42.6315,-121.2222,318.4,2020-12-08,1944,78,280.4,D,0.0,0.0,-0.0,5.6,51,5.4,188
42.6186,-121.2289,323.2,2020-12-08,1944,82,280.8,D,0.0,0.0,-0.0,6.5,44,4.7,203
42.6012,-121.3366,315.0,2020-12-09,2031,63,275.7,D,0.0,0.0,-0.0,5.7,57,7.9,357
42.2457,-124.3059,333.9,2020-12-09,2209,86,285.9,D,144.25355529785156,89.9985122680664,158.2066192626953,13.9,64,12.1,350
38.9439,-122.1058,316.6,2020-12-09,2030,77,288.8,D,1374.768798828125,89.98992919921875,288.42095947265625,16.6,32,13.6,343
39.3501,-122.237,339.8,2020-12-10,2113,92,298.2,D,1801.2264404296875,89.99903106689453,5.191103458404541,18.8,14,1.9,68
42.2539,-124.2979,325.1,2020-12-10,555,100,278.1,N,307.18865966796875,89.99940490722656,357.87603759765625,9.9,64,14.3,49
39.2239,-122.2164,343.0,2020-12-10,2113,93,298.2,D,1386.593994140625,89.99203491210938,359.9877624511719,19.4,14,2.9,60
39.3589,-122.0584,353.7,2020-12-10,2113,92,295.6,D,1722.7021484375,89.96820831298828,180.13270568847656,19.0,19,2.7,293
42.3194,-120.2671,315.5,2020-12-10,2113,69,275.9,D,-32768.0,0.0,-0.0,0.1,55,10.9,214
38.4224,-120.2897,311.5,2020-12-11,1838,62,270.9,D,895.1649169921875,89.9982681274414,282.51971435546875,5.2,31,6.2,159
39.2877,-121.7981,307.0,2020-12-12,2100,65,281.9,D,1370.1151123046875,89.99890899658203,234.6883850097656,13.9,54,9.6,340
39.7408,-122.2825,337.8,2020-12-12,1920,91,283.7,D,1073.4029541015625,89.99848175048828,177.28211975097656,10.3,70,9.7,321
39.7133,-122.2526,310.8,2020-12-12,1920,70,280.5,D,1169.498779296875,89.99726867675781,160.0333251953125,10.7,67,11.3,323
39.7383,-122.2685,328.3,2020-12-12,1920,86,280.4,D,1132.3896484375,89.99591827392578,39.79352569580078,10.4,70,9.7,321
42.3456,-123.1909,313.3,2020-12-12,2101,73,275.1,D,0.0,0.0,-0.0,4.2,69,7.8,68
33.8919,-117.07,321.9,2020-12-13,1827,0,290.6,D,,,,16.5,19,11.7,79
33.8903,-117.0567,313.0,2020-12-13,1827,38,288.3,D,,,,16.4,19,11.7,79
33.9106,-117.0202,302.3,2020-12-13,902,48,277.7,N,,,,9.4,24,23.3,70
37.4502,-120.8246,300.2,2020-12-14,2048,32,285.4,D,,,,11.8,68,18.7,322
37.6706,-121.1188,305.0,2020-12-14,2048,60,284.8,D,,,,11.6,69,18.3,315
42.6355,-121.2815,308.2,2020-12-14,2049,50,269.5,D,0.0,0.0,-0.0,-0.5,70,4.5,299
40.959,-123.8998,309.6,2020-12-14,2049,60,275.3,D,1644.8408203125,89.99848937988281,238.57046508789065,6.5,75,4.8,333
39.7068,-122.2413,302.2,2020-12-14,1908,51,283.4,D,1174.5068359375,89.99408721923828,248.19497680664065,11.3,58,15.4,339
42.0879,-122.9845,314.8,2020-12-15,2132,54,276.7,D,35.942726135253906,89.9920425415039,269.9925842285156,5.6,81,15.2,175
35.9252,-119.3156,308.3,2020-12-16,1857,67,281.6,D,,,,6.4,80,1.1,342
37.7415,-121.1969,300.6,2020-12-16,1856,39,278.2,D,,,,5.9,89,6.5,109
35.8206,-119.2406,300.3,2020-12-16,1857,28,285.5,D,,,,7.1,77,1.6,297
39.6296,-121.9461,313.0,2020-12-17,2119,73,286.6,D,816.0349731445312,89.99806213378906,194.0446319580078,13.8,59,13.7,333
36.5519,-119.553,300.8,2020-12-17,2118,42,287.3,D,,,,12.9,63,7.1,330
41.3844,-123.9602,311.3,2020-12-17,1938,71,277.6,D,1109.2520751953125,89.99842071533203,32.904693603515625,6.5,85,9.2,318
38.9921,-122.0306,307.9,2020-12-17,2119,66,287.4,D,1113.6314697265625,89.99880981445312,41.98784637451172,13.4,61,12.4,343
36.6857,-120.0925,313.6,2020-12-17,2118,74,285.7,D,,,,13.4,68,12.8,344
36.5527,-119.4756,311.9,2020-12-18,1844,72,284.8,D,,,,8.7,85,7.4,133
38.9068,-122.0659,300.8,2020-12-18,1844,41,284.2,D,1497.725341796875,89.99897766113281,26.565547943115234,10.7,41,21.1,330
39.2784,-121.7687,300.2,2020-12-18,2024,31,284.9,D,1205.0523681640625,89.99903869628906,32.73332977294922,13.6,42,7.9,309
39.2843,-121.832,304.1,2020-12-18,2202,58,287.6,D,1479.254150390625,89.9977035522461,149.7570037841797,15.3,35,5.7,342
39.2863,-121.7899,308.7,2020-12-18,2202,67,286.6,D,1189.09228515625,89.99886322021484,253.4930725097656,14.8,40,3.4,328
39.7435,-122.302,319.8,2020-12-19,1926,59,271.7,D,1095.42578125,89.99476623535156,189.48898315429688,10.9,60,2.3,342
36.4815,-119.6442,300.6,2020-12-19,1927,39,285.4,D,,,,9.3,70,2.8,130
36.5499,-119.4729,303.7,2020-12-19,2106,57,290.3,D,,,,13.5,50,3.2,297
39.7467,-122.2966,315.6,2020-12-21,1914,76,285.8,D,1084.3983154296875,89.98938751220703,180.0582733154297,7.6,87,3.1,69
39.5337,-118.5783,357.6,2020-12-21,2054,86,289.5,D,,,,6.9,50,4.4,305
42.1665,-121.221,300.2,2020-12-21,2055,32,284.2,D,0.0,0.0,-0.0,9.3,51,8.8,168
38.9078,-122.7936,304.4,2020-12-21,2054,59,286.7,D,1939.4007568359373,89.99654388427734,139.40208435058594,15.7,35,5.4,290
38.995,-121.5726,300.4,2020-12-22,2137,36,287.3,D,1285.42626953125,89.98992156982422,341.5251770019531,14.2,49,17.7,331
36.608,-118.994,301.7,2020-12-22,2136,49,284.1,D,,,,11.0,44,5.4,222
34.3809,-118.9125,302.4,2020-12-22,1820,25,291.1,D,-32768.0,0.0,-0.0,17.9,24,6.4,63
35.6354,-118.4267,302.0,2020-12-22,2136,35,290.8,D,,,,17.5,18,12.6,268
36.8923,-121.3726,303.0,2020-12-23,1903,54,284.2,D,,,,12.8,42,10.9,46
42.3118,-123.1562,303.4,2020-12-23,525,55,271.2,N,0.0,0.0,-0.0,-3.1,77,4.8,138
36.2994,-121.2486,300.1,2020-12-23,1903,27,275.8,D,,,,13.1,22,2.9,187
38.9853,-122.0276,302.3,2020-12-23,1902,51,284.6,D,1242.6302490234375,89.99436950683594,224.9965057373047,12.6,24,24.8,336
39.6924,-122.2585,302.8,2020-12-24,2125,54,282.1,D,1289.6275634765625,89.99362182617188,53.11918258666992,13.4,28,5.7,108
39.2462,-121.1746,301.1,2020-12-24,2125,44,286.1,D,359.4312744140625,89.99771118164062,201.0440673828125,11.9,40,2.4,207
39.6909,-122.2709,304.8,2020-12-24,2125,60,278.5,D,1293.659912109375,89.99889373779297,339.6702575683594,13.3,28,5.7,108
33.4038,-117.2946,301.2,2020-12-25,927,39,282.2,N,,,,11.2,37,5.4,37
33.4061,-117.2872,306.2,2020-12-25,927,67,283.5,N,,,,11.6,40,9.0,360
34.2001,-117.4366,317.3,2020-12-26,2111,76,294.2,D,,,,16.1,32,12.4,188
34.2016,-117.4247,324.2,2020-12-26,2111,82,296.8,D,,,,16.9,32,12.4,188
34.2094,-117.4384,342.6,2020-12-26,2111,93,295.7,D,,,,16.4,32,12.4,188
34.2109,-117.4267,353.1,2020-12-26,2111,97,296.1,D,,,,15.9,32,10.2,203
37.4728,-121.0967,303.0,2020-12-27,1838,55,285.2,D,,,,8.6,89,6.6,135
36.1862,-119.1236,316.2,2020-12-28,1921,76,280.1,D,,,,12.6,60,7.2,108
39.3374,-123.2508,303.5,2020-12-28,1920,56,280.7,D,1384.75390625,89.99676513671875,203.96568298339844,9.4,50,2.5,172
37.6686,-121.356,304.1,2020-12-28,1921,50,281.4,D,,,,9.8,80,4.1,105
36.5846,-120.018,313.0,2020-12-28,2100,53,286.8,D,,,,13.6,50,3.1,126
39.1502,-122.6595,328.8,2020-12-29,1825,86,279.6,D,1704.0567626953125,89.99436950683594,135.00611877441406,8.4,34,1.8,360
39.141,-122.6551,310.0,2020-12-29,2143,69,284.9,D,1678.070068359375,89.96819305419922,270.0,12.6,17,2.6,34
39.7536,-122.2956,309.2,2020-12-29,625,77,276.7,N,1083.3572998046875,89.99116516113281,326.25830078125,9.0,42,21.4,343
41.6536,-121.415,300.8,2020-12-29,626,33,265.6,N,294.3833312988281,89.99117279052734,303.65606689453125,-3.9,73,11.2,327
41.0738,-124.0797,301.1,2020-12-29,2144,45,283.0,D,664.92578125,89.99877166748047,327.5268249511719,11.8,56,5.4,290
38.5327,-120.4283,308.6,2020-12-30,2048,67,280.8,D,865.0758056640625,89.99227905273438,255.94464111328125,9.5,21,6.6,279
39.743,-122.3002,327.3,2020-12-30,1908,85,284.1,D,1093.425537109375,89.9887466430664,314.9405822753906,7.7,59,6.0,147
36.2949,-121.2604,308.5,2020-12-30,1909,67,284.9,D,,,,9.7,41,2.0,45
37.4159,-120.6531,301.2,2020-12-31,2130,45,281.4,D,,,,12.5,63,23.9,314
39.1609,-122.9173,301.7,2020-12-31,2131,48,283.6,D,1318.0072021484375,89.98992919921875,198.45452880859372,10.2,74,10.0,311
37.7988,-121.1489,301.3,2020-12-31,2131,46,281.4,D,,,,13.3,62,21.1,316
39.7121,-122.2936,300.4,2020-12-31,2131,35,286.2,D,1239.583740234375,89.98993682861328,198.48388671875,13.6,55,14.0,342
38.7099,-122.8631,316.1,2020-12-31,2131,76,285.8,D,1589.6553955078125,57.233680725097656,225.0,13.2,58,10.1,297
38.504,-120.7749,301.1,2021-01-01,1856,44,277.6,D,1079.6387939453125,89.99678039550781,225.0050048828125,9.1,48,7.5,145
35.4145,-120.584,305.5,2021-01-01,2035,61,286.8,D,,,,13.9,48,10.9,34
35.4158,-120.5917,307.1,2021-01-01,2035,65,286.9,D,,,,13.9,48,10.9,34
