latitude,longitude,brightness,acq_date,acq_time,confidence,bright_t31,daynight,datetime,index_right,OBJECTID,YEAR_,STATE,AGENCY,UNIT_ID,FIRE_NAME,INC_NUM,ALARM_DATE,CONT_DATE,CAUSE,C_METHOD,OBJECTIVE,GIS_ACRES,COMMENTS,COMPLEX_NAME,IRWINID,FIRE_NUM,COMPLEX_ID,DECADES,spread_label,lat_round,lon_round,MapDate,StateAbbreviation,None,D0,D1,D2,D3,D4,ValidStart,ValidEnd,StatisticFormatID,lat_round_wx,lon_round_wx
33.3843,-117.4881,345.0,2020-08-12,1846,89,306.3,D,2020-08-12 18:46:00,,,,,,,,,,,,,,,,,,,,,0,33.38,-117.49,,,,,,,,,,,,,
33.4005,-117.4781,329.9,2020-06-09,1846,62,315.5,D,2020-06-09 18:46:00,,,,,,,,,,,,,,,,,,,,,0,33.4,-117.48,,,,,,,,,,,,,
33.4038,-117.2946,301.2,2020-12-25,0927,39,282.2,N,2020-12-25 09:27:00,7748.0,7750.0,2002.0,CA,CDF,MVU,GAVILAN,00001024,"Sun, 10 Feb 2002 08:00:00 GMT","Wed, 13 Feb 2002 08:00:00 GMT",5.0,2.0,1.0,5663.117,,,,00000116,,2000-2009,1,33.4,-117.29,,,,,,,,,,,,,
33.4061,-117.2872,306.2,2020-12-25,0927,67,283.5,N,2020-12-25 09:27:00,7748.0,7750.0,2002.0,CA,CDF,MVU,GAVILAN,00001024,"Sun, 10 Feb 2002 08:00:00 GMT","Wed, 13 Feb 2002 08:00:00 GMT",5.0,2.0,1.0,5663.117,,,,00000116,,2000-2009,1,33.41,-117.29,,,,,,,,,,,,,
33.4313,-117.4385,332.4,2020-06-09,1846,65,316.1,D,2020-06-09 18:46:00,10211.0,10213.0,1990.0,CA,USF,CNF,CASE,00000000,"Sat, 27 Oct 1990 07:00:00 GMT","Sun, 28 Oct 1990 07:00:00 GMT",9.0,8.0,1.0,2062.641,,,,00000055,,1990-1999,1,33.43,-117.44,,,,,,,,,,,,,
33.4313,-117.4385,332.4,2020-06-09,1846,65,316.1,D,2020-06-09 18:46:00,12569.0,12571.0,1979.0,CA,USF,CNF,JARDINE,00000000,"Mon, 11 Jun 1979 07:00:00 GMT","Tue, 12 Jun 1979 07:00:00 GMT",9.0,8.0,1.0,11672.89,,,,00000027,,1970-1979,1,33.43,-117.44,,,,,,,,,,,,,
33.4313,-117.4385,332.4,2020-06-09,1846,65,316.1,D,2020-06-09 18:46:00,17324.0,17326.0,1950.0,CA,USF,CNF, ,00000000,,,9.0,,1.0,10167.67,,,,00000003,,1950-1959,1,33.43,-117.44,,,,,,,,,,,,,
33.4469,-117.4501,306.8,2020-06-10,0547,26,292.7,N,2020-06-10 05:47:00,12569.0,12571.0,1979.0,CA,USF,CNF,JARDINE,00000000,"Mon, 11 Jun 1979 07:00:00 GMT","Tue, 12 Jun 1979 07:00:00 GMT",9.0,8.0,1.0,11672.89,,,,00000027,,1970-1979,1,33.45,-117.45,,,,,,,,,,,,,
33.4469,-117.4501,306.8,2020-06-10,0547,26,292.7,N,2020-06-10 05:47:00,14446.0,14448.0,1969.0,CA,USF,CNF, ,00000000,,,9.0,,1.0,15756.62,,,,00000062,,1960-1969,1,33.45,-117.45,,,,,,,,,,,,,
33.4469,-117.4501,306.8,2020-06-10,0547,26,292.7,N,2020-06-10 05:47:00,17324.0,17326.0,1950.0,CA,USF,CNF, ,00000000,,,9.0,,1.0,10167.67,,,,00000003,,1950-1959,1,33.45,-117.45,,,,,,,,,,,,,
33.6089,-117.3372,318.5,2020-03-06,1929,59,289.6,D,2020-03-06 19:29:00,12249.0,12251.0,1980.0,CA,CDF,RRU,TURNER,00022240,"Sun, 16 Nov 1980 08:00:00 GMT",,14.0,,1.0,31446.84,,,,00001727,,1980-1989,1,33.61,-117.34,,,,,,,,,,,,,
33.6089,-117.3372,318.5,2020-03-06,1929,59,289.6,D,2020-03-06 19:29:00,14252.0,14254.0,1970.0,CA,CDF,RRU,BOUNDARY,00000000,"Sun, 06 Sep 1970 07:00:00 GMT",,9.0,,1.0,1415.723,,,,00000686,,1970-1979,1,33.61,-117.34,,,,,,,,,,,,,
33.6089,-117.3372,318.5,2020-03-06,1929,59,289.6,D,2020-03-06 19:29:00,16115.0,16117.0,1957.0,CA,CDF,RRU,PEDERSON,00000000,"Mon, 17 Jun 1957 07:00:00 GMT",,14.0,,1.0,1979.395,,,,00000050,,1950-1959,1,33.61,-117.34,,,,,,,,,,,,,
33.6089,-117.3372,318.5,2020-03-06,1929,59,289.6,D,2020-03-06 19:29:00,17339.0,17341.0,1950.0,CA,CDF,RRU,MORRELL,00000000,"Sat, 05 Aug 1950 07:00:00 GMT",,14.0,,1.0,5117.615,,,,00000532,,1950-1959,1,33.61,-117.34,,,,,,,,,,,,,
33.6089,-117.3372,318.5,2020-03-06,1929,59,289.6,D,2020-03-06 19:29:00,21631.0,21633.0,1917.0,CA,USF,CNF, ,00000000,,,14.0,,1.0,10736.2,,,,00000009,,1950-1959,1,33.61,-117.34,,,,,,,,,,,,,
33.6246,-117.3643,315.2,2020-02-13,1828,73,290.0,D,2020-02-13 18:28:00,12259.0,12261.0,1980.0,CA,CDF,RRU,LAKELAND,00000000,,,9.0,,1.0,7010.857,,,,00001801,,1980-1989,1,33.62,-117.36,,,,,,,,,,,,,
33.6246,-117.3643,315.2,2020-02-13,1828,73,290.0,D,2020-02-13 18:28:00,21631.0,21633.0,1917.0,CA,USF,CNF, ,00000000,,,14.0,,1.0,10736.2,,,,00000009,,1950-1959,1,33.62,-117.36,,,,,,,,,,,,,
33.6309,-117.3837,346.8,2020-06-08,2117,92,308.8,D,2020-06-08 21:17:00,10363.0,10365.0,1989.0,CA,USF,CNF,ORTEGA,00000000,"Tue, 27 Jun 1989 07:00:00 GMT","Wed, 05 Jul 1989 07:00:00 GMT",9.0,8.0,1.0,7752.358,,,,00000025,,1980-1989,1,33.63,-117.38,,,,,,,,,,,,,
33.6309,-117.3837,346.8,2020-06-08,2117,92,308.8,D,2020-06-08 21:17:00,12259.0,12261.0,1980.0,CA,CDF,RRU,LAKELAND,00000000,,,9.0,,1.0,7010.857,,,,00001801,,1980-1989,1,33.63,-117.38,,,,,,,,,,,,,
33.6309,-117.3837,346.8,2020-06-08,2117,92,308.8,D,2020-06-08 21:17:00,21631.0,21633.0,1917.0,CA,USF,CNF, ,00000000,,,14.0,,1.0,10736.2,,,,00000009,,1950-1959,1,33.63,-117.38,,,,,,,,,,,,,
33.6253,-117.358,306.4,2020-02-13,1828,49,289.0,D,2020-02-13 18:28:00,12259.0,12261.0,1980.0,CA,CDF,RRU,LAKELAND,00000000,,,9.0,,1.0,7010.857,,,,00001801,,1980-1989,1,33.63,-117.36,,,,,,,,,,,,,
33.6253,-117.358,306.4,2020-02-13,1828,49,289.0,D,2020-02-13 18:28:00,17339.0,17341.0,1950.0,CA,CDF,RRU,MORRELL,00000000,"Sat, 05 Aug 1950 07:00:00 GMT",,14.0,,1.0,5117.615,,,,00000532,,1950-1959,1,33.63,-117.36,,,,,,,,,,,,,
33.6253,-117.358,306.4,2020-02-13,1828,49,289.0,D,2020-02-13 18:28:00,21631.0,21633.0,1917.0,CA,USF,CNF, ,00000000,,,14.0,,1.0,10736.2,,,,00000009,,1950-1959,1,33.63,-117.36,,,,,,,,,,,,,
33.671,-117.6949,328.9,2020-10-27,0945,100,289.1,N,2020-10-27 09:45:00,1561.0,1563.0,2020.0,CA,CDF,ORC,SILVERADO,20121364,"Mon, 26 Oct 2020 07:00:00 GMT","Mon, 02 Nov 2020 08:00:00 GMT",14.0,7.0,1.0,12469.21,,,{BDE833A4-B278-4418-8526-67F2BFC7D7CD},,,2020-January 2025,1,33.67,-117.69,,,,,,,,,,,,,
33.671,-117.6949,328.9,2020-10-27,0945,100,289.1,N,2020-10-27 09:45:00,6162.0,6164.0,2007.0,CA,CDF,ORC,SANTIAGO,00000085,"Sun, 21 Oct 2007 07:00:00 GMT","Thu, 08 Nov 2007 08:00:00 GMT",9.0,3.0,1.0,28429.98,,,,00000085,,2000-2009,1,33.67,-117.69,,,,,,,,,,,,,
33.671,-117.6949,328.9,2020-10-27,0945,100,289.1,N,2020-10-27 09:45:00,19539.0,19541.0,1931.0,CA,CCO,ORC, ,00000000,,,14.0,,1.0,7760.305,,,,00000000,,1950-1959,1,33.67,-117.69,,,,,,,,,,,,,
33.749,-117.7584,330.2,2020-10-26,2142,63,295.9,D,2020-10-26 21:42:00,6162.0,6164.0,2007.0,CA,CDF,ORC,SANTIAGO,00000085,"Sun, 21 Oct 2007 07:00:00 GMT","Thu, 08 Nov 2007 08:00:00 GMT",9.0,3.0,1.0,28429.98,,,,00000085,,2000-2009,1,33.75,-117.76,,,,,,,,,,,,,
33.749,-117.7584,330.2,2020-10-26,2142,63,295.9,D,2020-10-26 21:42:00,14786.0,14788.0,1967.0,CA,USF,CNF,PASEO GRANDE,00000000,,,14.0,,1.0,51076.48,,,,00000011,,1960-1969,1,33.75,-117.76,,,,,,,,,,,,,
33.749,-117.7584,330.2,2020-10-26,2142,63,295.9,D,2020-10-26 21:42:00,17710.0,17712.0,1948.0,CA,CCO,ORC,GREEN RIVER,00000000,,,14.0,,1.0,53080.39,,,,00000010,,1950-1959,1,33.75,-117.76,,,,,,,,,,,,,
33.7585,-117.6867,329.8,2020-12-03,1928,27,297.3,D,2020-12-03 19:28:00,1571.0,1573.0,2020.0,CA,CDF,ORC,BOND,20136890,"Thu, 03 Dec 2020 08:00:00 GMT","Mon, 07 Dec 2020 08:00:00 GMT",14.0,7.0,1.0,6681.099,,,{F7749F47-7C98-4CEC-A5DE-70DB9A9BE33F},,,2020-January 2025,1,33.76,-117.69,,,,,,,,,,,,,
33.7585,-117.6867,329.8,2020-12-03,1928,27,297.3,D,2020-12-03 19:28:00,8809.0,8811.0,1997.0,CA,CCO,ORC,BAKER,00052502,"Mon, 13 Oct 1997 07:00:00 GMT",,14.0,,1.0,6319.715,,,,00000000,,1990-1999,1,33.76,-117.69,,,,,,,,,,,,,
33.7585,-117.6867,329.8,2020-12-03,1928,27,297.3,D,2020-12-03 19:28:00,14786.0,14788.0,1967.0,CA,USF,CNF,PASEO GRANDE,00000000,,,14.0,,1.0,51076.48,,,,00000011,,1960-1969,1,33.76,-117.69,,,,,,,,,,,,,
33.7585,-117.6867,329.8,2020-12-03,1928,27,297.3,D,2020-12-03 19:28:00,17710.0,17712.0,1948.0,CA,CCO,ORC,GREEN RIVER,00000000,,,14.0,,1.0,53080.39,,,,00000010,,1950-1959,1,33.76,-117.69,,,,,,,,,,,,,
33.7585,-117.6867,329.8,2020-12-03,1928,27,297.3,D,2020-12-03 19:28:00,22154.0,22156.0,1914.0,CA,USF,CNF, ,00000000,,,14.0,,1.0,18754.99,,,,00000005,,1950-1959,1,33.76,-117.69,,,,,,,,,,,,,
33.8158,-117.4385,321.4,2020-05-19,1827,56,303.8,D,2020-05-19 18:27:00,,,,,,,,,,,,,,,,,,,,,0,33.82,-117.44,,,,,,,,,,,,,
33.8919,-117.07,321.9,2020-12-13,1827,0,290.6,D,2020-12-13 18:27:00,1590.0,1592.0,2020.0,CA,CDF,RRU,SANDERSON,00160421,"Sun, 13 Dec 2020 08:00:00 GMT","Mon, 14 Dec 2020 08:00:00 GMT",4.0,7.0,1.0,1954.651,,,{1FDE9A25-8AB5-4606-8F61-93EBFA5E7FF0},,,2020-January 2025,1,33.89,-117.07,,,,,,,,,,,,,
33.8919,-117.07,321.9,2020-12-13,1827,0,290.6,D,2020-12-13 18:27:00,8640.0,8642.0,1998.0,CA,CDF,RRU,EDNA,00055751,"Mon, 05 Oct 1998 07:00:00 GMT",,7.0,,1.0,28136.33,,,,00001596,,1990-1999,1,33.89,-117.07,,,,,,,,,,,,,
33.8919,-117.07,321.9,2020-12-13,1827,0,290.6,D,2020-12-13 18:27:00,15307.0,15309.0,1962.0,CA,CDF,RRU, ,00000000,,,14.0,,1.0,8238.681,,,,00000000,,1960-1969,1,33.89,-117.07,,,,,,,,,,,,,
33.8903,-117.0567,313.0,2020-12-13,1827,38,288.3,D,2020-12-13 18:27:00,560.0,561.0,2023.0,CA,CDF,RRU,RABBIT,00102458,"Fri, 14 Jul 2023 07:00:00 GMT","Sun, 23 Jul 2023 07:00:00 GMT",10.0,1.0,1.0,8354.776,,,{04F24B12-E13F-4C7E-80AF-C8AA1A4C8FAB},,,2020-January 2025,1,33.89,-117.06,,,,,,,,,,,,,
33.8903,-117.0567,313.0,2020-12-13,1827,38,288.3,D,2020-12-13 18:27:00,8640.0,8642.0,1998.0,CA,CDF,RRU,EDNA,00055751,"Mon, 05 Oct 1998 07:00:00 GMT",,7.0,,1.0,28136.33,,,,00001596,,1990-1999,1,33.89,-117.06,,,,,,,,,,,,,
33.8903,-117.0567,313.0,2020-12-13,1827,38,288.3,D,2020-12-13 18:27:00,15307.0,15309.0,1962.0,CA,CDF,RRU, ,00000000,,,14.0,,1.0,8238.681,,,,00000000,,1960-1969,1,33.89,-117.06,,,,,,,,,,,,,
33.9006,-117.6064,302.8,2020-12-02,0920,52,276.2,N,2020-12-02 09:20:00,1603.0,1605.0,2020.0,CA,CDF,RRU,AIRPORT,00154602,"Tue, 01 Dec 2020 08:00:00 GMT","Sun, 13 Dec 2020 08:00:00 GMT",14.0,2.0,1.0,1085.7,,,,,,2020-January 2025,1,33.9,-117.61,,,,,,,,,,,,,
33.8962,-116.5954,338.4,2020-11-08,1756,91,286.5,D,2020-11-08 17:56:00,,,,,,,,,,,,,,,,,,,,,0,33.9,-116.6,,,,,,,,,,,,,
33.9,-116.5659,324.7,2020-11-08,1756,83,286.9,D,2020-11-08 17:56:00,,,,,,,,,,,,,,,,,,,,,0,33.9,-116.57,,,,,,,,,,,,,
33.914,-117.6981,329.5,2020-10-27,0529,89,283.5,N,2020-10-27 05:29:00,1560.0,1562.0,2020.0,CA,CDF,ORC,BLUE RIDGE,20121612,"Mon, 26 Oct 2020 07:00:00 GMT","Mon, 02 Nov 2020 08:00:00 GMT",14.0,7.0,1.0,13694.53,,,{B2E115D6-E687-4E3F-8309-0EAF6530522A},,,2020-January 2025,1,33.91,-117.7,,,,,,,,,,,,,
33.914,-117.6981,329.5,2020-10-27,0529,89,283.5,N,2020-10-27 05:29:00,5727.0,5729.0,2008.0,CA,CCO,RRU,FREEWAY,099962,"Sat, 15 Nov 2008 08:00:00 GMT","Tue, 18 Nov 2008 08:00:00 GMT",10.0,8.0,1.0,30305.23,,,,075221,,2000-2009,1,33.91,-117.7,,,,,,,,,,,,,
33.914,-117.6981,329.5,2020-10-27,0529,89,283.5,N,2020-10-27 05:29:00,12252.0,12254.0,1980.0,CA,CCO,ORC,OWL,00000000,,,14.0,,1.0,18332.29,,,,00000000,,1980-1989,1,33.91,-117.7,,,,,,,,,,,,,
33.9106,-117.0202,302.3,2020-12-13,0902,48,277.7,N,2020-12-13 09:02:00,560.0,561.0,2023.0,CA,CDF,RRU,RABBIT,00102458,"Fri, 14 Jul 2023 07:00:00 GMT","Sun, 23 Jul 2023 07:00:00 GMT",10.0,1.0,1.0,8354.776,,,{04F24B12-E13F-4C7E-80AF-C8AA1A4C8FAB},,,2020-January 2025,1,33.91,-117.02,,,,,,,,,,,,,
33.9106,-117.0202,302.3,2020-12-13,0902,48,277.7,N,2020-12-13 09:02:00,8640.0,8642.0,1998.0,CA,CDF,RRU,EDNA,00055751,"Mon, 05 Oct 1998 07:00:00 GMT",,7.0,,1.0,28136.33,,,,00001596,,1990-1999,1,33.91,-117.02,,,,,,,,,,,,,
33.9106,-117.0202,302.3,2020-12-13,0902,48,277.7,N,2020-12-13 09:02:00,13404.0,13406.0,1975.0,CA,CDF,RRU,BADLANDS,00000000,"Mon, 22 Sep 1975 07:00:00 GMT",,14.0,,1.0,1710.773,,,,00000950,,1970-1979,1,33.91,-117.02,,,,,,,,,,,,,
33.9106,-117.0202,302.3,2020-12-13,0902,48,277.7,N,2020-12-13 09:02:00,15314.0,15316.0,1962.0,CA,CDF,RRU,JACKRABBIT,00000000,"Sun, 22 Jul 1962 07:00:00 GMT",,14.0,,1.0,2987.006,,,,00000327,,1960-1969,1,33.91,-117.02,,,,,,,,,,,,,
33.9106,-117.0202,302.3,2020-12-13,0902,48,277.7,N,2020-12-13 09:02:00,22716.0,22718.0,1900.0,CA,CDF,RRU, ,00000000,,,14.0,,1.0,978.7541,,,,00000000,,1950-1959,1,33.91,-117.02,,,,,,,,,,,,,
33.9623,-117.4136,320.0,2020-02-06,1821,78,291.6,D,2020-02-06 18:21:00,,,,,,,,,,,,,,,,,,,,,0,33.96,-117.41,,,,,,,,,,,,,
33.9824,-116.9658,311.7,2020-08-01,0523,72,297.5,N,2020-08-01 05:23:00,,,,,,,,,,,,,,,,,,,,,0,33.98,-116.97,,,,,,,,,,,,,
33.9795,-116.9197,321.2,2020-08-01,0939,100,297.0,N,2020-08-01 09:39:00,1551.0,1553.0,2020.0,CA,CDF,RRU,APPLE,00996640,"Fri, 31 Jul 2020 07:00:00 GMT","Sun, 15 Nov 2020 08:00:00 GMT",2.0,1.0,1.0,33235.8,,,{92EB6A48-F988-48C5-BE65-EB3140DC6E27},,,2020-January 2025,1,33.98,-116.92,,,,,,,,,,,,,
33.9795,-116.9197,321.2,2020-08-01,0939,100,297.0,N,2020-08-01 09:39:00,3415.0,3417.0,2016.0,CA,CDF,RRU,BOGART,105125,"Tue, 30 Aug 2016 07:00:00 GMT","Fri, 02 Sep 2016 07:00:00 GMT",14.0,2.0,1.0,1458.703,,,{5537B4D8-8F03-4ED4-82DE-7E59FBEA26FA},,,2010-2019,1,33.98,-116.92,,,,,,,,,,,,,
33.9795,-116.9197,321.2,2020-08-01,0939,100,297.0,N,2020-08-01 09:39:00,9109.0,9111.0,1996.0,CA,CDF,RRU,CHISHOLM,00029488,"Mon, 10 Jun 1996 07:00:00 GMT",,2.0,,1.0,471.7425,,,,00000921,,1990-1999,0,33.98,-116.92,,,,,,,,,,,,,
33.9795,-116.9197,321.2,2020-08-01,0939,100,297.0,N,2020-08-01 09:39:00,19877.0,19879.0,1929.0,CA,USF,BDF, ,00000000,,,14.0,,1.0,2573.706,,,,00000000,,1950-1959,1,33.98,-116.92,,,,,,,,,,,,,
33.9788,-116.7937,355.1,2020-08-07,1827,97,315.1,D,2020-08-07 18:27:00,,,,,,,,,,,,,,,,,,,,,0,33.98,-116.79,,,,,,,,,,,,,
33.9898,-116.8036,473.4,2020-08-07,1827,100,337.4,D,2020-08-07 18:27:00,1551.0,1553.0,2020.0,CA,CDF,RRU,APPLE,00996640,"Fri, 31 Jul 2020 07:00:00 GMT","Sun, 15 Nov 2020 08:00:00 GMT",2.0,1.0,1.0,33235.8,,,{92EB6A48-F988-48C5-BE65-EB3140DC6E27},,,2020-January 2025,1,33.99,-116.8,,,,,,,,,,,,,
33.9958,-116.9685,308.9,2020-08-01,0523,55,296.8,N,2020-08-01 05:23:00,12668.0,12670.0,1979.0,CA,CDF,RRU, ,00000000,,,14.0,,1.0,622.5773,,,,00000000,,1970-1979,1,34.0,-116.97,,,,,,,,,,,,,
33.9958,-116.9685,308.9,2020-08-01,0523,55,296.8,N,2020-08-01 05:23:00,21077.0,21079.0,1921.0,CA,USF,BDF, ,00000000,,,14.0,,1.0,949.5878,,,,00000000,,1950-1959,1,34.0,-116.97,,,,,,,,,,,,,
33.9992,-116.9328,316.1,2020-08-01,0939,50,297.7,N,2020-08-01 09:39:00,1551.0,1553.0,2020.0,CA,CDF,RRU,APPLE,00996640,"Fri, 31 Jul 2020 07:00:00 GMT","Sun, 15 Nov 2020 08:00:00 GMT",2.0,1.0,1.0,33235.8,,,{92EB6A48-F988-48C5-BE65-EB3140DC6E27},,,2020-January 2025,1,34.0,-116.93,,,,,,,,,,,,,
33.9992,-116.9328,316.1,2020-08-01,0939,50,297.7,N,2020-08-01 09:39:00,9324.0,9326.0,1995.0,CA,CDF,RRU,BLUFF,00050406,"Fri, 13 Oct 1995 07:00:00 GMT",,4.0,,1.0,2460.567,,,,00001738,,1990-1999,1,34.0,-116.93,,,,,,,,,,,,,
33.997,-116.9185,391.1,2020-08-01,2041,100,313.0,D,2020-08-01 20:41:00,1551.0,1553.0,2020.0,CA,CDF,RRU,APPLE,00996640,"Fri, 31 Jul 2020 07:00:00 GMT","Sun, 15 Nov 2020 08:00:00 GMT",2.0,1.0,1.0,33235.8,,,{92EB6A48-F988-48C5-BE65-EB3140DC6E27},,,2020-January 2025,1,34.0,-116.92,,,,,,,,,,,,,
33.997,-116.9185,391.1,2020-08-01,2041,100,313.0,D,2020-08-01 20:41:00,4736.0,4738.0,2012.0,CA,CDF,RRU,BLUFF,00092441,"Mon, 17 Sep 2012 07:00:00 GMT","Mon, 17 Sep 2012 07:00:00 GMT",11.0,2.0,1.0,44.45541,,,,,,2010-2019,0,34.0,-116.92,,,,,,,,,,,,,
33.997,-116.9185,391.1,2020-08-01,2041,100,313.0,D,2020-08-01 20:41:00,8226.0,8228.0,2000.0,CA,CDF,RRU,BLACK RANCH,00058237,"Sat, 09 Sep 2000 07:00:00 GMT",,2.0,,1.0,443.8463,,,,00001454,,2000-2009,0,34.0,-116.92,,,,,,,,,,,,,
33.997,-116.9185,391.1,2020-08-01,2041,100,313.0,D,2020-08-01 20:41:00,9324.0,9326.0,1995.0,CA,CDF,RRU,BLUFF,00050406,"Fri, 13 Oct 1995 07:00:00 GMT",,4.0,,1.0,2460.567,,,,00001738,,1990-1999,1,34.0,-116.92,,,,,,,,,,,,,
33.997,-116.9185,391.1,2020-08-01,2041,100,313.0,D,2020-08-01 20:41:00,17490.0,17492.0,1950.0,CA,USF,BDF, ,00000000,,,14.0,,1.0,248.3218,,,,00000000,,1950-1959,0,34.0,-116.92,,,,,,,,,,,,,
34.0124,-117.5372,323.2,2020-04-22,1846,31,308.4,D,2020-04-22 18:46:00,,,,,,,,,,,,,,,,,,,,,0,34.01,-117.54,,,,,,,,,,,,,
34.0117,-117.5385,329.6,2020-05-08,1845,62,316.3,D,2020-05-08 18:45:00,,,,,,,,,,,,,,,,,,,,,0,34.01,-117.54,,,,,,,,,,,,,
34.0105,-117.5431,328.9,2020-05-11,2053,41,312.0,D,2020-05-11 20:53:00,,,,,,,,,,,,,,,,,,,,,0,34.01,-117.54,,,,,,,,,,,,,
34.0188,-117.385,321.5,2020-12-03,2105,79,296.7,D,2020-12-03 21:05:00,14627.0,14629.0,1968.0,CA,CDF,RRU, ,00000000,,,14.0,,1.0,809.9741,,,,00000000,,1960-1969,1,34.02,-117.38,,,,,,,,,,,,,
34.0177,-116.7816,312.5,2020-08-05,0636,85,290.0,N,2020-08-05 06:36:00,1551.0,1553.0,2020.0,CA,CDF,RRU,APPLE,00996640,"Fri, 31 Jul 2020 07:00:00 GMT","Sun, 15 Nov 2020 08:00:00 GMT",2.0,1.0,1.0,33235.8,,,{92EB6A48-F988-48C5-BE65-EB3140DC6E27},,,2020-January 2025,1,34.02,-116.78,,,,,,,,,,,,,
34.0177,-116.7816,312.5,2020-08-05,0636,85,290.0,N,2020-08-05 06:36:00,17098.0,17100.0,1951.0,CA,CDF,RRU,GASTON,00000000,"Wed, 12 Sep 1951 07:00:00 GMT",,14.0,,1.0,14205.01,,,,00000486,,1950-1959,1,34.02,-116.78,,,,,,,,,,,,,
34.038,-117.3762,333.7,2020-05-11,2053,77,313.5,D,2020-05-11 20:53:00,,,,,,,,,,,,,,,,,,,,,0,34.04,-117.38,,,,,,,,,,,,,
34.0409,-117.369,331.6,2020-05-08,1845,63,318.4,D,2020-05-08 18:45:00,,,,,,,,,,,,,,,,,,,,,0,34.04,-117.37,,,,,,,,,,,,,
34.0401,-117.3685,329.5,2020-05-24,1845,73,313.7,D,2020-05-24 18:45:00,,,,,,,,,,,,,,,,,,,,,0,34.04,-117.37,,,,,,,,,,,,,
34.0424,-116.9013,337.0,2020-08-02,1022,100,296.1,N,2020-08-02 10:22:00,1551.0,1553.0,2020.0,CA,CDF,RRU,APPLE,00996640,"Fri, 31 Jul 2020 07:00:00 GMT","Sun, 15 Nov 2020 08:00:00 GMT",2.0,1.0,1.0,33235.8,,,{92EB6A48-F988-48C5-BE65-EB3140DC6E27},,,2020-January 2025,1,34.04,-116.9,,,,,,,,,,,,,
34.0351,-116.838,337.5,2020-08-02,0605,100,300.1,N,2020-08-02 06:05:00,1551.0,1553.0,2020.0,CA,CDF,RRU,APPLE,00996640,"Fri, 31 Jul 2020 07:00:00 GMT","Sun, 15 Nov 2020 08:00:00 GMT",2.0,1.0,1.0,33235.8,,,{92EB6A48-F988-48C5-BE65-EB3140DC6E27},,,2020-January 2025,1,34.04,-116.84,,,,,,,,,,,,,
34.0351,-116.838,337.5,2020-08-02,0605,100,300.1,N,2020-08-02 06:05:00,4307.0,4309.0,2013.0,CA,USF,BDF,HATHAWAY,00000077,"Thu, 06 Jun 2013 07:00:00 GMT","Thu, 20 Jun 2013 07:00:00 GMT",4.0,7.0,1.0,3779.732,cooking tortillas CALFIRE #058738,,,,,2010-2019,1,34.04,-116.84,,,,,,,,,,,,,
34.0351,-116.838,337.5,2020-08-02,0605,100,300.1,N,2020-08-02 06:05:00,17098.0,17100.0,1951.0,CA,CDF,RRU,GASTON,00000000,"Wed, 12 Sep 1951 07:00:00 GMT",,14.0,,1.0,14205.01,,,,00000486,,1950-1959,1,34.04,-116.84,,,,,,,,,,,,,
34.0455,-117.5512,315.9,2020-03-28,1852,60,300.5,D,2020-03-28 18:52:00,,,,,,,,,,,,,,,,,,,,,0,34.05,-117.55,,,,,,,,,,,,,
34.0502,-116.9118,346.2,2020-08-04,0553,100,298.0,N,2020-08-04 05:53:00,1551.0,1553.0,2020.0,CA,CDF,RRU,APPLE,00996640,"Fri, 31 Jul 2020 07:00:00 GMT","Sun, 15 Nov 2020 08:00:00 GMT",2.0,1.0,1.0,33235.8,,,{92EB6A48-F988-48C5-BE65-EB3140DC6E27},,,2020-January 2025,1,34.05,-116.91,,,,,,,,,,,,,
34.0454,-116.7787,327.1,2020-08-05,1839,39,307.3,D,2020-08-05 18:39:00,6508.0,6510.0,2006.0,CA,USF,BDF,MILLARD,00006773,"Sun, 09 Jul 2006 07:00:00 GMT","Tue, 01 Aug 2006 07:00:00 GMT",1.0,7.0,1.0,24218.9,Perimeter is edgematched with Sawtooth Complex,MILLARD COMPLEX,,00000083,CXH6,2000-2009,1,34.05,-116.78,,,,,,,,,,,,,
34.0454,-116.7787,327.1,2020-08-05,1839,39,307.3,D,2020-08-05 18:39:00,17098.0,17100.0,1951.0,CA,CDF,RRU,GASTON,00000000,"Wed, 12 Sep 1951 07:00:00 GMT",,14.0,,1.0,14205.01,,,,00000486,,1950-1959,1,34.05,-116.78,,,,,,,,,,,,,
34.0554,-116.8038,362.4,2020-08-02,1022,100,300.7,N,2020-08-02 10:22:00,1551.0,1553.0,2020.0,CA,CDF,RRU,APPLE,00996640,"Fri, 31 Jul 2020 07:00:00 GMT","Sun, 15 Nov 2020 08:00:00 GMT",2.0,1.0,1.0,33235.8,,,{92EB6A48-F988-48C5-BE65-EB3140DC6E27},,,2020-January 2025,1,34.06,-116.8,,,,,,,,,,,,,
34.0792,-116.8254,370.3,2020-08-03,0927,100,303.1,N,2020-08-03 09:27:00,1551.0,1553.0,2020.0,CA,CDF,RRU,APPLE,00996640,"Fri, 31 Jul 2020 07:00:00 GMT","Sun, 15 Nov 2020 08:00:00 GMT",2.0,1.0,1.0,33235.8,,,{92EB6A48-F988-48C5-BE65-EB3140DC6E27},,,2020-January 2025,1,34.08,-116.83,,,,,,,,,,,,,
34.0762,-116.7459,304.4,2020-08-04,1009,38,294.1,N,2020-08-04 10:09:00,6508.0,6510.0,2006.0,CA,USF,BDF,MILLARD,00006773,"Sun, 09 Jul 2006 07:00:00 GMT","Tue, 01 Aug 2006 07:00:00 GMT",1.0,7.0,1.0,24218.9,Perimeter is edgematched with Sawtooth Complex,MILLARD COMPLEX,,00000083,CXH6,2000-2009,1,34.08,-116.75,,,,,,,,,,,,,
34.0963,-117.3899,312.8,2020-03-28,1852,65,299.3,D,2020-03-28 18:52:00,,,,,,,,,,,,,,,,,,,,,0,34.1,-117.39,,,,,,,,,,,,,
34.1211,-119.137,319.1,2020-05-20,1910,45,298.5,D,2020-05-20 19:10:00,,,,,,,,,,,,,,,,,,,,,0,34.12,-119.14,,,,,,,,,,,,,
34.1237,-117.9331,308.1,2020-01-24,1851,61,295.8,D,2020-01-24 18:51:00,19945.0,19947.0,1929.0,CA,CCO,LAC,ROCK PIT NO. 46,00000000,"Fri, 21 Jun 1929 07:00:00 GMT",,14.0,,1.0,145.0899,,,,00000000,,1950-1959,0,34.12,-117.93,,,,,,,,,,,,,
34.1154,-116.9441,368.0,2020-09-14,1003,100,292.0,N,2020-09-14 10:03:00,1557.0,1559.0,2020.0,CA,USF,BDF,EL DORADO,00012925,"Sat, 05 Sep 2020 07:00:00 GMT","Mon, 16 Nov 2020 08:00:00 GMT",14.0,2.0,1.0,22503.71,,,,,,2020-January 2025,1,34.12,-116.94,,,,,,,,,,,,,
34.1313,-116.3499,330.7,2020-05-11,1916,80,312.2,D,2020-05-11 19:16:00,,,,,,,,,,,,,,,,,,,,,0,34.13,-116.35,,,,,,,,,,,,,
34.1689,-119.0904,333.2,2020-07-09,2035,64,306.0,D,2020-07-09 20:35:00,,,,,,,,,,,,,,,,,,,,,0,34.17,-119.09,,,,,,,,,,,,,
34.1812,-117.4435,338.4,2020-06-17,2111,68,306.8,D,2020-06-17 21:11:00,1185.0,1187.0,2021.0,CA,CDF,BDU,SOUTH,00012298,"Wed, 25 Aug 2021 07:00:00 GMT","Thu, 02 Sep 2021 07:00:00 GMT",14.0,3.0,1.0,810.9695,,,{AC34C5D2-D3D5-49C3-8CDD-A49E4B8E2186},,,2020-January 2025,1,34.18,-117.44,,,,,,,,,,,,,
34.1812,-117.4435,338.4,2020-06-17,2111,68,306.8,D,2020-06-17 21:11:00,7401.0,7403.0,2003.0,CA,USF,BDF,GRAND PRIX,00000000,"Tue, 21 Oct 2003 07:00:00 GMT","Fri, 14 Nov 2003 08:00:00 GMT",7.0,8.0,1.0,50617.94,,,,00000144,,2000-2009,1,34.18,-117.44,,,,,,,,,,,,,
34.1812,-117.4435,338.4,2020-06-17,2111,68,306.8,D,2020-06-17 21:11:00,13477.0,13479.0,1975.0,CA,USF,BDF, ,00000000,,,14.0,,1.0,170.0033,,,,00000000,,1970-1979,0,34.18,-117.44,,,,,,,,,,,,,
34.1812,-117.4435,338.4,2020-06-17,2111,68,306.8,D,2020-06-17 21:11:00,20471.0,20473.0,1925.0,CA,USF,BDF, ,00000000,,,14.0,,1.0,1184.951,,,,00000000,,1950-1959,1,34.18,-117.44,,,,,,,,,,,,,
34.2001,-117.4366,317.3,2020-12-26,2111,76,294.2,D,2020-12-26 21:11:00,7401.0,7403.0,2003.0,CA,USF,BDF,GRAND PRIX,00000000,"Tue, 21 Oct 2003 07:00:00 GMT","Fri, 14 Nov 2003 08:00:00 GMT",7.0,8.0,1.0,50617.94,,,,00000144,,2000-2009,1,34.2,-117.44,,,,,,,,,,,,,
34.2001,-117.4366,317.3,2020-12-26,2111,76,294.2,D,2020-12-26 21:11:00,14216.0,14218.0,1970.0,CA,USF,BDF, ,00000000,"Mon, 28 Sep 1970 07:00:00 GMT","Sat, 17 Oct 1970 07:00:00 GMT",9.0,8.0,1.0,37472.16,,,,00000224,,1970-1979,1,34.2,-117.44,,,,,,,,,,,,,
34.2001,-117.4366,317.3,2020-12-26,2111,76,294.2,D,2020-12-26 21:11:00,20471.0,20473.0,1925.0,CA,USF,BDF, ,00000000,,,14.0,,1.0,1184.951,,,,00000000,,1950-1959,1,34.2,-117.44,,,,,,,,,,,,,
34.2016,-117.4247,324.2,2020-12-26,2111,82,296.8,D,2020-12-26 21:11:00,7401.0,7403.0,2003.0,CA,USF,BDF,GRAND PRIX,00000000,"Tue, 21 Oct 2003 07:00:00 GMT","Fri, 14 Nov 2003 08:00:00 GMT",7.0,8.0,1.0,50617.94,,,,00000144,,2000-2009,1,34.2,-117.42,,,,,,,,,,,,,
34.2016,-117.4247,324.2,2020-12-26,2111,82,296.8,D,2020-12-26 21:11:00,13410.0,13412.0,1975.0,CA,USF,BDF, ,00000000,"Mon, 22 Sep 1975 07:00:00 GMT","Tue, 23 Sep 1975 07:00:00 GMT",2.0,8.0,1.0,1454.665,,,,00000211,,1970-1979,1,34.2,-117.42,,,,,,,,,,,,,
34.2108,-118.0543,305.1,2020-09-16,0951,61,294.1,N,2020-09-16 09:51:00,1541.0,1543.0,2020.0,CA,USF,ANF,BOBCAT,00003687,"Sun, 06 Sep 2020 07:00:00 GMT","Mon, 19 Oct 2020 07:00:00 GMT",14.0,7.0,1.0,115998.0,,,{56C3E0AE-98EF-4433-863D-23A5DFF3D0C2},,,2020-January 2025,1,34.21,-118.05,,,,,,,,,,,,,
34.2108,-118.0543,305.1,2020-09-16,0951,61,294.1,N,2020-09-16 09:51:00,16550.0,16552.0,1954.0,CA,CCO,LAC,MONROVIA PEAK,00000000,"Mon, 27 Dec 1954 08:00:00 GMT",,14.0,,1.0,13869.62,1954 fire and 1954 fire are very similar.,,,00000000,,1950-1959,1,34.21,-118.05,,,,,,,,,,,,,
34.2108,-118.0543,305.1,2020-09-16,0951,61,294.1,N,2020-09-16 09:51:00,16711.0,16713.0,1953.0,CA,CCO,LAC,MONROVIA PEAK ,00031000,"Sun, 27 Dec 1953 08:00:00 GMT",,14.0,,1.0,14061.26,1954 fire and 1954 fire are very similar.,,,00000422,,1950-1959,1,34.21,-118.05,,,,,,,,,,,,,
34.2108,-118.0543,305.1,2020-09-16,0951,61,294.1,N,2020-09-16 09:51:00,22713.0,22715.0,1900.0,CA,CCO,LAC,BIG,00000000,,,14.0,,1.0,16960.49,,,,00000000,,1950-1959,1,34.21,-118.05,,,,,,,,,,,,,
34.2115,-117.9333,334.2,2020-09-11,1858,84,305.4,D,2020-09-11 18:58:00,1541.0,1543.0,2020.0,CA,USF,ANF,BOBCAT,00003687,"Sun, 06 Sep 2020 07:00:00 GMT","Mon, 19 Oct 2020 07:00:00 GMT",14.0,7.0,1.0,115998.0,,,{56C3E0AE-98EF-4433-863D-23A5DFF3D0C2},,,2020-January 2025,1,34.21,-117.93,,,,,,,,,,,,,
34.2115,-117.9333,334.2,2020-09-11,1858,84,305.4,D,2020-09-11 18:58:00,14577.0,14579.0,1968.0,CA,CCO,LAC,CANYON INN,00031000,"Fri, 23 Aug 1968 07:00:00 GMT",,14.0,,1.0,19055.69,,,,00000030,,1960-1969,1,34.21,-117.93,,,,,,,,,,,,,
34.2115,-117.9333,334.2,2020-09-11,1858,84,305.4,D,2020-09-11 18:58:00,15928.0,15930.0,1958.0,CA,CCO,LAC, ,00000000,"Thu, 02 Oct 1958 07:00:00 GMT",,14.0,,1.0,13943.54,,,,00000000,,1950-1959,1,34.21,-117.93,,,,,,,,,,,,,
34.2115,-117.9333,334.2,2020-09-11,1858,84,305.4,D,2020-09-11 18:58:00,20553.0,20555.0,1924.0,CA,CCO,LAC,SAN GABRIEL,00000000,"Sun, 31 Aug 1924 07:00:00 GMT",,14.0,,1.0,43049.91,,,,00000000,,1950-1959,1,34.21,-117.93,,,,,,,,,,,,,
34.2094,-117.4384,342.6,2020-12-26,2111,93,295.7,D,2020-12-26 21:11:00,7401.0,7403.0,2003.0,CA,USF,BDF,GRAND PRIX,00000000,"Tue, 21 Oct 2003 07:00:00 GMT","Fri, 14 Nov 2003 08:00:00 GMT",7.0,8.0,1.0,50617.94,,,,00000144,,2000-2009,1,34.21,-117.44,,,,,,,,,,,,,
34.2094,-117.4384,342.6,2020-12-26,2111,93,295.7,D,2020-12-26 21:11:00,14216.0,14218.0,1970.0,CA,USF,BDF, ,00000000,"Mon, 28 Sep 1970 07:00:00 GMT","Sat, 17 Oct 1970 07:00:00 GMT",9.0,8.0,1.0,37472.16,,,,00000224,,1970-1979,1,34.21,-117.44,,,,,,,,,,,,,
34.2109,-117.4267,353.1,2020-12-26,2111,97,296.1,D,2020-12-26 21:11:00,7401.0,7403.0,2003.0,CA,USF,BDF,GRAND PRIX,00000000,"Tue, 21 Oct 2003 07:00:00 GMT","Fri, 14 Nov 2003 08:00:00 GMT",7.0,8.0,1.0,50617.94,,,,00000144,,2000-2009,1,34.21,-117.43,,,,,,,,,,,,,
34.2109,-117.4267,353.1,2020-12-26,2111,97,296.1,D,2020-12-26 21:11:00,13410.0,13412.0,1975.0,CA,USF,BDF, ,00000000,"Mon, 22 Sep 1975 07:00:00 GMT","Tue, 23 Sep 1975 07:00:00 GMT",2.0,8.0,1.0,1454.665,,,,00000211,,1970-1979,1,34.21,-117.43,,,,,,,,,,,,,
34.2109,-117.4267,353.1,2020-12-26,2111,97,296.1,D,2020-12-26 21:11:00,14216.0,14218.0,1970.0,CA,USF,BDF, ,00000000,"Mon, 28 Sep 1970 07:00:00 GMT","Sat, 17 Oct 1970 07:00:00 GMT",9.0,8.0,1.0,37472.16,,,,00000224,,1970-1979,1,34.21,-117.43,,,,,,,,,,,,,
34.2135,-116.9846,365.4,2020-05-14,2124,100,299.7,D,2020-05-14 21:24:00,,,,,,,,,,,,,,,,,,,,,0,34.21,-116.98,,,,,,,,,,,,,
34.2211,-116.9929,330.1,2020-05-21,2130,72,295.6,D,2020-05-21 21:30:00,14214.0,14216.0,1970.0,CA,USF,BDF,BEAR,00000000,"Wed, 11 Nov 1970 08:00:00 GMT","Thu, 19 Nov 1970 08:00:00 GMT",4.0,8.0,1.0,51655.25,,,,00000241,,1970-1979,1,34.22,-116.99,,,,,,,,,,,,,
34.2211,-116.9929,330.1,2020-05-21,2130,72,295.6,D,2020-05-21 21:30:00,22358.0,22360.0,1912.0,CA,USF,BDF, ,00000000,,,14.0,,1.0,306.1525,,,,00000000,,1950-1959,0,34.22,-116.99,,,,,,,,,,,,,
34.2214,-116.9761,323.1,2020-05-15,1851,65,299.4,D,2020-05-15 18:51:00,,,,,,,,,,,,,,,,,,,,,0,34.22,-116.98,,,,,,,,,,,,,
34.2151,-116.9677,336.8,2020-05-14,2124,85,293.6,D,2020-05-14 21:24:00,,,,,,,,,,,,,,,,,,,,,0,34.22,-116.97,,,,,,,,,,,,,
34.2339,-119.2486,311.1,2020-11-13,2130,0,291.7,D,2020-11-13 21:30:00,,,,,,,,,,,,,,,,,,,,,0,34.23,-119.25,,,,,,,,,,,,,
34.2279,-118.0611,317.4,2020-01-24,1851,78,287.0,D,2020-01-24 18:51:00,1541.0,1543.0,2020.0,CA,USF,ANF,BOBCAT,00003687,"Sun, 06 Sep 2020 07:00:00 GMT","Mon, 19 Oct 2020 07:00:00 GMT",14.0,7.0,1.0,115998.0,,,{56C3E0AE-98EF-4433-863D-23A5DFF3D0C2},,,2020-January 2025,1,34.23,-118.06,,,,,,,,,,,,,
34.2279,-118.0611,317.4,2020-01-24,1851,78,287.0,D,2020-01-24 18:51:00,5461.0,5463.0,2009.0,CA,USF,ANF,STATION,000138,"Wed, 26 Aug 2009 07:00:00 GMT","Tue, 22 Sep 2009 07:00:00 GMT",7.0,7.0,1.0,160833.1,,,,000138,,2000-2009,1,34.23,-118.06,,,,,,,,,,,,,
34.2289,-118.0391,363.1,2020-09-14,1928,100,302.1,D,2020-09-14 19:28:00,1541.0,1543.0,2020.0,CA,USF,ANF,BOBCAT,00003687,"Sun, 06 Sep 2020 07:00:00 GMT","Mon, 19 Oct 2020 07:00:00 GMT",14.0,7.0,1.0,115998.0,,,{56C3E0AE-98EF-4433-863D-23A5DFF3D0C2},,,2020-January 2025,1,34.23,-118.04,,,,,,,,,,,,,
34.2289,-118.0391,363.1,2020-09-14,1928,100,302.1,D,2020-09-14 19:28:00,16550.0,16552.0,1954.0,CA,CCO,LAC,MONROVIA PEAK,00000000,"Mon, 27 Dec 1954 08:00:00 GMT",,14.0,,1.0,13869.62,1954 fire and 1954 fire are very similar.,,,00000000,,1950-1959,1,34.23,-118.04,,,,,,,,,,,,,
34.2289,-118.0391,363.1,2020-09-14,1928,100,302.1,D,2020-09-14 19:28:00,16711.0,16713.0,1953.0,CA,CCO,LAC,MONROVIA PEAK ,00031000,"Sun, 27 Dec 1953 08:00:00 GMT",,14.0,,1.0,14061.26,1954 fire and 1954 fire are very similar.,,,00000422,,1950-1959,1,34.23,-118.04,,,,,,,,,,,,,
34.2289,-118.0391,363.1,2020-09-14,1928,100,302.1,D,2020-09-14 19:28:00,22713.0,22715.0,1900.0,CA,CCO,LAC,BIG,00000000,,,14.0,,1.0,16960.49,,,,00000000,,1950-1959,1,34.23,-118.04,,,,,,,,,,,,,
34.2293,-116.9736,347.4,2020-05-17,1839,93,302.2,D,2020-05-17 18:39:00,,,,,,,,,,,,,,,,,,,,,0,34.23,-116.97,,,,,,,,,,,,,
34.2435,-117.9581,405.2,2020-09-06,2016,100,313.9,D,2020-09-06 20:16:00,1541.0,1543.0,2020.0,CA,USF,ANF,BOBCAT,00003687,"Sun, 06 Sep 2020 07:00:00 GMT","Mon, 19 Oct 2020 07:00:00 GMT",14.0,7.0,1.0,115998.0,,,{56C3E0AE-98EF-4433-863D-23A5DFF3D0C2},,,2020-January 2025,1,34.24,-117.96,,,,,,,,,,,,,
34.2435,-117.9581,405.2,2020-09-06,2016,100,313.9,D,2020-09-06 20:16:00,16092.0,16094.0,1957.0,CA,CCO,LAC,GALE,00000000,"Thu, 21 Nov 1957 08:00:00 GMT",,14.0,,1.0,24708.08,,,,00000000,,1950-1959,1,34.24,-117.96,,,,,,,,,,,,,
34.2435,-117.9581,405.2,2020-09-06,2016,100,313.9,D,2020-09-06 20:16:00,22022.0,22024.0,1915.0,CA,CCO,LAC, ,00000000,,,14.0,,1.0,15096.02,,,,00000000,,1950-1959,1,34.24,-117.96,,,,,,,,,,,,,
34.2629,-118.0797,311.1,2020-10-03,0618,82,294.7,N,2020-10-03 06:18:00,1541.0,1543.0,2020.0,CA,USF,ANF,BOBCAT,00003687,"Sun, 06 Sep 2020 07:00:00 GMT","Mon, 19 Oct 2020 07:00:00 GMT",14.0,7.0,1.0,115998.0,,,{56C3E0AE-98EF-4433-863D-23A5DFF3D0C2},,,2020-January 2025,1,34.26,-118.08,,,,,,,,,,,,,
34.2629,-118.0797,311.1,2020-10-03,0618,82,294.7,N,2020-10-03 06:18:00,5461.0,5463.0,2009.0,CA,USF,ANF,STATION,000138,"Wed, 26 Aug 2009 07:00:00 GMT","Tue, 22 Sep 2009 07:00:00 GMT",7.0,7.0,1.0,160833.1,,,,000138,,2000-2009,1,34.26,-118.08,,,,,,,,,,,,,
34.2629,-118.0797,311.1,2020-10-03,0618,82,294.7,N,2020-10-03 06:18:00,22713.0,22715.0,1900.0,CA,CCO,LAC,BIG,00000000,,,14.0,,1.0,16960.49,,,,00000000,,1950-1959,1,34.26,-118.08,,,,,,,,,,,,,
34.2577,-116.8038,306.5,2020-02-20,1834,47,285.9,D,2020-02-20 18:34:00,,,,,,,,,,,,,,,,,,,,,0,34.26,-116.8,,,,,,,,,,,,,
34.2679,-118.1897,317.2,2020-02-06,1821,77,288.2,D,2020-02-06 18:21:00,5461.0,5463.0,2009.0,CA,USF,ANF,STATION,000138,"Wed, 26 Aug 2009 07:00:00 GMT","Tue, 22 Sep 2009 07:00:00 GMT",7.0,7.0,1.0,160833.1,,,,000138,,2000-2009,1,34.27,-118.19,,,,,,,,,,,,,
34.2679,-118.1897,317.2,2020-02-06,1821,77,288.2,D,2020-02-06 18:21:00,15724.0,15726.0,1959.0,CA,CCO,LAC,WOODWARDIA,00000000,"Tue, 13 Oct 1959 07:00:00 GMT",,14.0,,1.0,14403.34,,,,00000000,,1950-1959,1,34.27,-118.19,,,,,,,,,,,,,
34.2679,-118.1897,317.2,2020-02-06,1821,77,288.2,D,2020-02-06 18:21:00,20464.0,20466.0,1925.0,CA,CCO,LAC,HELL HOLE,00000000,"Fri, 18 Sep 1925 07:00:00 GMT",,14.0,,1.0,5730.613,,,,00000000,,1950-1959,1,34.27,-118.19,,,,,,,,,,,,,
34.2657,-118.1862,308.7,2020-02-20,1834,56,294.1,D,2020-02-20 18:34:00,5461.0,5463.0,2009.0,CA,USF,ANF,STATION,000138,"Wed, 26 Aug 2009 07:00:00 GMT","Tue, 22 Sep 2009 07:00:00 GMT",7.0,7.0,1.0,160833.1,,,,000138,,2000-2009,1,34.27,-118.19,,,,,,,,,,,,,
34.2657,-118.1862,308.7,2020-02-20,1834,56,294.1,D,2020-02-20 18:34:00,15724.0,15726.0,1959.0,CA,CCO,LAC,WOODWARDIA,00000000,"Tue, 13 Oct 1959 07:00:00 GMT",,14.0,,1.0,14403.34,,,,00000000,,1950-1959,1,34.27,-118.19,,,,,,,,,,,,,
34.2657,-118.1862,308.7,2020-02-20,1834,56,294.1,D,2020-02-20 18:34:00,22730.0,22732.0,1896.0,CA,CCO,LAC, ,00000000,,,14.0,,1.0,7531.717,,,,00000000,,1950-1959,1,34.27,-118.19,,,,,,,,,,,,,
34.2831,-117.8798,420.2,2020-09-09,0945,100,308.9,N,2020-09-09 09:45:00,1541.0,1543.0,2020.0,CA,USF,ANF,BOBCAT,00003687,"Sun, 06 Sep 2020 07:00:00 GMT","Mon, 19 Oct 2020 07:00:00 GMT",14.0,7.0,1.0,115998.0,,,{56C3E0AE-98EF-4433-863D-23A5DFF3D0C2},,,2020-January 2025,1,34.28,-117.88,,,,,,,,,,,,,
34.2831,-117.8798,420.2,2020-09-09,0945,100,308.9,N,2020-09-09 09:45:00,16092.0,16094.0,1957.0,CA,CCO,LAC,GALE,00000000,"Thu, 21 Nov 1957 08:00:00 GMT",,14.0,,1.0,24708.08,,,,00000000,,1950-1959,1,34.28,-117.88,,,,,,,,,,,,,
34.2831,-117.8798,420.2,2020-09-09,0945,100,308.9,N,2020-09-09 09:45:00,21332.0,21334.0,1919.0,CA,CCO,LAC,SAN GABRIEL,00000000,"Fri, 12 Sep 1919 07:00:00 GMT",,14.0,,1.0,54609.77,,,,00000000,,1950-1959,1,34.28,-117.88,,,,,,,,,,,,,
34.3443,-118.7494,331.5,2020-07-11,1845,72,314.5,D,2020-07-11 18:45:00,7397.0,7399.0,2003.0,CA,CCO,VNC,SIMI,03080724,"Sat, 25 Oct 2003 07:00:00 GMT",,14.0,,1.0,107570.4,,,,03080724,,2000-2009,1,34.34,-118.75,,,,,,,,,,,,,
34.3428,-118.7387,333.1,2020-07-11,1845,75,315.3,D,2020-07-11 18:45:00,7397.0,7399.0,2003.0,CA,CCO,VNC,SIMI,03080724,"Sat, 25 Oct 2003 07:00:00 GMT",,14.0,,1.0,107570.4,,,,03080724,,2000-2009,1,34.34,-118.74,,,,,,,,,,,,,
34.3597,-118.9679,306.9,2020-02-06,2136,36,294.4,D,2020-02-06 21:36:00,,,,,,,,,,,,,,,,,,,,,0,34.36,-118.97,,,,,,,,,,,,,
34.3612,-118.9619,304.7,2020-01-08,1851,59,287.1,D,2020-01-08 18:51:00,,,,,,,,,,,,,,,,,,,,,0,34.36,-118.96,,,,,,,,,,,,,
34.3623,-118.957,302.1,2020-01-15,1857,51,285.7,D,2020-01-15 18:57:00,,,,,,,,,,,,,,,,,,,,,0,34.36,-118.96,,,,,,,,,,,,,
34.3809,-118.9125,302.4,2020-12-22,1820,25,291.1,D,2020-12-22 18:20:00,,,,,,,,,,,,,,,,,,,,,0,34.38,-118.91,,,,,,,,,,,,,
34.3864,-118.8386,327.5,2020-05-15,1851,67,310.2,D,2020-05-15 18:51:00,,,,,,,,,,,,,,,,,,,,,0,34.39,-118.84,,,,,,,,,,,,,
34.394,-117.8291,484.4,2020-09-18,2041,100,331.0,D,2020-09-18 20:41:00,1541.0,1543.0,2020.0,CA,USF,ANF,BOBCAT,00003687,"Sun, 06 Sep 2020 07:00:00 GMT","Mon, 19 Oct 2020 07:00:00 GMT",14.0,7.0,1.0,115998.0,,,{56C3E0AE-98EF-4433-863D-23A5DFF3D0C2},,,2020-January 2025,1,34.39,-117.83,,,,,,,,,,,,,
34.4099,-117.9978,311.4,2020-09-20,0511,51,290.5,N,2020-09-20 05:11:00,1541.0,1543.0,2020.0,CA,USF,ANF,BOBCAT,00003687,"Sun, 06 Sep 2020 07:00:00 GMT","Mon, 19 Oct 2020 07:00:00 GMT",14.0,7.0,1.0,115998.0,,,{56C3E0AE-98EF-4433-863D-23A5DFF3D0C2},,,2020-January 2025,1,34.41,-118.0,,,,,,,,,,,,,
34.4099,-117.9978,311.4,2020-09-20,0511,51,290.5,N,2020-09-20 05:11:00,16708.0,16710.0,1953.0,CA,USF,ANF,SULPHUR,00000000,"Thu, 02 Jul 1953 07:00:00 GMT",,14.0,,1.0,31708.98,"S.Imsand; Vallyermo,Sulphur Sp.to Pacifico, map 2, 1:126720-Angeles Fire Atlas *",,,00000000,,1950-1959,1,34.41,-118.0,,,,,,,,,,,,,
34.4156,-118.7857,300.7,2020-01-13,2047,39,289.8,D,2020-01-13 20:47:00,7410.0,7412.0,2003.0,CA,CCO,LAC,VERDALE,00220027,"Fri, 24 Oct 2003 07:00:00 GMT","Tue, 28 Oct 2003 08:00:00 GMT",16.0,7.0,1.0,8474.283,,,,00220027,,2000-2009,1,34.42,-118.79,,,,,,,,,,,,,
34.4156,-118.7857,300.7,2020-01-13,2047,39,289.8,D,2020-01-13 20:47:00,10539.0,10541.0,1988.0,CA,CCO,LAC,PIRU,00927654,"Sun, 04 Sep 1988 07:00:00 GMT",,11.0,,1.0,13310.67,,,,00000088,,1980-1989,1,34.42,-118.79,,,,,,,,,,,,,
34.4156,-118.7857,300.7,2020-01-13,2047,39,289.8,D,2020-01-13 20:47:00,14222.0,14224.0,1970.0,CA,CCO,LAC,MAYO,00319057,"Sat, 26 Sep 1970 07:00:00 GMT",,14.0,,1.0,7144.472,,,,00000670,,1970-1979,1,34.42,-118.79,,,,,,,,,,,,,
34.4221,-118.0018,307.0,2020-09-20,0927,48,289.9,N,2020-09-20 09:27:00,1541.0,1543.0,2020.0,CA,USF,ANF,BOBCAT,00003687,"Sun, 06 Sep 2020 07:00:00 GMT","Mon, 19 Oct 2020 07:00:00 GMT",14.0,7.0,1.0,115998.0,,,{56C3E0AE-98EF-4433-863D-23A5DFF3D0C2},,,2020-January 2025,1,34.42,-118.0,,,,,,,,,,,,,
34.4221,-118.0018,307.0,2020-09-20,0927,48,289.9,N,2020-09-20 09:27:00,16708.0,16710.0,1953.0,CA,USF,ANF,SULPHUR,00000000,"Thu, 02 Jul 1953 07:00:00 GMT",,14.0,,1.0,31708.98,"S.Imsand; Vallyermo,Sulphur Sp.to Pacifico, map 2, 1:126720-Angeles Fire Atlas *",,,00000000,,1950-1959,1,34.42,-118.0,,,,,,,,,,,,,
34.5612,-117.4018,330.5,2020-05-11,2053,58,316.6,D,2020-05-11 20:53:00,,,,,,,,,,,,,,,,,,,,,0,34.56,-117.4,,,,,,,,,,,,,
34.648,-118.5457,351.1,2020-08-13,2105,61,303.6,D,2020-08-13 21:05:00,1552.0,1554.0,2020.0,CA,USF,ANF,LAKE,00003273,"Wed, 12 Aug 2020 07:00:00 GMT","Sun, 30 Aug 2020 07:00:00 GMT",14.0,7.0,1.0,30999.4,,,{BD5901D9-C99A-45CB-B799-F1CAD5F3EA4B},,,2020-January 2025,1,34.65,-118.55,,,,,,,,,,,,,
34.648,-118.5457,351.1,2020-08-13,2105,61,303.6,D,2020-08-13 21:05:00,20556.0,20558.0,1924.0,CA,USF,ANF, ,00000000,,,14.0,,1.0,24239.03,"S.Imsand, Saugus, 6,7N 16W, WarmsSpringsMtn to Sawmill+-AFA 1906-1930 AFA map 1*",,,00000000,,1950-1959,1,34.65,-118.55,,,,,,,,,,,,,
34.6561,-118.6471,316.0,2020-08-21,0636,92,296.9,N,2020-08-21 06:36:00,14576.0,14578.0,1968.0,CA,CCO,LAC,LIEBRE,0031750E,"Fri, 21 Jun 1968 07:00:00 GMT",,14.0,,1.0,48564.26,,,,00007756,,1960-1969,1,34.66,-118.65,,,,,,,,,,,,,
34.6561,-118.6471,316.0,2020-08-21,0636,92,296.9,N,2020-08-21 06:36:00,18306.0,18308.0,1943.0,CA,CCO,LAC,REDROCK,00000000,"Fri, 03 Sep 1943 07:00:00 GMT",,14.0,,1.0,1799.453,,,,00000000,,1950-1959,1,34.66,-118.65,,,,,,,,,,,,,
34.6562,-118.5789,453.9,2020-08-15,2053,100,326.4,D,2020-08-15 20:53:00,1552.0,1554.0,2020.0,CA,USF,ANF,LAKE,00003273,"Wed, 12 Aug 2020 07:00:00 GMT","Sun, 30 Aug 2020 07:00:00 GMT",14.0,7.0,1.0,30999.4,,,{BD5901D9-C99A-45CB-B799-F1CAD5F3EA4B},,,2020-January 2025,1,34.66,-118.58,,,,,,,,,,,,,
34.6562,-118.5789,453.9,2020-08-15,2053,100,326.4,D,2020-08-15 20:53:00,20556.0,20558.0,1924.0,CA,USF,ANF, ,00000000,,,14.0,,1.0,24239.03,"S.Imsand, Saugus, 6,7N 16W, WarmsSpringsMtn to Sawmill+-AFA 1906-1930 AFA map 1*",,,00000000,,1950-1959,1,34.66,-118.58,,,,,,,,,,,,,
34.6836,-118.5427,339.3,2020-08-14,2148,75,305.5,D,2020-08-14 21:48:00,1552.0,1554.0,2020.0,CA,USF,ANF,LAKE,00003273,"Wed, 12 Aug 2020 07:00:00 GMT","Sun, 30 Aug 2020 07:00:00 GMT",14.0,7.0,1.0,30999.4,,,{BD5901D9-C99A-45CB-B799-F1CAD5F3EA4B},,,2020-January 2025,1,34.68,-118.54,,,,,,,,,,,,,
34.6836,-118.5427,339.3,2020-08-14,2148,75,305.5,D,2020-08-14 21:48:00,20556.0,20558.0,1924.0,CA,USF,ANF, ,00000000,,,14.0,,1.0,24239.03,"S.Imsand, Saugus, 6,7N 16W, WarmsSpringsMtn to Sawmill+-AFA 1906-1930 AFA map 1*",,,00000000,,1950-1959,1,34.68,-118.54,,,,,,,,,,,,,
34.7009,-120.2156,312.1,2020-11-11,2142,69,293.6,D,2020-11-11 21:42:00,,,,,,,,,,,,,,,,,,,,,0,34.7,-120.22,,,,,,,,,,,,,
34.6981,-118.5305,306.4,2020-08-15,0535,50,295.9,N,2020-08-15 05:35:00,1552.0,1554.0,2020.0,CA,USF,ANF,LAKE,00003273,"Wed, 12 Aug 2020 07:00:00 GMT","Sun, 30 Aug 2020 07:00:00 GMT",14.0,7.0,1.0,30999.4,,,{BD5901D9-C99A-45CB-B799-F1CAD5F3EA4B},,,2020-January 2025,1,34.7,-118.53,,,,,,,,,,,,,
34.6981,-118.5305,306.4,2020-08-15,0535,50,295.9,N,2020-08-15 05:35:00,20556.0,20558.0,1924.0,CA,USF,ANF, ,00000000,,,14.0,,1.0,24239.03,"S.Imsand, Saugus, 6,7N 16W, WarmsSpringsMtn to Sawmill+-AFA 1906-1930 AFA map 1*",,,00000000,,1950-1959,1,34.7,-118.53,,,,,,,,,,,,,
34.7019,-118.4947,350.9,2020-08-13,0547,100,308.5,N,2020-08-13 05:47:00,1552.0,1554.0,2020.0,CA,USF,ANF,LAKE,00003273,"Wed, 12 Aug 2020 07:00:00 GMT","Sun, 30 Aug 2020 07:00:00 GMT",14.0,7.0,1.0,30999.4,,,{BD5901D9-C99A-45CB-B799-F1CAD5F3EA4B},,,2020-January 2025,1,34.7,-118.49,,,,,,,,,,,,,
34.7019,-118.4947,350.9,2020-08-13,0547,100,308.5,N,2020-08-13 05:47:00,20556.0,20558.0,1924.0,CA,USF,ANF, ,00000000,,,14.0,,1.0,24239.03,"S.Imsand, Saugus, 6,7N 16W, WarmsSpringsMtn to Sawmill+-AFA 1906-1930 AFA map 1*",,,00000000,,1950-1959,1,34.7,-118.49,,,,,,,,,,,,,
34.707,-120.2076,333.8,2020-11-12,2047,88,293.8,D,2020-11-12 20:47:00,,,,,,,,,,,,,,,,,,,,,0,34.71,-120.21,,,,,,,,,,,,,
34.7065,-118.5146,321.7,2020-08-14,0630,100,283.7,N,2020-08-14 06:30:00,1552.0,1554.0,2020.0,CA,USF,ANF,LAKE,00003273,"Wed, 12 Aug 2020 07:00:00 GMT","Sun, 30 Aug 2020 07:00:00 GMT",14.0,7.0,1.0,30999.4,,,{BD5901D9-C99A-45CB-B799-F1CAD5F3EA4B},,,2020-January 2025,1,34.71,-118.51,,,,,,,,,,,,,
34.7065,-118.5146,321.7,2020-08-14,0630,100,283.7,N,2020-08-14 06:30:00,20556.0,20558.0,1924.0,CA,USF,ANF, ,00000000,,,14.0,,1.0,24239.03,"S.Imsand, Saugus, 6,7N 16W, WarmsSpringsMtn to Sawmill+-AFA 1906-1930 AFA map 1*",,,00000000,,1950-1959,1,34.71,-118.51,,,,,,,,,,,,,
34.7187,-118.3095,302.4,2020-01-11,2059,52,286.6,D,2020-01-11 20:59:00,,,,,,,,,,,,,,,,,,,,,0,34.72,-118.31,,,,,,,,,,,,,
34.7627,-118.4448,313.6,2020-01-27,2059,29,292.8,D,2020-01-27 20:59:00,,,,,,,,,,,,,,,,,,,,,0,34.76,-118.44,,,,,,,,,,,,,
34.7554,-118.4313,374.3,2020-01-27,2059,87,294.5,D,2020-01-27 20:59:00,,,,,,,,,,,,,,,,,,,,,0,34.76,-118.43,,,,,,,,,,,,,
34.7667,-120.3019,306.0,2020-01-31,1858,62,291.3,D,2020-01-31 18:58:00,,,,,,,,,,,,,,,,,,,,,0,34.77,-120.3,,,,,,,,,,,,,
34.7656,-118.5559,335.4,2020-06-21,2047,70,320.1,D,2020-06-21 20:47:00,5016.0,5018.0,2011.0,CA,CCO,LAC,RANGE,00120055,"Sat, 28 May 2011 07:00:00 GMT","Sat, 28 May 2011 07:00:00 GMT",10.0,7.0,1.0,241.0146,USFS Inc # 2319,,,,,2010-2019,0,34.77,-118.56,,,,,,,,,,,,,
34.7717,-118.4469,394.3,2020-01-27,2059,75,299.3,D,2020-01-27 20:59:00,,,,,,,,,,,,,,,,,,,,,0,34.77,-118.45,,,,,,,,,,,,,
34.7868,-118.5188,345.3,2020-01-11,2059,89,285.0,D,2020-01-11 20:59:00,,,,,,,,,,,,,,,,,,,,,0,34.79,-118.52,,,,,,,,,,,,,
34.7886,-118.5075,360.4,2020-01-11,2059,94,286.0,D,2020-01-11 20:59:00,11864.0,11866.0,1982.0,CA,CCO,LAC, ,00000000,"Thu, 16 Sep 1982 07:00:00 GMT",,14.0,,1.0,531.4543,,,,00000000,,1980-1989,1,34.79,-118.51,,,,,,,,,,,,,
34.7904,-118.4961,307.5,2020-01-11,2059,18,285.9,D,2020-01-11 20:59:00,,,,,,,,,,,,,,,,,,,,,0,34.79,-118.5,,,,,,,,,,,,,
34.8614,-116.8077,331.5,2020-07-13,2010,66,315.0,D,2020-07-13 20:10:00,,,,,,,,,,,,,,,,,,,,,0,34.86,-116.81,,,,,,,,,,,,,
34.9175,-120.5002,340.3,2020-06-30,2041,84,300.3,D,2020-06-30 20:41:00,,,,,,,,,,,,,,,,,,,,,0,34.92,-120.5,,,,,,,,,,,,,
34.9243,-120.463,329.1,2020-06-26,1928,79,300.8,D,2020-06-26 19:28:00,,,,,,,,,,,,,,,,,,,,,0,34.92,-120.46,,,,,,,,,,,,,
34.9579,-119.4839,340.8,2020-08-12,1845,56,319.4,D,2020-08-12 18:45:00,,,,,,,,,,,,,,,,,,,,,0,34.96,-119.48,,,,,,,,,,,,,
34.9667,-119.4875,348.8,2020-08-12,1845,91,320.4,D,2020-08-12 18:45:00,,,,,,,,,,,,,,,,,,,,,0,34.97,-119.49,,,,,,,,,,,,,
34.9916,-120.4555,304.4,2020-12-07,1903,59,293.8,D,2020-12-07 19:03:00,,,,,,,,,,,,,,,,,,,,,0,34.99,-120.46,,,,,,,,,,,,,
34.9899,-118.8903,305.7,2020-03-17,2047,60,292.0,D,2020-03-17 20:47:00,,,,,,,,,,,,,,,,,,,,,0,34.99,-118.89,,,,,,,,,,,,,
34.993,-118.8823,303.2,2020-03-17,1910,50,289.8,D,2020-03-17 19:10:00,,,,,,,,,,,,,,,,,,,,,0,34.99,-118.88,,,,,,,,,,,,,
34.9941,-118.8847,331.5,2020-05-20,1910,80,308.0,D,2020-05-20 19:10:00,,,,,,,,,,,,,,,,,,,,,0,34.99,-118.88,,,,,,,,,,,,,
34.9938,-118.8611,325.2,2020-03-30,1839,79,296.4,D,2020-03-30 18:39:00,,,,,,,,,,,,,,,,,,,,,0,34.99,-118.86,,,,,,,,,,,,,
34.9966,-118.8749,335.9,2020-05-13,1904,85,306.1,D,2020-05-13 19:04:00,,,,,,,,,,,,,,,,,,,,,0,35.0,-118.87,,,,,,,,,,,,,
35.0215,-118.9006,339.9,2020-06-16,1851,84,311.3,D,2020-06-16 18:51:00,,,,,,,,,,,,,,,,,,,,,0,35.02,-118.9,,,,,,,,,,,,,
35.0301,-118.8908,343.2,2020-06-11,1833,85,319.3,D,2020-06-11 18:33:00,,,,,,,,,,,,,,,,,,,,,0,35.03,-118.89,,,,,,,,,,,,,
35.0264,-118.8836,323.1,2020-06-13,1821,54,303.8,D,2020-06-13 18:21:00,,,,,,,,,,,,,,,,,,,,,0,35.03,-118.88,,,,,,,,,,,,,
35.0477,-118.8829,309.3,2020-02-09,1852,68,289.1,D,2020-02-09 18:52:00,,,,,,,,,,,,,,,,,,,,,0,35.05,-118.88,,,,,,,,,,,,,
35.0649,-118.8939,318.0,2020-03-08,1916,74,295.0,D,2020-03-08 19:16:00,,,,,,,,,,,,,,,,,,,,,0,35.06,-118.89,,,,,,,,,,,,,
35.074,-118.9219,312.3,2020-03-18,2130,71,290.6,D,2020-03-18 21:30:00,,,,,,,,,,,,,,,,,,,,,0,35.07,-118.92,,,,,,,,,,,,,
35.0746,-118.903,312.8,2020-03-01,2047,67,299.1,D,2020-03-01 20:47:00,,,,,,,,,,,,,,,,,,,,,0,35.07,-118.9,,,,,,,,,,,,,
35.0683,-118.8975,329.1,2020-03-08,2053,83,300.9,D,2020-03-08 20:53:00,,,,,,,,,,,,,,,,,,,,,0,35.07,-118.9,,,,,,,,,,,,,
35.0798,-119.2021,311.2,2020-03-18,2130,49,293.9,D,2020-03-18 21:30:00,,,,,,,,,,,,,,,,,,,,,0,35.08,-119.2,,,,,,,,,,,,,
35.0767,-118.9212,309.5,2020-03-17,2047,69,293.9,D,2020-03-17 20:47:00,,,,,,,,,,,,,,,,,,,,,0,35.08,-118.92,,,,,,,,,,,,,
35.0757,-118.9044,308.5,2020-03-18,2130,58,292.5,D,2020-03-18 21:30:00,,,,,,,,,,,,,,,,,,,,,0,35.08,-118.9,,,,,,,,,,,,,
35.0771,-118.8343,321.3,2020-04-25,1916,39,307.7,D,2020-04-25 19:16:00,,,,,,,,,,,,,,,,,,,,,0,35.08,-118.83,,,,,,,,,,,,,
35.0899,-118.8335,322.8,2020-04-21,2118,37,305.0,D,2020-04-21 21:18:00,,,,,,,,,,,,,,,,,,,,,0,35.09,-118.83,,,,,,,,,,,,,
35.099,-119.2945,321.1,2020-02-10,2112,78,293.9,D,2020-02-10 21:12:00,,,,,,,,,,,,,,,,,,,,,0,35.1,-119.29,,,,,,,,,,,,,
35.1264,-118.6078,328.8,2020-06-19,1922,63,308.0,D,2020-06-19 19:22:00,,,,,,,,,,,,,,,,,,,,,0,35.13,-118.61,,,,,,,,,,,,,
35.2136,-118.889,304.6,2020-03-07,1833,37,282.4,D,2020-03-07 18:33:00,,,,,,,,,,,,,,,,,,,,,0,35.21,-118.89,,,,,,,,,,,,,
35.2245,-118.196,310.1,2020-02-25,1852,49,294.1,D,2020-02-25 18:52:00,,,,,,,,,,,,,,,,,,,,,0,35.22,-118.2,,,,,,,,,,,,,
35.2358,-118.7886,316.5,2020-03-14,1840,62,290.5,D,2020-03-14 18:40:00,,,,,,,,,,,,,,,,,,,,,0,35.24,-118.79,,,,,,,,,,,,,
35.2596,-119.9543,348.1,2020-07-03,2112,90,322.9,D,2020-07-03 21:12:00,1683.0,1685.0,2020.0,CA,CDF,SLU,SODA,00008356,"Fri, 03 Jul 2020 07:00:00 GMT","Fri, 03 Jul 2020 07:00:00 GMT",2.0,1.0,1.0,152.5866,Water Pump,,{935BD8D6-B069-49AE-BD1D-9514523818A2},,,2020-January 2025,0,35.26,-119.95,,,,,,,,,,,,,
35.2596,-119.9543,348.1,2020-07-03,2112,90,322.9,D,2020-07-03 21:12:00,8680.0,8682.0,1998.0,CA,CDF,SLU,CALIF. VALLEY CSD,00002800,"Mon, 20 Jul 1998 07:00:00 GMT",,14.0,,1.0,670.1241,,,,00000000,,1990-1999,1,35.26,-119.95,,,,,,,,,,,,,
35.2564,-119.9445,333.1,2020-07-03,1934,79,314.1,D,2020-07-03 19:34:00,,,,,,,,,,,,,,,,,,,,,0,35.26,-119.94,,,,,,,,,,,,,
35.2612,-119.9435,356.1,2020-07-03,2112,97,324.1,D,2020-07-03 21:12:00,1683.0,1685.0,2020.0,CA,CDF,SLU,SODA,00008356,"Fri, 03 Jul 2020 07:00:00 GMT","Fri, 03 Jul 2020 07:00:00 GMT",2.0,1.0,1.0,152.5866,Water Pump,,{935BD8D6-B069-49AE-BD1D-9514523818A2},,,2020-January 2025,0,35.26,-119.94,,,,,,,,,,,,,
35.2612,-119.9435,356.1,2020-07-03,2112,97,324.1,D,2020-07-03 21:12:00,8680.0,8682.0,1998.0,CA,CDF,SLU,CALIF. VALLEY CSD,00002800,"Mon, 20 Jul 1998 07:00:00 GMT",,14.0,,1.0,670.1241,,,,00000000,,1990-1999,1,35.26,-119.94,,,,,,,,,,,,,
35.2603,-118.9412,308.3,2020-02-09,1852,58,289.5,D,2020-02-09 18:52:00,,,,,,,,,,,,,,,,,,,,,0,35.26,-118.94,,,,,,,,,,,,,
35.261,-118.8883,327.8,2020-04-23,2106,66,308.7,D,2020-04-23 21:06:00,,,,,,,,,,,,,,,,,,,,,0,35.26,-118.89,,,,,,,,,,,,,
35.2642,-118.8941,320.9,2020-04-25,1916,43,306.7,D,2020-04-25 19:16:00,,,,,,,,,,,,,,,,,,,,,0,35.26,-118.89,,,,,,,,,,,,,
35.26,-118.874,324.9,2020-04-25,1916,65,305.3,D,2020-04-25 19:16:00,,,,,,,,,,,,,,,,,,,,,0,35.26,-118.87,,,,,,,,,,,,,
35.2767,-118.8588,320.3,2020-04-27,1904,24,305.3,D,2020-04-27 19:04:00,,,,,,,,,,,,,,,,,,,,,0,35.28,-118.86,,,,,,,,,,,,,
35.2875,-118.6735,306.5,2020-07-02,0511,67,291.9,N,2020-07-02 05:11:00,5536.0,5538.0,2009.0,CA,CCO,KRN,BEAR,929310,"Thu, 29 Oct 2009 07:00:00 GMT","Thu, 29 Oct 2009 07:00:00 GMT",14.0,1.0,1.0,236.9551,,,, ,,2000-2009,0,35.29,-118.67,,,,,,,,,,,,,
35.2967,-120.0287,307.7,2020-07-29,0630,72,293.1,N,2020-07-29 06:30:00,1579.0,1581.0,2020.0,CA,CDF,SLU,BRANCH,00009669,"Tue, 28 Jul 2020 07:00:00 GMT","Mon, 03 Aug 2020 07:00:00 GMT",10.0,7.0,1.0,2922.204,,,{A8DB6C0F-972D-4E13-B3FB-DF4F6E0B8C0A},,,2020-January 2025,1,35.3,-120.03,,,,,,,,,,,,,
35.3011,-118.6329,323.7,2020-07-02,0511,100,291.9,N,2020-07-02 05:11:00,1580.0,1582.0,2020.0,CA,CCO,KRN,BENA,02027271,"Wed, 01 Jul 2020 07:00:00 GMT","Sun, 05 Jul 2020 07:00:00 GMT",14.0,1.0,1.0,2884.41,SRA,,{3DE641EE-702E-4EF7-B274-F1B5F12A0506},,,2020-January 2025,1,35.3,-118.63,,,,,,,,,,,,,
35.2962,-115.6149,305.7,2020-08-16,0618,65,277.3,N,2020-08-16 06:18:00,1550.0,1552.0,2020.0,CA,NPS,MNP,DOME,00012356,"Sat, 15 Aug 2020 07:00:00 GMT","Sat, 12 Sep 2020 07:00:00 GMT",1.0,8.0,1.0,44211.25,Auto-generated by EGP-IRWIN,,{60146AC0-3AC8-462B-AC80-60D31F1B4D96},,,2020-January 2025,1,35.3,-115.61,,,,,,,,,,,,,
35.3246,-118.8283,343.7,2020-07-01,2124,86,322.4,D,2020-07-01 21:24:00,,,,,,,,,,,,,,,,,,,,,0,35.32,-118.83,,,,,,,,,,,,,
35.3262,-118.8139,337.1,2020-07-01,2124,69,321.4,D,2020-07-01 21:24:00,,,,,,,,,,,,,,,,,,,,,0,35.33,-118.81,,,,,,,,,,,,,
35.3566,-118.9772,303.0,2020-01-22,1903,40,289.4,D,2020-01-22 19:03:00,,,,,,,,,,,,,,,,,,,,,0,35.36,-118.98,,,,,,,,,,,,,
35.3588,-118.9804,303.5,2020-02-09,1852,56,289.7,D,2020-02-09 18:52:00,,,,,,,,,,,,,,,,,,,,,0,35.36,-118.98,,,,,,,,,,,,,
35.3659,-120.069,358.6,2020-06-12,2053,99,315.6,D,2020-06-12 20:53:00,,,,,,,,,,,,,,,,,,,,,0,35.37,-120.07,,,,,,,,,,,,,
35.3741,-120.009,312.0,2020-07-05,0541,63,293.8,N,2020-07-05 05:41:00,,,,,,,,,,,,,,,,,,,,,0,35.37,-120.01,,,,,,,,,,,,,
35.3945,-119.1889,337.7,2020-05-29,1903,62,312.1,D,2020-05-29 19:03:00,,,,,,,,,,,,,,,,,,,,,0,35.39,-119.19,,,,,,,,,,,,,
35.4145,-120.584,305.5,2021-01-01,2035,61,286.8,D,2021-01-01 20:35:00,,,,,,,,,,,,,,,,,,,,,0,35.41,-120.58,,,,,,,,,,,,,
35.4158,-120.5917,307.1,2021-01-01,2035,65,286.9,D,2021-01-01 20:35:00,22044.0,22046.0,1915.0,CA,USF,LPF, ,00000000,,,9.0,,1.0,411.6157,,,,00000050,,1950-1959,0,35.42,-120.59,,,,,,,,,,,,,
35.4333,-118.4345,303.6,2020-08-06,0541,56,287.4,N,2020-08-06 05:41:00,7458.0,7460.0,2003.0,CA,USF,SQF,BASIN,00000000,"Wed, 23 Jul 2003 07:00:00 GMT","Mon, 28 Jul 2003 07:00:00 GMT",9.0,8.0,1.0,940.867,,,,00000042,,2000-2009,1,35.43,-118.43,,,,,,,,,,,,,
35.4473,-119.1886,319.8,2020-03-01,1910,78,295.8,D,2020-03-01 19:10:00,,,,,,,,,,,,,,,,,,,,,0,35.45,-119.19,,,,,,,,,,,,,
35.4468,-118.4201,390.2,2020-08-06,0541,100,295.0,N,2020-08-06 05:41:00,5721.0,5723.0,2008.0,CA,USF,SQF,PIUTE,,"Sat, 28 Jun 2008 07:00:00 GMT","Wed, 30 Jul 2008 07:00:00 GMT",9.0,7.0,1.0,37346.25,,,,00000018,,2000-2009,1,35.45,-118.42,,,,,,,,,,,,,
35.461,-120.5626,304.9,2020-06-03,0542,62,272.8,N,2020-06-03 05:42:00,10361.0,10363.0,1989.0,CA,CDF,SLU,CHISPA,00000000,"Tue, 15 Aug 1989 07:00:00 GMT",,14.0,,1.0,9750.372,,,,00000000,,1980-1989,1,35.46,-120.56,,,,,,,,,,,,,
35.4558,-120.5417,331.3,2020-06-01,2112,72,309.0,D,2020-06-01 21:12:00,10361.0,10363.0,1989.0,CA,CDF,SLU,CHISPA,00000000,"Tue, 15 Aug 1989 07:00:00 GMT",,14.0,,1.0,9750.372,,,,00000000,,1980-1989,1,35.46,-120.54,,,,,,,,,,,,,
35.4558,-120.5417,331.3,2020-06-01,2112,72,309.0,D,2020-06-01 21:12:00,17333.0,17335.0,1950.0,CA,CDF,SLU,PILITAS #3,00000000,"Wed, 05 Jul 1950 07:00:00 GMT",,14.0,,1.0,5696.704,,,,00000052,,1950-1959,1,35.46,-120.54,,,,,,,,,,,,,
35.4587,-118.4742,343.9,2020-08-06,0541,100,295.8,N,2020-08-06 05:41:00,7.0,8.0,2024.0,CA,USF,SQF,BOREL,00001362,"Wed, 24 Jul 2024 07:00:00 GMT","Sun, 15 Sep 2024 07:00:00 GMT",14.0,3.0,1.0,59288.54,3 miles SW of Lake Isabella,,{4CB2F74D-51F9-47E3-8CFA-43F75DCB8A26},,,2020-January 2025,1,35.46,-118.47,,,,,,,,,,,,,
35.4587,-118.4742,343.9,2020-08-06,0541,100,295.8,N,2020-08-06 05:41:00,1567.0,1569.0,2020.0,CA,CCO,KRN,STAGECOACH,02033315,"Mon, 03 Aug 2020 07:00:00 GMT","Mon, 03 Aug 2020 07:00:00 GMT",14.0,1.0,1.0,7750.637,,,,,,2020-January 2025,1,35.46,-118.47,,,,,,,,,,,,,
35.4725,-119.1039,320.7,2020-03-21,1846,78,295.4,D,2020-03-21 18:46:00,,,,,,,,,,,,,,,,,,,,,0,35.47,-119.1,,,,,,,,,,,,,
35.4714,-118.4999,357.8,2020-08-05,2155,98,307.1,D,2020-08-05 21:55:00,7.0,8.0,2024.0,CA,USF,SQF,BOREL,00001362,"Wed, 24 Jul 2024 07:00:00 GMT","Sun, 15 Sep 2024 07:00:00 GMT",14.0,3.0,1.0,59288.54,3 miles SW of Lake Isabella,,{4CB2F74D-51F9-47E3-8CFA-43F75DCB8A26},,,2020-January 2025,1,35.47,-118.5,,,,,,,,,,,,,
35.4734,-118.4567,345.9,2020-08-05,2155,91,300.3,D,2020-08-05 21:55:00,,,,,,,,,,,,,,,,,,,,,0,35.47,-118.46,,,,,,,,,,,,,
35.4881,-120.9711,303.0,2020-01-31,1858,54,285.7,D,2020-01-31 18:58:00,,,,,,,,,,,,,,,,,,,,,0,35.49,-120.97,,,,,,,,,,,,,
35.4973,-120.8642,333.9,2020-08-15,2053,80,295.8,D,2020-08-15 20:53:00,,,,,,,,,,,,,,,,,,,,,0,35.5,-120.86,,,,,,,,,,,,,
35.556,-119.6183,325.3,2020-05-12,2136,60,304.9,D,2020-05-12 21:36:00,,,,,,,,,,,,,,,,,,,,,0,35.56,-119.62,,,,,,,,,,,,,
35.5939,-120.3125,339.7,2020-01-08,1851,92,283.0,D,2020-01-08 18:51:00,,,,,,,,,,,,,,,,,,,,,0,35.59,-120.31,,,,,,,,,,,,,
35.5916,-119.2506,321.8,2020-05-05,1814,45,304.2,D,2020-05-05 18:14:00,,,,,,,,,,,,,,,,,,,,,0,35.59,-119.25,,,,,,,,,,,,,
35.6166,-120.3747,313.2,2020-01-15,1857,73,285.4,D,2020-01-15 18:57:00,,,,,,,,,,,,,,,,,,,,,0,35.62,-120.37,,,,,,,,,,,,,
35.6354,-118.4267,302.0,2020-12-22,2136,35,290.8,D,2020-12-22 21:36:00,3380.0,3382.0,2016.0,CA,BLM,CND,ERSKINE,001415,"Thu, 23 Jun 2016 07:00:00 GMT","Thu, 30 Jun 2016 07:00:00 GMT",14.0,2.0,1.0,48008.35,Kern Co. # 1622831,,{196A02EC-DCC8-426E-BEF3-ED0B356D01D5},,,2010-2019,1,35.64,-118.43,,,,,,,,,,,,,
35.6354,-118.4267,302.0,2020-12-22,2136,35,290.8,D,2020-12-22 21:36:00,18395.0,18397.0,1942.0,CA,USF,SQF, ,00000000,,,9.0,,1.0,26978.55,,,,00000007,,1950-1959,1,35.64,-118.43,,,,,,,,,,,,,
35.6467,-120.5809,304.8,2020-01-14,2130,60,287.8,D,2020-01-14 21:30:00,,,,,,,,,,,,,,,,,,,,,0,35.65,-120.58,,,,,,,,,,,,,
35.6549,-120.5838,303.3,2020-01-22,1903,56,285.0,D,2020-01-22 19:03:00,,,,,,,,,,,,,,,,,,,,,0,35.65,-120.58,,,,,,,,,,,,,
35.648,-120.4174,302.8,2020-01-06,1903,54,285.3,D,2020-01-06 19:03:00,,,,,,,,,,,,,,,,,,,,,0,35.65,-120.42,,,,,,,,,,,,,
35.6589,-120.7599,327.7,2020-01-23,2124,85,290.7,D,2020-01-23 21:24:00,,,,,,,,,,,,,,,,,,,,,0,35.66,-120.76,,,,,,,,,,,,,
35.6679,-120.9142,302.0,2020-01-12,2142,50,288.1,D,2020-01-12 21:42:00,,,,,,,,,,,,,,,,,,,,,0,35.67,-120.91,,,,,,,,,,,,,
35.6697,-120.8941,312.0,2020-01-12,2142,72,286.7,D,2020-01-12 21:42:00,,,,,,,,,,,,,,,,,,,,,0,35.67,-120.89,,,,,,,,,,,,,
35.6737,-119.2798,319.2,2020-06-02,1839,63,278.7,D,2020-06-02 18:39:00,,,,,,,,,,,,,,,,,,,,,0,35.67,-119.28,,,,,,,,,,,,,
35.6901,-120.6845,303.7,2020-02-09,1852,57,287.7,D,2020-02-09 18:52:00,,,,,,,,,,,,,,,,,,,,,0,35.69,-120.68,,,,,,,,,,,,,
35.6868,-119.299,330.4,2020-07-09,1857,45,308.2,D,2020-07-09 18:57:00,,,,,,,,,,,,,,,,,,,,,0,35.69,-119.3,,,,,,,,,,,,,
35.7344,-120.6242,310.6,2020-04-04,1858,50,297.3,D,2020-04-04 18:58:00,,,,,,,,,,,,,,,,,,,,,0,35.73,-120.62,,,,,,,,,,,,,
35.726,-119.2567,313.0,2020-03-28,1852,73,277.1,D,2020-03-28 18:52:00,,,,,,,,,,,,,,,,,,,,,0,35.73,-119.26,,,,,,,,,,,,,
35.7349,-119.2548,311.0,2020-03-28,1852,71,277.5,D,2020-03-28 18:52:00,,,,,,,,,,,,,,,,,,,,,0,35.73,-119.25,,,,,,,,,,,,,
35.7377,-120.6237,300.0,2020-01-10,1839,20,285.2,D,2020-01-10 18:39:00,,,,,,,,,,,,,,,,,,,,,0,35.74,-120.62,,,,,,,,,,,,,
35.7359,-119.3438,314.4,2020-03-30,1839,56,296.9,D,2020-03-30 18:39:00,,,,,,,,,,,,,,,,,,,,,0,35.74,-119.34,,,,,,,,,,,,,
35.754,-120.9805,304.0,2020-01-15,1857,0,283.9,D,2020-01-15 18:57:00,,,,,,,,,,,,,,,,,,,,,0,35.75,-120.98,,,,,,,,,,,,,
35.7476,-119.3062,310.5,2020-03-08,1916,63,292.7,D,2020-03-08 19:16:00,,,,,,,,,,,,,,,,,,,,,0,35.75,-119.31,,,,,,,,,,,,,
35.7586,-119.3819,315.7,2020-04-15,1839,53,302.0,D,2020-04-15 18:39:00,,,,,,,,,,,,,,,,,,,,,0,35.76,-119.38,,,,,,,,,,,,,
35.7555,-119.1073,324.5,2020-04-27,1903,69,304.2,D,2020-04-27 19:03:00,,,,,,,,,,,,,,,,,,,,,0,35.76,-119.11,,,,,,,,,,,,,
35.8069,-120.7446,318.0,2020-11-12,2047,78,297.5,D,2020-11-12 20:47:00,,,,,,,,,,,,,,,,,,,,,0,35.81,-120.74,,,,,,,,,,,,,
35.8206,-119.2406,300.3,2020-12-16,1857,28,285.5,D,2020-12-16 18:57:00,,,,,,,,,,,,,,,,,,,,,0,35.82,-119.24,,,,,,,,,,,,,
35.819,-119.1335,342.9,2020-05-13,1903,89,304.7,D,2020-05-13 19:03:00,,,,,,,,,,,,,,,,,,,,,0,35.82,-119.13,,,,,,,,,,,,,
35.8207,-119.1069,311.5,2020-03-08,1916,58,288.3,D,2020-03-08 19:16:00,,,,,,,,,,,,,,,,,,,,,0,35.82,-119.11,,,,,,,,,,,,,
35.8338,-119.088,323.2,2020-06-13,1820,53,305.0,D,2020-06-13 18:20:00,,,,,,,,,,,,,,,,,,,,,0,35.83,-119.09,,,,,,,,,,,,,
35.833,-119.088,322.9,2020-06-15,1808,30,303.0,D,2020-06-15 18:08:00,,,,,,,,,,,,,,,,,,,,,0,35.83,-119.09,,,,,,,,,,,,,
35.8294,-119.0758,326.3,2020-05-21,1814,69,305.7,D,2020-05-21 18:14:00,,,,,,,,,,,,,,,,,,,,,0,35.83,-119.08,,,,,,,,,,,,,
35.8287,-119.0807,322.6,2020-06-15,1808,28,304.0,D,2020-06-15 18:08:00,,,,,,,,,,,,,,,,,,,,,0,35.83,-119.08,,,,,,,,,,,,,
35.8364,-120.7842,314.7,2020-05-28,0618,90,293.9,N,2020-05-28 06:18:00,8644.0,8646.0,1998.0,CA,DOD,CRB, ,00000000,,,13.0,,1.0,7344.639,,,,00000000,,1990-1999,1,35.84,-120.78,,,,,,,,,,,,,
35.8379,-120.7722,308.1,2020-05-28,0618,73,293.8,N,2020-05-28 06:18:00,8644.0,8646.0,1998.0,CA,DOD,CRB, ,00000000,,,13.0,,1.0,7344.639,,,,00000000,,1990-1999,1,35.84,-120.77,,,,,,,,,,,,,
35.8444,-119.2272,332.2,2020-06-30,1903,72,311.8,D,2020-06-30 19:03:00,,,,,,,,,,,,,,,,,,,,,0,35.84,-119.23,,,,,,,,,,,,,
35.839,-119.1905,307.2,2020-01-28,1827,65,286.4,D,2020-01-28 18:27:00,,,,,,,,,,,,,,,,,,,,,0,35.84,-119.19,,,,,,,,,,,,,
35.8382,-119.1824,312.3,2020-04-23,1928,37,297.7,D,2020-04-23 19:28:00,,,,,,,,,,,,,,,,,,,,,0,35.84,-119.18,,,,,,,,,,,,,
35.8511,-120.7571,339.8,2020-05-22,1857,86,309.5,D,2020-05-22 18:57:00,,,,,,,,,,,,,,,,,,,,,0,35.85,-120.76,,,,,,,,,,,,,
35.8839,-120.8695,314.5,2020-04-30,1934,57,304.2,D,2020-04-30 19:34:00,,,,,,,,,,,,,,,,,,,,,0,35.88,-120.87,,,,,,,,,,,,,
35.8941,-120.9208,306.8,2020-03-05,1846,60,288.7,D,2020-03-05 18:46:00,,,,,,,,,,,,,,,,,,,,,0,35.89,-120.92,,,,,,,,,,,,,
35.8938,-120.9085,320.8,2020-03-06,2106,73,303.4,D,2020-03-06 21:06:00,,,,,,,,,,,,,,,,,,,,,0,35.89,-120.91,,,,,,,,,,,,,
35.8883,-118.4698,341.4,2020-12-05,2053,92,292.8,D,2020-12-05 20:53:00,15732.0,15734.0,1959.0,CA,USF,SQF, ,00000000,,,1.0,,1.0,9433.216,,,,00000038,,1950-1959,1,35.89,-118.47,,,,,,,,,,,,,
35.8904,-118.4574,342.0,2020-12-05,2053,92,295.4,D,2020-12-05 20:53:00,18399.0,18401.0,1942.0,CA,USF,SQF, ,00000000,,,9.0,,1.0,19833.33,,,,00000014,,1950-1959,1,35.89,-118.46,,,,,,,,,,,,,
35.9022,-121.2276,327.3,2020-06-11,1833,14,312.8,D,2020-06-11 18:33:00,,,,,,,,,,,,,,,,,,,,,0,35.9,-121.23,,,,,,,,,,,,,
35.8971,-120.9087,329.0,2020-04-04,1858,83,297.2,D,2020-04-04 18:58:00,,,,,,,,,,,,,,,,,,,,,0,35.9,-120.91,,,,,,,,,,,,,
35.9146,-119.085,325.1,2020-06-05,2047,71,307.6,D,2020-06-05 20:47:00,,,,,,,,,,,,,,,,,,,,,0,35.91,-119.08,,,,,,,,,,,,,
35.9304,-121.2451,334.9,2020-06-17,1934,75,312.4,D,2020-06-17 19:34:00,,,,,,,,,,,,,,,,,,,,,0,35.93,-121.25,,,,,,,,,,,,,
35.9326,-121.1145,329.9,2020-05-26,1833,59,313.0,D,2020-05-26 18:33:00,,,,,,,,,,,,,,,,,,,,,0,35.93,-121.11,,,,,,,,,,,,,
35.9252,-119.3156,308.3,2020-12-16,1857,67,281.6,D,2020-12-16 18:57:00,,,,,,,,,,,,,,,,,,,,,0,35.93,-119.32,,,,,,,,,,,,,
35.9258,-119.0948,321.9,2020-05-22,1857,28,306.7,D,2020-05-22 18:57:00,,,,,,,,,,,,,,,,,,,,,0,35.93,-119.09,,,,,,,,,,,,,
35.9252,-119.0881,327.3,2020-06-05,2047,75,305.3,D,2020-06-05 20:47:00,,,,,,,,,,,,,,,,,,,,,0,35.93,-119.09,,,,,,,,,,,,,
35.9619,-121.308,350.0,2020-06-10,1928,86,315.3,D,2020-06-10 19:28:00,,,,,,,,,,,,,,,,,,,,,0,35.96,-121.31,,,,,,,,,,,,,
35.9687,-121.3013,336.3,2020-06-09,1845,46,313.7,D,2020-06-09 18:45:00,,,,,,,,,,,,,,,,,,,,,0,35.97,-121.3,,,,,,,,,,,,,
35.9671,-121.2878,334.8,2020-06-09,1845,31,316.6,D,2020-06-09 18:45:00,,,,,,,,,,,,,,,,,,,,,0,35.97,-121.29,,,,,,,,,,,,,
35.9684,-118.9821,328.0,2020-05-06,1857,78,309.9,D,2020-05-06 18:57:00,,,,,,,,,,,,,,,,,,,,,0,35.97,-118.98,,,,,,,,,,,,,
35.98,-121.4127,362.9,2020-09-19,2124,100,307.9,D,2020-09-19 21:24:00,1540.0,1542.0,2020.0,CA,USF,LPF,DOLAN,00002428,"Tue, 18 Aug 2020 07:00:00 GMT","Thu, 31 Dec 2020 08:00:00 GMT",14.0,7.0,1.0,124527.4,,,{F0A60F88-D1D5-4D86-8105-A3A06456B357},,,2020-January 2025,1,35.98,-121.41,,,,,,,,,,,,,
35.98,-121.4127,362.9,2020-09-19,2124,100,307.9,D,2020-09-19 21:24:00,5735.0,5737.0,2008.0,CA,USF,LPF,CHALK,00000034,"Sat, 27 Sep 2008 07:00:00 GMT","Thu, 30 Oct 2008 07:00:00 GMT",9.0,2.0,1.0,16265.77,,,,00000034,,2000-2009,1,35.98,-121.41,,,,,,,,,,,,,
35.98,-121.4127,362.9,2020-09-19,2124,100,307.9,D,2020-09-19 21:24:00,8993.0,8995.0,1996.0,CA,USF,LPF,WILD,00000000,"Mon, 07 Oct 1996 07:00:00 GMT","Fri, 18 Oct 1996 07:00:00 GMT",7.0,8.0,1.0,25512.11,,,,00000069,,1990-1999,1,35.98,-121.41,,,,,,,,,,,,,
35.9785,-121.1122,305.7,2020-02-18,1846,53,293.6,D,2020-02-18 18:46:00,,,,,,,,,,,,,,,,,,,,,0,35.98,-121.11,,,,,,,,,,,,,
35.9877,-121.3283,316.4,2020-06-07,2035,49,299.1,D,2020-06-07 20:35:00,1540.0,1542.0,2020.0,CA,USF,LPF,DOLAN,00002428,"Tue, 18 Aug 2020 07:00:00 GMT","Thu, 31 Dec 2020 08:00:00 GMT",14.0,7.0,1.0,124527.4,,,{F0A60F88-D1D5-4D86-8105-A3A06456B357},,,2020-January 2025,1,35.99,-121.33,,,,,,,,,,,,,
35.9877,-121.3283,316.4,2020-06-07,2035,49,299.1,D,2020-06-07 20:35:00,18054.0,18056.0,1945.0,CA,USF,LPF, ,00000000,,,14.0,,1.0,560.3066,,,,00000999,,1950-1959,1,35.99,-121.33,,,,,,,,,,,,,
35.9945,-117.5054,336.2,2020-07-29,2149,78,319.3,D,2020-07-29 21:49:00,,,,,,,,,,,,,,,,,,,,,0,35.99,-117.51,,,,,,,,,,,,,
35.9913,-117.4904,349.7,2020-07-30,0535,100,296.0,N,2020-07-30 05:35:00,1564.0,1566.0,2020.0,CA,BLM,CDD,NADEAU,00011339,"Wed, 29 Jul 2020 07:00:00 GMT","Tue, 04 Aug 2020 07:00:00 GMT",14.0,7.0,1.0,9150.402,,,{DE1057CC-F14B-4352-B80D-75C93219E9ED},,,2020-January 2025,1,35.99,-117.49,,,,,,,,,,,,,
35.997,-120.8482,375.2,2020-06-22,2130,100,322.1,D,2020-06-22 21:30:00,,,,,,,,,,,,,,,,,,,,,0,36.0,-120.85,,,,,,,,,,,,,
35.9993,-118.9527,323.4,2020-03-01,1910,82,290.9,D,2020-03-01 19:10:00,,,,,,,,,,,,,,,,,,,,,0,36.0,-118.95,,,,,,,,,,,,,
36.0351,-119.3394,306.0,2020-01-03,1832,63,285.3,D,2020-01-03 18:32:00,,,,,,,,,,,,,,,,,,,,,0,36.04,-119.34,,,,,,,,,,,,,
36.047,-120.9497,303.9,2020-01-23,2124,47,292.6,D,2020-01-23 21:24:00,17367.0,17369.0,1950.0,CA,CDF,BEU,ECHENIQUE,00000000,"Tue, 30 May 1950 07:00:00 GMT",,14.0,,1.0,2294.045,,,,00000019,,1950-1959,1,36.05,-120.95,,,,,,,,,,,,,
36.0722,-119.998,302.6,2020-11-09,1839,52,288.3,D,2020-11-09 18:39:00,,,,,,,,,,,,,,,,,,,,,0,36.07,-120.0,,,,,,,,,,,,,
36.0779,-121.525,308.0,2020-08-31,0536,53,293.3,N,2020-08-31 05:36:00,1540.0,1542.0,2020.0,CA,USF,LPF,DOLAN,00002428,"Tue, 18 Aug 2020 07:00:00 GMT","Thu, 31 Dec 2020 08:00:00 GMT",14.0,7.0,1.0,124527.4,,,{F0A60F88-D1D5-4D86-8105-A3A06456B357},,,2020-January 2025,1,36.08,-121.52,,,,,,,,,,,,,
36.0779,-121.525,308.0,2020-08-31,0536,53,293.3,N,2020-08-31 05:36:00,8367.0,8369.0,1999.0,CA,USF,LPF,KIRK,00000000,"Wed, 08 Sep 1999 07:00:00 GMT","Fri, 12 Nov 1999 08:00:00 GMT",1.0,8.0,1.0,85834.91,,,,00000068,,1990-1999,1,36.08,-121.52,,,,,,,,,,,,,
36.0779,-121.525,308.0,2020-08-31,0536,53,293.3,N,2020-08-31 05:36:00,11252.0,11254.0,1985.0,CA,USF,LPF,GORDA-RAT,00000000,"Sat, 06 Jul 1985 07:00:00 GMT","Sat, 06 Jul 1985 07:00:00 GMT",1.0,8.0,1.0,56157.76,,,,00000030,,1980-1989,1,36.08,-121.52,,,,,,,,,,,,,
36.0779,-121.525,308.0,2020-08-31,0536,53,293.3,N,2020-08-31 05:36:00,11994.0,11996.0,1981.0,CA,CDF,BEU,GAMBOA #1,00000792,"Thu, 25 Jun 1981 07:00:00 GMT",,9.0,,1.0,3693.939,,,,00000196,,1980-1989,1,36.08,-121.52,,,,,,,,,,,,,
36.0779,-121.525,308.0,2020-08-31,0536,53,293.3,N,2020-08-31 05:36:00,18497.0,18499.0,1941.0,CA,USF,LPF, ,00000000,,,9.0,,1.0,6374.493,,,,00000011,,1950-1959,1,36.08,-121.52,,,,,,,,,,,,,
36.0773,-119.4317,309.4,2020-07-10,0600,77,294.4,N,2020-07-10 06:00:00,,,,,,,,,,,,,,,,,,,,,0,36.08,-119.43,,,,,,,,,,,,,
36.079,-119.4206,334.8,2020-07-10,0600,100,295.3,N,2020-07-10 06:00:00,,,,,,,,,,,,,,,,,,,,,0,36.08,-119.42,,,,,,,,,,,,,
36.0807,-119.416,310.2,2020-07-10,1015,80,282.9,N,2020-07-10 10:15:00,,,,,,,,,,,,,,,,,,,,,0,36.08,-119.42,,,,,,,,,,,,,
36.0828,-118.4761,311.5,2020-09-21,0554,83,288.8,N,2020-09-21 05:54:00,,,,,,,,,,,,,,,,,,,,,0,36.08,-118.48,,,,,,,,,,,,,
36.094,-118.4632,313.1,2020-09-19,0606,2,288.2,N,2020-09-19 06:06:00,1537.0,1539.0,2020.0,CA,USF,SQF,CASTLE,00002541,"Wed, 19 Aug 2020 07:00:00 GMT","Mon, 04 Jan 2021 08:00:00 GMT",1.0,7.0,1.0,170647.9,,SQF COMPLEX,{4CE00061-B897-49DC-8839-D08E040FF65D},,{A1F6ECF3-51C6-44FE-9435-64E9221116F2},2020-January 2025,1,36.09,-118.46,,,,,,,,,,,,,
36.0972,-121.3809,305.0,2020-09-09,0530,31,292.4,N,2020-09-09 05:30:00,1540.0,1542.0,2020.0,CA,USF,LPF,DOLAN,00002428,"Tue, 18 Aug 2020 07:00:00 GMT","Thu, 31 Dec 2020 08:00:00 GMT",14.0,7.0,1.0,124527.4,,,{F0A60F88-D1D5-4D86-8105-A3A06456B357},,,2020-January 2025,1,36.1,-121.38,,,,,,,,,,,,,
36.0972,-121.3809,305.0,2020-09-09,0530,31,292.4,N,2020-09-09 05:30:00,5716.0,5718.0,2008.0,CA,USF,LPF,INDIANS,00000012,"Sun, 08 Jun 2008 07:00:00 GMT","Thu, 10 Jul 2008 07:00:00 GMT",4.0,2.0,1.0,76459.78,,,,00000012,,2000-2009,1,36.1,-121.38,,,,,,,,,,,,,
36.0972,-121.3809,305.0,2020-09-09,0530,31,292.4,N,2020-09-09 05:30:00,14584.0,14586.0,1968.0,CA,USF,LPF, ,00000000,,,9.0,,1.0,4255.444,,,,00000027,,1960-1969,1,36.1,-121.38,,,,,,,,,,,,,
36.1044,-121.3576,321.7,2020-10-19,1820,40,306.1,D,2020-10-19 18:20:00,5716.0,5718.0,2008.0,CA,USF,LPF,INDIANS,00000012,"Sun, 08 Jun 2008 07:00:00 GMT","Thu, 10 Jul 2008 07:00:00 GMT",4.0,2.0,1.0,76459.78,,,,00000012,,2000-2009,1,36.1,-121.36,,,,,,,,,,,,,
36.1044,-121.3576,321.7,2020-10-19,1820,40,306.1,D,2020-10-19 18:20:00,14584.0,14586.0,1968.0,CA,USF,LPF, ,00000000,,,9.0,,1.0,4255.444,,,,00000027,,1960-1969,1,36.1,-121.36,,,,,,,,,,,,,
36.0971,-120.5278,333.3,2020-07-16,2041,50,317.4,D,2020-07-16 20:41:00,,,,,,,,,,,,,,,,,,,,,0,36.1,-120.53,,,,,,,,,,,,,
36.0965,-120.5127,308.9,2020-07-16,0523,76,293.7,N,2020-07-16 05:23:00,1553.0,1555.0,2020.0,CA,CDF,FKU,MINERAL,00010219,"Mon, 13 Jul 2020 07:00:00 GMT","Sun, 26 Jul 2020 07:00:00 GMT",14.0,2.0,1.0,29666.96,,,{8D0B4D83-3B1E-47A1-9F56-C2CAEC1A6697},,,2020-January 2025,1,36.1,-120.51,,,,,,,,,,,,,
36.0965,-120.5127,308.9,2020-07-16,0523,76,293.7,N,2020-07-16 05:23:00,2975.0,2977.0,2017.0,CA,CDF,FKU,PARKFIELD,00013003,"Sun, 03 Sep 2017 07:00:00 GMT","Tue, 05 Sep 2017 07:00:00 GMT",2.0,1.0,1.0,70.22348,,,,,,2010-2019,0,36.1,-120.51,,,,,,,,,,,,,
36.1045,-118.525,332.9,2020-09-18,1903,68,297.3,D,2020-09-18 19:03:00,,,,,,,,,,,,,,,,,,,,,0,36.1,-118.52,,,,,,,,,,,,,
36.132,-121.6524,325.0,2020-08-20,0554,100,292.7,N,2020-08-20 05:54:00,,,,,,,,,,,,,,,,,,,,,0,36.13,-121.65,,,,,,,,,,,,,
36.1318,-119.1501,329.2,2020-05-29,1903,70,313.0,D,2020-05-29 19:03:00,,,,,,,,,,,,,,,,,,,,,0,36.13,-119.15,,,,,,,,,,,,,
36.1261,-119.039,321.4,2020-04-24,1833,66,302.8,D,2020-04-24 18:33:00,,,,,,,,,,,,,,,,,,,,,0,36.13,-119.04,,,,,,,,,,,,,
36.1403,-121.611,322.8,2020-08-21,1839,23,305.3,D,2020-08-21 18:39:00,1540.0,1542.0,2020.0,CA,USF,LPF,DOLAN,00002428,"Tue, 18 Aug 2020 07:00:00 GMT","Thu, 31 Dec 2020 08:00:00 GMT",14.0,7.0,1.0,124527.4,,,{F0A60F88-D1D5-4D86-8105-A3A06456B357},,,2020-January 2025,1,36.14,-121.61,,,,,,,,,,,,,
36.1403,-121.611,322.8,2020-08-21,1839,23,305.3,D,2020-08-21 18:39:00,5715.0,5717.0,2008.0,CA,USF,LPF,GALLERY,00000016,"Sat, 21 Jun 2008 07:00:00 GMT","Sun, 27 Jul 2008 07:00:00 GMT",1.0,2.0,1.0,163606.7,,BASIN COMPLEX,,00000016,D8MA,2000-2009,1,36.14,-121.61,,,,,,,,,,,,,
36.1403,-121.611,322.8,2020-08-21,1839,23,305.3,D,2020-08-21 18:39:00,11252.0,11254.0,1985.0,CA,USF,LPF,GORDA-RAT,00000000,"Sat, 06 Jul 1985 07:00:00 GMT","Sat, 06 Jul 1985 07:00:00 GMT",1.0,8.0,1.0,56157.76,,,,00000030,,1980-1989,1,36.14,-121.61,,,,,,,,,,,,,
36.1369,-120.1616,334.9,2020-04-28,1808,83,301.3,D,2020-04-28 18:08:00,,,,,,,,,,,,,,,,,,,,,0,36.14,-120.16,,,,,,,,,,,,,
36.1514,-121.12,310.1,2020-01-07,2124,70,283.4,D,2020-01-07 21:24:00,,,,,,,,,,,,,,,,,,,,,0,36.15,-121.12,,,,,,,,,,,,,
36.1477,-120.1666,328.5,2020-04-28,1808,75,302.9,D,2020-04-28 18:08:00,,,,,,,,,,,,,,,,,,,,,0,36.15,-120.17,,,,,,,,,,,,,
36.164,-118.4804,341.7,2020-09-02,1903,80,307.1,D,2020-09-02 19:03:00,1537.0,1539.0,2020.0,CA,USF,SQF,CASTLE,00002541,"Wed, 19 Aug 2020 07:00:00 GMT","Mon, 04 Jan 2021 08:00:00 GMT",1.0,7.0,1.0,170647.9,,SQF COMPLEX,{4CE00061-B897-49DC-8839-D08E040FF65D},,{A1F6ECF3-51C6-44FE-9435-64E9221116F2},2020-January 2025,1,36.16,-118.48,,,,,,,,,,,,,
36.1597,-118.4631,331.5,2020-08-31,2054,71,310.8,D,2020-08-31 20:54:00,1537.0,1539.0,2020.0,CA,USF,SQF,CASTLE,00002541,"Wed, 19 Aug 2020 07:00:00 GMT","Mon, 04 Jan 2021 08:00:00 GMT",1.0,7.0,1.0,170647.9,,SQF COMPLEX,{4CE00061-B897-49DC-8839-D08E040FF65D},,{A1F6ECF3-51C6-44FE-9435-64E9221116F2},2020-January 2025,1,36.16,-118.46,,,,,,,,,,,,,
36.1597,-118.4631,331.5,2020-08-31,2054,71,310.8,D,2020-08-31 20:54:00,4616.0,4618.0,2012.0,CA,USF,SQF,GEORGE,00001384,"Fri, 01 Jun 2012 07:00:00 GMT","Sun, 17 Jun 2012 07:00:00 GMT",7.0,7.0,1.0,1707.585,,,,,,2010-2019,1,36.16,-118.46,,,,,,,,,,,,,
36.1597,-118.4631,331.5,2020-08-31,2054,71,310.8,D,2020-08-31 20:54:00,16140.0,16142.0,1957.0,CA,USF,SQF, ,00000000,,,1.0,,1.0,803.1235,,,,00000005,,1950-1959,1,36.16,-118.46,,,,,,,,,,,,,
36.1677,-120.5888,350.2,2020-07-15,2136,93,318.7,D,2020-07-15 21:36:00,15.0,16.0,2024.0,CA,CDF,FKU,BOONE,00019190,"Tue, 03 Sep 2024 07:00:00 GMT","Sat, 21 Sep 2024 07:00:00 GMT",2.0,7.0,1.0,17614.5,,,{2C267901-16C4-4A9E-8C6C-91A59CB60FC9},,,2020-January 2025,1,36.17,-120.59,,,,,,,,,,,,,
36.1684,-120.562,373.9,2020-07-14,2054,100,319.2,D,2020-07-14 20:54:00,1553.0,1555.0,2020.0,CA,CDF,FKU,MINERAL,00010219,"Mon, 13 Jul 2020 07:00:00 GMT","Sun, 26 Jul 2020 07:00:00 GMT",14.0,2.0,1.0,29666.96,,,{8D0B4D83-3B1E-47A1-9F56-C2CAEC1A6697},,,2020-January 2025,1,36.17,-120.56,,,,,,,,,,,,,
36.1724,-118.6395,307.4,2020-09-13,0920,28,284.3,N,2020-09-13 09:20:00,2780.0,2782.0,2017.0,CA,USF,SQF,PIER,00002385,"Tue, 29 Aug 2017 07:00:00 GMT","Wed, 30 Aug 2017 07:00:00 GMT",7.0,6.0,1.0,36619.43,,,{34C1BA5F-65D8-4BA8-9A44-BC930B668F5A},,,2010-2019,1,36.17,-118.64,,,,,,,,,,,,,
36.1719,-118.4863,326.6,2020-09-12,1940,72,300.2,D,2020-09-12 19:40:00,1537.0,1539.0,2020.0,CA,USF,SQF,CASTLE,00002541,"Wed, 19 Aug 2020 07:00:00 GMT","Mon, 04 Jan 2021 08:00:00 GMT",1.0,7.0,1.0,170647.9,,SQF COMPLEX,{4CE00061-B897-49DC-8839-D08E040FF65D},,{A1F6ECF3-51C6-44FE-9435-64E9221116F2},2020-January 2025,1,36.17,-118.49,,,,,,,,,,,,,
36.178,-121.1241,320.1,2020-04-23,2106,66,303.5,D,2020-04-23 21:06:00,,,,,,,,,,,,,,,,,,,,,0,36.18,-121.12,,,,,,,,,,,,,
36.1843,-120.6,351.1,2020-07-16,1903,94,315.7,D,2020-07-16 19:03:00,15.0,16.0,2024.0,CA,CDF,FKU,BOONE,00019190,"Tue, 03 Sep 2024 07:00:00 GMT","Sat, 21 Sep 2024 07:00:00 GMT",2.0,7.0,1.0,17614.5,,,{2C267901-16C4-4A9E-8C6C-91A59CB60FC9},,,2020-January 2025,1,36.18,-120.6,,,,,,,,,,,,,
36.1843,-120.6,351.1,2020-07-16,1903,94,315.7,D,2020-07-16 19:03:00,1553.0,1555.0,2020.0,CA,CDF,FKU,MINERAL,00010219,"Mon, 13 Jul 2020 07:00:00 GMT","Sun, 26 Jul 2020 07:00:00 GMT",14.0,2.0,1.0,29666.96,,,{8D0B4D83-3B1E-47A1-9F56-C2CAEC1A6697},,,2020-January 2025,1,36.18,-120.6,,,,,,,,,,,,,
36.1926,-120.6284,337.1,2020-07-18,2029,81,310.4,D,2020-07-18 20:29:00,,,,,,,,,,,,,,,,,,,,,0,36.19,-120.63,,,,,,,,,,,,,
36.1865,-120.6059,342.7,2020-07-14,2054,84,306.6,D,2020-07-14 20:54:00,15.0,16.0,2024.0,CA,CDF,FKU,BOONE,00019190,"Tue, 03 Sep 2024 07:00:00 GMT","Sat, 21 Sep 2024 07:00:00 GMT",2.0,7.0,1.0,17614.5,,,{2C267901-16C4-4A9E-8C6C-91A59CB60FC9},,,2020-January 2025,1,36.19,-120.61,,,,,,,,,,,,,
36.1865,-120.6059,342.7,2020-07-14,2054,84,306.6,D,2020-07-14 20:54:00,1553.0,1555.0,2020.0,CA,CDF,FKU,MINERAL,00010219,"Mon, 13 Jul 2020 07:00:00 GMT","Sun, 26 Jul 2020 07:00:00 GMT",14.0,2.0,1.0,29666.96,,,{8D0B4D83-3B1E-47A1-9F56-C2CAEC1A6697},,,2020-January 2025,1,36.19,-120.61,,,,,,,,,,,,,
36.1897,-120.589,430.6,2020-07-14,2054,100,313.1,D,2020-07-14 20:54:00,15.0,16.0,2024.0,CA,CDF,FKU,BOONE,00019190,"Tue, 03 Sep 2024 07:00:00 GMT","Sat, 21 Sep 2024 07:00:00 GMT",2.0,7.0,1.0,17614.5,,,{2C267901-16C4-4A9E-8C6C-91A59CB60FC9},,,2020-January 2025,1,36.19,-120.59,,,,,,,,,,,,,
36.1897,-120.589,430.6,2020-07-14,2054,100,313.1,D,2020-07-14 20:54:00,1553.0,1555.0,2020.0,CA,CDF,FKU,MINERAL,00010219,"Mon, 13 Jul 2020 07:00:00 GMT","Sun, 26 Jul 2020 07:00:00 GMT",14.0,2.0,1.0,29666.96,,,{8D0B4D83-3B1E-47A1-9F56-C2CAEC1A6697},,,2020-January 2025,1,36.19,-120.59,,,,,,,,,,,,,
36.1888,-120.5779,330.3,2020-07-15,1820,29,315.4,D,2020-07-15 18:20:00,15.0,16.0,2024.0,CA,CDF,FKU,BOONE,00019190,"Tue, 03 Sep 2024 07:00:00 GMT","Sat, 21 Sep 2024 07:00:00 GMT",2.0,7.0,1.0,17614.5,,,{2C267901-16C4-4A9E-8C6C-91A59CB60FC9},,,2020-January 2025,1,36.19,-120.58,,,,,,,,,,,,,
36.1888,-120.5779,330.3,2020-07-15,1820,29,315.4,D,2020-07-15 18:20:00,1553.0,1555.0,2020.0,CA,CDF,FKU,MINERAL,00010219,"Mon, 13 Jul 2020 07:00:00 GMT","Sun, 26 Jul 2020 07:00:00 GMT",14.0,2.0,1.0,29666.96,,,{8D0B4D83-3B1E-47A1-9F56-C2CAEC1A6697},,,2020-January 2025,1,36.19,-120.58,,,,,,,,,,,,,
36.1862,-119.1236,316.2,2020-12-28,1921,76,280.1,D,2020-12-28 19:21:00,,,,,,,,,,,,,,,,,,,,,0,36.19,-119.12,,,,,,,,,,,,,
36.1854,-119.0476,326.9,2020-03-03,1858,82,296.2,D,2020-03-03 18:58:00,,,,,,,,,,,,,,,,,,,,,0,36.19,-119.05,,,,,,,,,,,,,
36.1912,-118.3831,355.1,2020-08-26,2035,97,307.9,D,2020-08-26 20:35:00,1537.0,1539.0,2020.0,CA,USF,SQF,CASTLE,00002541,"Wed, 19 Aug 2020 07:00:00 GMT","Mon, 04 Jan 2021 08:00:00 GMT",1.0,7.0,1.0,170647.9,,SQF COMPLEX,{4CE00061-B897-49DC-8839-D08E040FF65D},,{A1F6ECF3-51C6-44FE-9435-64E9221116F2},2020-January 2025,1,36.19,-118.38,,,,,,,,,,,,,
36.1912,-118.3831,355.1,2020-08-26,2035,97,307.9,D,2020-08-26 20:35:00,7737.0,7739.0,2002.0,CA,USF,SQF,MCNALLY,00000000,"Sun, 21 Jul 2002 07:00:00 GMT","Wed, 28 Aug 2002 07:00:00 GMT",4.0,6.0,1.0,149475.3,,,,00000043,,2000-2009,1,36.19,-118.38,,,,,,,,,,,,,
36.1912,-118.3831,355.1,2020-08-26,2035,97,307.9,D,2020-08-26 20:35:00,13384.0,13386.0,1975.0,CA,USF,SQF,FLAT,00000000,"Thu, 28 Aug 1975 07:00:00 GMT","Fri, 05 Sep 1975 07:00:00 GMT",4.0,8.0,1.0,18736.81,,,,00000143,,1970-1979,1,36.19,-118.38,,,,,,,,,,,,,
36.2002,-120.6465,344.9,2020-07-20,0637,100,296.1,N,2020-07-20 06:37:00,1553.0,1555.0,2020.0,CA,CDF,FKU,MINERAL,00010219,"Mon, 13 Jul 2020 07:00:00 GMT","Sun, 26 Jul 2020 07:00:00 GMT",14.0,2.0,1.0,29666.96,,,{8D0B4D83-3B1E-47A1-9F56-C2CAEC1A6697},,,2020-January 2025,1,36.2,-120.65,,,,,,,,,,,,,
36.1953,-120.6099,355.2,2020-07-16,1903,97,310.9,D,2020-07-16 19:03:00,15.0,16.0,2024.0,CA,CDF,FKU,BOONE,00019190,"Tue, 03 Sep 2024 07:00:00 GMT","Sat, 21 Sep 2024 07:00:00 GMT",2.0,7.0,1.0,17614.5,,,{2C267901-16C4-4A9E-8C6C-91A59CB60FC9},,,2020-January 2025,1,36.2,-120.61,,,,,,,,,,,,,
36.1953,-120.6099,355.2,2020-07-16,1903,97,310.9,D,2020-07-16 19:03:00,1553.0,1555.0,2020.0,CA,CDF,FKU,MINERAL,00010219,"Mon, 13 Jul 2020 07:00:00 GMT","Sun, 26 Jul 2020 07:00:00 GMT",14.0,2.0,1.0,29666.96,,,{8D0B4D83-3B1E-47A1-9F56-C2CAEC1A6697},,,2020-January 2025,1,36.2,-120.61,,,,,,,,,,,,,
36.1963,-120.5954,326.1,2020-07-18,2029,44,313.2,D,2020-07-18 20:29:00,15.0,16.0,2024.0,CA,CDF,FKU,BOONE,00019190,"Tue, 03 Sep 2024 07:00:00 GMT","Sat, 21 Sep 2024 07:00:00 GMT",2.0,7.0,1.0,17614.5,,,{2C267901-16C4-4A9E-8C6C-91A59CB60FC9},,,2020-January 2025,1,36.2,-120.6,,,,,,,,,,,,,
36.1963,-120.5954,326.1,2020-07-18,2029,44,313.2,D,2020-07-18 20:29:00,1553.0,1555.0,2020.0,CA,CDF,FKU,MINERAL,00010219,"Mon, 13 Jul 2020 07:00:00 GMT","Sun, 26 Jul 2020 07:00:00 GMT",14.0,2.0,1.0,29666.96,,,{8D0B4D83-3B1E-47A1-9F56-C2CAEC1A6697},,,2020-January 2025,1,36.2,-120.6,,,,,,,,,,,,,
36.2017,-120.5492,305.1,2020-07-15,1033,36,290.8,N,2020-07-15 10:33:00,1553.0,1555.0,2020.0,CA,CDF,FKU,MINERAL,00010219,"Mon, 13 Jul 2020 07:00:00 GMT","Sun, 26 Jul 2020 07:00:00 GMT",14.0,2.0,1.0,29666.96,,,{8D0B4D83-3B1E-47A1-9F56-C2CAEC1A6697},,,2020-January 2025,1,36.2,-120.55,,,,,,,,,,,,,
36.2047,-120.5425,304.3,2020-07-16,0938,26,292.7,N,2020-07-16 09:38:00,1553.0,1555.0,2020.0,CA,CDF,FKU,MINERAL,00010219,"Mon, 13 Jul 2020 07:00:00 GMT","Sun, 26 Jul 2020 07:00:00 GMT",14.0,2.0,1.0,29666.96,,,{8D0B4D83-3B1E-47A1-9F56-C2CAEC1A6697},,,2020-January 2025,1,36.2,-120.54,,,,,,,,,,,,,
36.2047,-120.5425,304.3,2020-07-16,0938,26,292.7,N,2020-07-16 09:38:00,11531.0,11533.0,1984.0,CA,CDF,FKU,SHERMAN #1,00003437,"Thu, 24 May 1984 07:00:00 GMT",,14.0,,1.0,473.4365,,,,00000068,,1980-1989,0,36.2,-120.54,,,,,,,,,,,,,
36.2026,-119.1716,314.5,2020-04-02,2048,66,296.7,D,2020-04-02 20:48:00,,,,,,,,,,,,,,,,,,,,,0,36.2,-119.17,,,,,,,,,,,,,
36.2134,-120.6183,333.0,2020-07-19,0554,100,297.6,N,2020-07-19 05:54:00,15.0,16.0,2024.0,CA,CDF,FKU,BOONE,00019190,"Tue, 03 Sep 2024 07:00:00 GMT","Sat, 21 Sep 2024 07:00:00 GMT",2.0,7.0,1.0,17614.5,,,{2C267901-16C4-4A9E-8C6C-91A59CB60FC9},,,2020-January 2025,1,36.21,-120.62,,,,,,,,,,,,,
36.2134,-120.6183,333.0,2020-07-19,0554,100,297.6,N,2020-07-19 05:54:00,1553.0,1555.0,2020.0,CA,CDF,FKU,MINERAL,00010219,"Mon, 13 Jul 2020 07:00:00 GMT","Sun, 26 Jul 2020 07:00:00 GMT",14.0,2.0,1.0,29666.96,,,{8D0B4D83-3B1E-47A1-9F56-C2CAEC1A6697},,,2020-January 2025,1,36.21,-120.62,,,,,,,,,,,,,
36.2056,-119.1555,311.5,2020-04-02,2048,56,300.2,D,2020-04-02 20:48:00,,,,,,,,,,,,,,,,,,,,,0,36.21,-119.16,,,,,,,,,,,,,
36.2113,-119.0285,327.5,2020-05-14,2124,69,306.6,D,2020-05-14 21:24:00,,,,,,,,,,,,,,,,,,,,,0,36.21,-119.03,,,,,,,,,,,,,
36.2089,-118.4913,321.4,2020-09-01,0618,100,287.0,N,2020-09-01 06:18:00,1537.0,1539.0,2020.0,CA,USF,SQF,CASTLE,00002541,"Wed, 19 Aug 2020 07:00:00 GMT","Mon, 04 Jan 2021 08:00:00 GMT",1.0,7.0,1.0,170647.9,,SQF COMPLEX,{4CE00061-B897-49DC-8839-D08E040FF65D},,{A1F6ECF3-51C6-44FE-9435-64E9221116F2},2020-January 2025,1,36.21,-118.49,,,,,,,,,,,,,
36.2236,-120.6583,463.7,2020-07-19,2112,100,338.7,D,2020-07-19 21:12:00,1553.0,1555.0,2020.0,CA,CDF,FKU,MINERAL,00010219,"Mon, 13 Jul 2020 07:00:00 GMT","Sun, 26 Jul 2020 07:00:00 GMT",14.0,2.0,1.0,29666.96,,,{8D0B4D83-3B1E-47A1-9F56-C2CAEC1A6697},,,2020-January 2025,1,36.22,-120.66,,,,,,,,,,,,,
36.2179,-120.6342,335.5,2020-07-19,2112,69,312.6,D,2020-07-19 21:12:00,1553.0,1555.0,2020.0,CA,CDF,FKU,MINERAL,00010219,"Mon, 13 Jul 2020 07:00:00 GMT","Sun, 26 Jul 2020 07:00:00 GMT",14.0,2.0,1.0,29666.96,,,{8D0B4D83-3B1E-47A1-9F56-C2CAEC1A6697},,,2020-January 2025,1,36.22,-120.63,,,,,,,,,,,,,
36.2245,-120.6295,311.7,2020-07-19,1009,18,295.0,N,2020-07-19 10:09:00,1553.0,1555.0,2020.0,CA,CDF,FKU,MINERAL,00010219,"Mon, 13 Jul 2020 07:00:00 GMT","Sun, 26 Jul 2020 07:00:00 GMT",14.0,2.0,1.0,29666.96,,,{8D0B4D83-3B1E-47A1-9F56-C2CAEC1A6697},,,2020-January 2025,1,36.22,-120.63,,,,,,,,,,,,,
36.2164,-120.5985,332.9,2020-07-18,2029,74,311.2,D,2020-07-18 20:29:00,15.0,16.0,2024.0,CA,CDF,FKU,BOONE,00019190,"Tue, 03 Sep 2024 07:00:00 GMT","Sat, 21 Sep 2024 07:00:00 GMT",2.0,7.0,1.0,17614.5,,,{2C267901-16C4-4A9E-8C6C-91A59CB60FC9},,,2020-January 2025,1,36.22,-120.6,,,,,,,,,,,,,
36.2164,-120.5985,332.9,2020-07-18,2029,74,311.2,D,2020-07-18 20:29:00,1553.0,1555.0,2020.0,CA,CDF,FKU,MINERAL,00010219,"Mon, 13 Jul 2020 07:00:00 GMT","Sun, 26 Jul 2020 07:00:00 GMT",14.0,2.0,1.0,29666.96,,,{8D0B4D83-3B1E-47A1-9F56-C2CAEC1A6697},,,2020-January 2025,1,36.22,-120.6,,,,,,,,,,,,,
36.2202,-119.5294,308.5,2020-11-09,1839,67,290.9,D,2020-11-09 18:39:00,,,,,,,,,,,,,,,,,,,,,0,36.22,-119.53,,,,,,,,,,,,,
36.2195,-118.3842,333.9,2020-08-25,1814,76,305.2,D,2020-08-25 18:14:00,1537.0,1539.0,2020.0,CA,USF,SQF,CASTLE,00002541,"Wed, 19 Aug 2020 07:00:00 GMT","Mon, 04 Jan 2021 08:00:00 GMT",1.0,7.0,1.0,170647.9,,SQF COMPLEX,{4CE00061-B897-49DC-8839-D08E040FF65D},,{A1F6ECF3-51C6-44FE-9435-64E9221116F2},2020-January 2025,1,36.22,-118.38,,,,,,,,,,,,,
36.2195,-118.3842,333.9,2020-08-25,1814,76,305.2,D,2020-08-25 18:14:00,7737.0,7739.0,2002.0,CA,USF,SQF,MCNALLY,00000000,"Sun, 21 Jul 2002 07:00:00 GMT","Wed, 28 Aug 2002 07:00:00 GMT",4.0,6.0,1.0,149475.3,,,,00000043,,2000-2009,1,36.22,-118.38,,,,,,,,,,,,,
36.2195,-118.3842,333.9,2020-08-25,1814,76,305.2,D,2020-08-25 18:14:00,13384.0,13386.0,1975.0,CA,USF,SQF,FLAT,00000000,"Thu, 28 Aug 1975 07:00:00 GMT","Fri, 05 Sep 1975 07:00:00 GMT",4.0,8.0,1.0,18736.81,,,,00000143,,1970-1979,1,36.22,-118.38,,,,,,,,,,,,,
36.2339,-120.6054,358.3,2020-07-17,2124,99,305.7,D,2020-07-17 21:24:00,15.0,16.0,2024.0,CA,CDF,FKU,BOONE,00019190,"Tue, 03 Sep 2024 07:00:00 GMT","Sat, 21 Sep 2024 07:00:00 GMT",2.0,7.0,1.0,17614.5,,,{2C267901-16C4-4A9E-8C6C-91A59CB60FC9},,,2020-January 2025,1,36.23,-120.61,,,,,,,,,,,,,
36.2339,-120.6054,358.3,2020-07-17,2124,99,305.7,D,2020-07-17 21:24:00,1553.0,1555.0,2020.0,CA,CDF,FKU,MINERAL,00010219,"Mon, 13 Jul 2020 07:00:00 GMT","Sun, 26 Jul 2020 07:00:00 GMT",14.0,2.0,1.0,29666.96,,,{8D0B4D83-3B1E-47A1-9F56-C2CAEC1A6697},,,2020-January 2025,1,36.23,-120.61,,,,,,,,,,,,,
36.2308,-120.5969,337.3,2020-07-17,0606,100,298.8,N,2020-07-17 06:06:00,15.0,16.0,2024.0,CA,CDF,FKU,BOONE,00019190,"Tue, 03 Sep 2024 07:00:00 GMT","Sat, 21 Sep 2024 07:00:00 GMT",2.0,7.0,1.0,17614.5,,,{2C267901-16C4-4A9E-8C6C-91A59CB60FC9},,,2020-January 2025,1,36.23,-120.6,,,,,,,,,,,,,
36.2308,-120.5969,337.3,2020-07-17,0606,100,298.8,N,2020-07-17 06:06:00,1553.0,1555.0,2020.0,CA,CDF,FKU,MINERAL,00010219,"Mon, 13 Jul 2020 07:00:00 GMT","Sun, 26 Jul 2020 07:00:00 GMT",14.0,2.0,1.0,29666.96,,,{8D0B4D83-3B1E-47A1-9F56-C2CAEC1A6697},,,2020-January 2025,1,36.23,-120.6,,,,,,,,,,,,,
36.2325,-120.5861,331.1,2020-07-17,0606,100,298.1,N,2020-07-17 06:06:00,15.0,16.0,2024.0,CA,CDF,FKU,BOONE,00019190,"Tue, 03 Sep 2024 07:00:00 GMT","Sat, 21 Sep 2024 07:00:00 GMT",2.0,7.0,1.0,17614.5,,,{2C267901-16C4-4A9E-8C6C-91A59CB60FC9},,,2020-January 2025,1,36.23,-120.59,,,,,,,,,,,,,
36.2325,-120.5861,331.1,2020-07-17,0606,100,298.1,N,2020-07-17 06:06:00,1553.0,1555.0,2020.0,CA,CDF,FKU,MINERAL,00010219,"Mon, 13 Jul 2020 07:00:00 GMT","Sun, 26 Jul 2020 07:00:00 GMT",14.0,2.0,1.0,29666.96,,,{8D0B4D83-3B1E-47A1-9F56-C2CAEC1A6697},,,2020-January 2025,1,36.23,-120.59,,,,,,,,,,,,,
36.2337,-119.1147,345.1,2020-05-22,1857,91,307.3,D,2020-05-22 18:57:00,,,,,,,,,,,,,,,,,,,,,0,36.23,-119.11,,,,,,,,,,,,,
36.2318,-119.1032,326.4,2020-05-22,1857,65,306.6,D,2020-05-22 18:57:00,,,,,,,,,,,,,,,,,,,,,0,36.23,-119.1,,,,,,,,,,,,,
36.2261,-119.088,300.5,2020-01-16,2118,38,289.2,D,2020-01-16 21:18:00,,,,,,,,,,,,,,,,,,,,,0,36.23,-119.09,,,,,,,,,,,,,
36.2298,-118.402,353.1,2020-08-25,0612,100,301.1,N,2020-08-25 06:12:00,1537.0,1539.0,2020.0,CA,USF,SQF,CASTLE,00002541,"Wed, 19 Aug 2020 07:00:00 GMT","Mon, 04 Jan 2021 08:00:00 GMT",1.0,7.0,1.0,170647.9,,SQF COMPLEX,{4CE00061-B897-49DC-8839-D08E040FF65D},,{A1F6ECF3-51C6-44FE-9435-64E9221116F2},2020-January 2025,1,36.23,-118.4,,,,,,,,,,,,,
36.2405,-121.1138,310.9,2020-03-19,1858,71,291.0,D,2020-03-19 18:58:00,,,,,,,,,,,,,,,,,,,,,0,36.24,-121.11,,,,,,,,,,,,,
36.2416,-119.2821,349.6,2020-03-20,2118,95,296.9,D,2020-03-20 21:18:00,,,,,,,,,,,,,,,,,,,,,0,36.24,-119.28,,,,,,,,,,,,,
36.2412,-119.0932,337.1,2020-04-22,1845,87,301.5,D,2020-04-22 18:45:00,,,,,,,,,,,,,,,,,,,,,0,36.24,-119.09,,,,,,,,,,,,,
36.2494,-121.1119,308.4,2020-03-19,1858,62,293.2,D,2020-03-19 18:58:00,,,,,,,,,,,,,,,,,,,,,0,36.25,-121.11,,,,,,,,,,,,,
36.2633,-121.0983,330.0,2020-06-07,2035,82,301.5,D,2020-06-07 20:35:00,,,,,,,,,,,,,,,,,,,,,0,36.26,-121.1,,,,,,,,,,,,,
36.2608,-117.9865,315.9,2020-11-03,2053,64,303.8,D,2020-11-03 20:53:00,,,,,,,,,,,,,,,,,,,,,0,36.26,-117.99,,,,,,,,,,,,,
36.2688,-119.1788,317.1,2020-01-16,2118,77,290.0,D,2020-01-16 21:18:00,,,,,,,,,,,,,,,,,,,,,0,36.27,-119.18,,,,,,,,,,,,,
36.2792,-119.217,327.1,2020-05-17,1839,74,304.8,D,2020-05-17 18:39:00,,,,,,,,,,,,,,,,,,,,,0,36.28,-119.22,,,,,,,,,,,,,
36.2777,-119.2114,330.1,2020-04-15,1839,82,300.1,D,2020-04-15 18:39:00,,,,,,,,,,,,,,,,,,,,,0,36.28,-119.21,,,,,,,,,,,,,
36.2762,-119.1986,316.6,2020-04-15,1839,65,300.1,D,2020-04-15 18:39:00,,,,,,,,,,,,,,,,,,,,,0,36.28,-119.2,,,,,,,,,,,,,
36.2949,-121.2604,308.5,2020-12-30,1909,67,284.9,D,2020-12-30 19:09:00,,,,,,,,,,,,,,,,,,,,,0,36.29,-121.26,,,,,,,,,,,,,
36.2994,-121.2486,300.1,2020-12-23,1903,27,275.8,D,2020-12-23 19:03:00,,,,,,,,,,,,,,,,,,,,,0,36.3,-121.25,,,,,,,,,,,,,
36.3059,-118.7867,318.5,2020-09-24,1826,31,294.3,D,2020-09-24 18:26:00,1537.0,1539.0,2020.0,CA,USF,SQF,CASTLE,00002541,"Wed, 19 Aug 2020 07:00:00 GMT","Mon, 04 Jan 2021 08:00:00 GMT",1.0,7.0,1.0,170647.9,,SQF COMPLEX,{4CE00061-B897-49DC-8839-D08E040FF65D},,{A1F6ECF3-51C6-44FE-9435-64E9221116F2},2020-January 2025,1,36.31,-118.79,,,,,,,,,,,,,
36.3056,-118.3915,315.3,2020-10-09,0957,91,281.6,N,2020-10-09 09:57:00,,,,,,,,,,,,,,,,,,,,,0,36.31,-118.39,,,,,,,,,,,,,
36.3201,-119.9437,321.5,2020-05-06,2035,69,301.2,D,2020-05-06 20:35:00,,,,,,,,,,,,,,,,,,,,,0,36.32,-119.94,,,,,,,,,,,,,
36.3164,-118.7968,311.5,2020-09-25,0944,83,287.9,N,2020-09-25 09:44:00,1537.0,1539.0,2020.0,CA,USF,SQF,CASTLE,00002541,"Wed, 19 Aug 2020 07:00:00 GMT","Mon, 04 Jan 2021 08:00:00 GMT",1.0,7.0,1.0,170647.9,,SQF COMPLEX,{4CE00061-B897-49DC-8839-D08E040FF65D},,{A1F6ECF3-51C6-44FE-9435-64E9221116F2},2020-January 2025,1,36.32,-118.8,,,,,,,,,,,,,
36.3164,-118.7968,311.5,2020-09-25,0944,83,287.9,N,2020-09-25 09:44:00,20013.0,20015.0,1928.0,CA,NPS,KNP,S FORK,00000000,"Sun, 05 Aug 1928 07:00:00 GMT","Tue, 14 Aug 1928 07:00:00 GMT",14.0,8.0,1.0,21997.88,,,,00008003,,1950-1959,1,36.32,-118.8,,,,,,,,,,,,,
36.3193,-118.7665,333.6,2020-09-27,1857,67,296.1,D,2020-09-27 18:57:00,1537.0,1539.0,2020.0,CA,USF,SQF,CASTLE,00002541,"Wed, 19 Aug 2020 07:00:00 GMT","Mon, 04 Jan 2021 08:00:00 GMT",1.0,7.0,1.0,170647.9,,SQF COMPLEX,{4CE00061-B897-49DC-8839-D08E040FF65D},,{A1F6ECF3-51C6-44FE-9435-64E9221116F2},2020-January 2025,1,36.32,-118.77,,,,,,,,,,,,,
36.3245,-118.673,320.0,2020-10-03,0618,83,285.6,N,2020-10-03 06:18:00,1537.0,1539.0,2020.0,CA,USF,SQF,CASTLE,00002541,"Wed, 19 Aug 2020 07:00:00 GMT","Mon, 04 Jan 2021 08:00:00 GMT",1.0,7.0,1.0,170647.9,,SQF COMPLEX,{4CE00061-B897-49DC-8839-D08E040FF65D},,{A1F6ECF3-51C6-44FE-9435-64E9221116F2},2020-January 2025,1,36.32,-118.67,,,,,,,,,,,,,
36.3322,-119.9237,318.1,2020-05-06,2035,35,302.2,D,2020-05-06 20:35:00,,,,,,,,,,,,,,,,,,,,,0,36.33,-119.92,,,,,,,,,,,,,
36.3327,-118.7153,301.5,2020-09-28,0600,27,290.2,N,2020-09-28 06:00:00,1537.0,1539.0,2020.0,CA,USF,SQF,CASTLE,00002541,"Wed, 19 Aug 2020 07:00:00 GMT","Mon, 04 Jan 2021 08:00:00 GMT",1.0,7.0,1.0,170647.9,,SQF COMPLEX,{4CE00061-B897-49DC-8839-D08E040FF65D},,{A1F6ECF3-51C6-44FE-9435-64E9221116F2},2020-January 2025,1,36.33,-118.72,,,,,,,,,,,,,
36.3341,-118.4421,326.3,2020-10-13,2035,73,297.2,D,2020-10-13 20:35:00,,,,,,,,,,,,,,,,,,,,,0,36.33,-118.44,,,,,,,,,,,,,
36.3445,-118.4227,322.0,2020-10-08,1839,39,292.6,D,2020-10-08 18:39:00,7411.0,7413.0,2003.0,CA,NPS,KNP,WEST KERN,00000000,"Thu, 21 Aug 2003 07:00:00 GMT","Mon, 15 Dec 2003 08:00:00 GMT",1.0,2.0,2.0,7971.402,,,,00000068,,2000-2009,1,36.34,-118.42,,,,,,,,,,,,,
36.3536,-118.7503,305.7,2020-10-06,0926,57,289.8,N,2020-10-06 09:26:00,19.0,20.0,2024.0,CA,NPS,KNP,COFFEE POT,00000088,"Sat, 03 Aug 2024 07:00:00 GMT","Mon, 16 Dec 2024 08:00:00 GMT",1.0,3.0,1.0,14103.92,,,{62A5DB78-38A8-4B54-8F7C-664DB0783E9C},,,2020-January 2025,1,36.35,-118.75,,,,,,,,,,,,,
36.3536,-118.7503,305.7,2020-10-06,0926,57,289.8,N,2020-10-06 09:26:00,1537.0,1539.0,2020.0,CA,USF,SQF,CASTLE,00002541,"Wed, 19 Aug 2020 07:00:00 GMT","Mon, 04 Jan 2021 08:00:00 GMT",1.0,7.0,1.0,170647.9,,SQF COMPLEX,{4CE00061-B897-49DC-8839-D08E040FF65D},,{A1F6ECF3-51C6-44FE-9435-64E9221116F2},2020-January 2025,1,36.35,-118.75,,,,,,,,,,,,,
36.3455,-118.6636,305.5,2020-10-04,0938,50,279.4,N,2020-10-04 09:38:00,1537.0,1539.0,2020.0,CA,USF,SQF,CASTLE,00002541,"Wed, 19 Aug 2020 07:00:00 GMT","Mon, 04 Jan 2021 08:00:00 GMT",1.0,7.0,1.0,170647.9,,SQF COMPLEX,{4CE00061-B897-49DC-8839-D08E040FF65D},,{A1F6ECF3-51C6-44FE-9435-64E9221116F2},2020-January 2025,1,36.35,-118.66,,,,,,,,,,,,,
36.347,-118.4277,302.9,2020-10-18,0950,52,280.4,N,2020-10-18 09:50:00,7411.0,7413.0,2003.0,CA,NPS,KNP,WEST KERN,00000000,"Thu, 21 Aug 2003 07:00:00 GMT","Mon, 15 Dec 2003 08:00:00 GMT",1.0,2.0,2.0,7971.402,,,,00000068,,2000-2009,1,36.35,-118.43,,,,,,,,,,,,,
36.3539,-118.3955,309.5,2020-11-29,2130,66,288.9,D,2020-11-29 21:30:00,,,,,,,,,,,,,,,,,,,,,0,36.35,-118.4,,,,,,,,,,,,,
36.3625,-119.0895,337.5,2020-07-23,1909,83,307.2,D,2020-07-23 19:09:00,,,,,,,,,,,,,,,,,,,,,0,36.36,-119.09,,,,,,,,,,,,,
36.3596,-119.0742,330.0,2020-07-23,1909,73,308.2,D,2020-07-23 19:09:00,,,,,,,,,,,,,,,,,,,,,0,36.36,-119.07,,,,,,,,,,,,,
36.3566,-118.4377,319.8,2020-10-21,0606,99,280.3,N,2020-10-21 06:06:00,7411.0,7413.0,2003.0,CA,NPS,KNP,WEST KERN,00000000,"Thu, 21 Aug 2003 07:00:00 GMT","Mon, 15 Dec 2003 08:00:00 GMT",1.0,2.0,2.0,7971.402,,,,00000068,,2000-2009,1,36.36,-118.44,,,,,,,,,,,,,
36.3559,-118.4257,311.4,2020-10-18,0950,83,281.4,N,2020-10-18 09:50:00,1537.0,1539.0,2020.0,CA,USF,SQF,CASTLE,00002541,"Wed, 19 Aug 2020 07:00:00 GMT","Mon, 04 Jan 2021 08:00:00 GMT",1.0,7.0,1.0,170647.9,,SQF COMPLEX,{4CE00061-B897-49DC-8839-D08E040FF65D},,{A1F6ECF3-51C6-44FE-9435-64E9221116F2},2020-January 2025,1,36.36,-118.43,,,,,,,,,,,,,
36.3559,-118.4257,311.4,2020-10-18,0950,83,281.4,N,2020-10-18 09:50:00,7411.0,7413.0,2003.0,CA,NPS,KNP,WEST KERN,00000000,"Thu, 21 Aug 2003 07:00:00 GMT","Mon, 15 Dec 2003 08:00:00 GMT",1.0,2.0,2.0,7971.402,,,,00000068,,2000-2009,1,36.36,-118.43,,,,,,,,,,,,,
36.3557,-118.3959,312.8,2020-12-05,2053,73,290.1,D,2020-12-05 20:53:00,1566.0,1568.0,2020.0,CA,NPS,KNP,RATTLESNAKE,00000080,"Sun, 16 Aug 2020 07:00:00 GMT","Mon, 28 Dec 2020 08:00:00 GMT",1.0,7.0,2.0,8422.869,estimate based on satellite heat since 21 NOV,,{82728166-E47A-49A5-94F6-49B65894EECD},,,2020-January 2025,1,36.36,-118.4,,,,,,,,,,,,,
36.3578,-118.3878,306.8,2020-11-22,0606,69,274.9,N,2020-11-22 06:06:00,1566.0,1568.0,2020.0,CA,NPS,KNP,RATTLESNAKE,00000080,"Sun, 16 Aug 2020 07:00:00 GMT","Mon, 28 Dec 2020 08:00:00 GMT",1.0,7.0,2.0,8422.869,estimate based on satellite heat since 21 NOV,,{82728166-E47A-49A5-94F6-49B65894EECD},,,2020-January 2025,1,36.36,-118.39,,,,,,,,,,,,,
36.3567,-118.3762,303.4,2020-11-19,2053,12,285.7,D,2020-11-19 20:53:00,,,,,,,,,,,,,,,,,,,,,0,36.36,-118.38,,,,,,,,,,,,,
36.3628,-118.3833,316.6,2020-11-21,1903,77,285.3,D,2020-11-21 19:03:00,1566.0,1568.0,2020.0,CA,NPS,KNP,RATTLESNAKE,00000080,"Sun, 16 Aug 2020 07:00:00 GMT","Mon, 28 Dec 2020 08:00:00 GMT",1.0,7.0,2.0,8422.869,estimate based on satellite heat since 21 NOV,,{82728166-E47A-49A5-94F6-49B65894EECD},,,2020-January 2025,1,36.36,-118.38,,,,,,,,,,,,,
36.3593,-118.3765,303.7,2020-11-22,0606,56,272.7,N,2020-11-22 06:06:00,,,,,,,,,,,,,,,,,,,,,0,36.36,-118.38,,,,,,,,,,,,,
36.3598,-118.3836,315.2,2020-11-27,1826,75,285.4,D,2020-11-27 18:26:00,1566.0,1568.0,2020.0,CA,NPS,KNP,RATTLESNAKE,00000080,"Sun, 16 Aug 2020 07:00:00 GMT","Mon, 28 Dec 2020 08:00:00 GMT",1.0,7.0,2.0,8422.869,estimate based on satellite heat since 21 NOV,,{82728166-E47A-49A5-94F6-49B65894EECD},,,2020-January 2025,1,36.36,-118.38,,,,,,,,,,,,,
36.3721,-118.7288,326.1,2020-10-07,1009,100,293.6,N,2020-10-07 10:09:00,1537.0,1539.0,2020.0,CA,USF,SQF,CASTLE,00002541,"Wed, 19 Aug 2020 07:00:00 GMT","Mon, 04 Jan 2021 08:00:00 GMT",1.0,7.0,1.0,170647.9,,SQF COMPLEX,{4CE00061-B897-49DC-8839-D08E040FF65D},,{A1F6ECF3-51C6-44FE-9435-64E9221116F2},2020-January 2025,1,36.37,-118.73,,,,,,,,,,,,,
36.3723,-118.4267,322.1,2020-10-31,1845,66,296.6,D,2020-10-31 18:45:00,1537.0,1539.0,2020.0,CA,USF,SQF,CASTLE,00002541,"Wed, 19 Aug 2020 07:00:00 GMT","Mon, 04 Jan 2021 08:00:00 GMT",1.0,7.0,1.0,170647.9,,SQF COMPLEX,{4CE00061-B897-49DC-8839-D08E040FF65D},,{A1F6ECF3-51C6-44FE-9435-64E9221116F2},2020-January 2025,1,36.37,-118.43,,,,,,,,,,,,,
36.3723,-118.4267,322.1,2020-10-31,1845,66,296.6,D,2020-10-31 18:45:00,7411.0,7413.0,2003.0,CA,NPS,KNP,WEST KERN,00000000,"Thu, 21 Aug 2003 07:00:00 GMT","Mon, 15 Dec 2003 08:00:00 GMT",1.0,2.0,2.0,7971.402,,,,00000068,,2000-2009,1,36.37,-118.43,,,,,,,,,,,,,
36.3779,-120.1211,302.7,2020-01-22,1903,53,289.0,D,2020-01-22 19:03:00,,,,,,,,,,,,,,,,,,,,,0,36.38,-120.12,,,,,,,,,,,,,
36.3869,-119.1953,331.6,2020-06-30,1903,77,311.3,D,2020-06-30 19:03:00,,,,,,,,,,,,,,,,,,,,,0,36.39,-119.2,,,,,,,,,,,,,
36.3864,-118.4381,315.6,2020-10-30,2118,51,291.6,D,2020-10-30 21:18:00,,,,,,,,,,,,,,,,,,,,,0,36.39,-118.44,,,,,,,,,,,,,
36.3944,-118.4433,304.9,2020-11-03,0535,7,275.8,N,2020-11-03 05:35:00,,,,,,,,,,,,,,,,,,,,,0,36.39,-118.44,,,,,,,,,,,,,
36.3902,-118.426,308.6,2020-10-29,0517,67,279.3,N,2020-10-29 05:17:00,1566.0,1568.0,2020.0,CA,NPS,KNP,RATTLESNAKE,00000080,"Sun, 16 Aug 2020 07:00:00 GMT","Mon, 28 Dec 2020 08:00:00 GMT",1.0,7.0,2.0,8422.869,estimate based on satellite heat since 21 NOV,,{82728166-E47A-49A5-94F6-49B65894EECD},,,2020-January 2025,1,36.39,-118.43,,,,,,,,,,,,,
36.404,-121.0092,346.4,2020-06-16,2207,93,306.0,D,2020-06-16 22:07:00,,,,,,,,,,,,,,,,,,,,,0,36.4,-121.01,,,,,,,,,,,,,
36.3953,-118.4154,303.5,2020-10-29,0932,34,279.4,N,2020-10-29 09:32:00,1566.0,1568.0,2020.0,CA,NPS,KNP,RATTLESNAKE,00000080,"Sun, 16 Aug 2020 07:00:00 GMT","Mon, 28 Dec 2020 08:00:00 GMT",1.0,7.0,2.0,8422.869,estimate based on satellite heat since 21 NOV,,{82728166-E47A-49A5-94F6-49B65894EECD},,,2020-January 2025,1,36.4,-118.42,,,,,,,,,,,,,
36.4152,-120.975,328.5,2020-06-16,2029,75,303.3,D,2020-06-16 20:29:00,,,,,,,,,,,,,,,,,,,,,0,36.42,-120.98,,,,,,,,,,,,,
36.4209,-120.338,301.2,2020-11-10,2100,33,289.5,D,2020-11-10 21:00:00,,,,,,,,,,,,,,,,,,,,,0,36.42,-120.34,,,,,,,,,,,,,
36.4194,-119.8197,305.3,2020-01-01,1845,46,280.8,D,2020-01-01 18:45:00,,,,,,,,,,,,,,,,,,,,,0,36.42,-119.82,,,,,,,,,,,,,
36.4291,-119.5927,300.7,2020-01-18,2106,40,282.4,D,2020-01-18 21:06:00,,,,,,,,,,,,,,,,,,,,,0,36.43,-119.59,,,,,,,,,,,,,
36.4374,-120.957,323.2,2020-04-28,2124,61,308.5,D,2020-04-28 21:24:00,,,,,,,,,,,,,,,,,,,,,0,36.44,-120.96,,,,,,,,,,,,,
36.439,-119.5978,306.8,2020-01-16,2118,64,288.8,D,2020-01-16 21:18:00,,,,,,,,,,,,,,,,,,,,,0,36.44,-119.6,,,,,,,,,,,,,
36.4384,-119.4491,332.1,2020-01-16,2118,88,290.8,D,2020-01-16 21:18:00,,,,,,,,,,,,,,,,,,,,,0,36.44,-119.45,,,,,,,,,,,,,
36.4574,-120.927,317.1,2020-05-13,1903,50,297.5,D,2020-05-13 19:03:00,,,,,,,,,,,,,,,,,,,,,0,36.46,-120.93,,,,,,,,,,,,,
36.4618,-119.4199,304.3,2020-03-20,1940,59,289.6,D,2020-03-20 19:40:00,,,,,,,,,,,,,,,,,,,,,0,36.46,-119.42,,,,,,,,,,,,,
36.4645,-118.4095,321.2,2020-09-24,0625,100,285.4,N,2020-09-24 06:25:00,,,,,,,,,,,,,,,,,,,,,0,36.46,-118.41,,,,,,,,,,,,,
36.4745,-119.8027,301.9,2020-02-04,2149,45,289.3,D,2020-02-04 21:49:00,,,,,,,,,,,,,,,,,,,,,0,36.47,-119.8,,,,,,,,,,,,,
36.4697,-119.6742,313.8,2020-03-02,2131,67,299.0,D,2020-03-02 21:31:00,,,,,,,,,,,,,,,,,,,,,0,36.47,-119.67,,,,,,,,,,,,,
36.4717,-119.5694,302.4,2020-03-18,1815,52,288.5,D,2020-03-18 18:15:00,,,,,,,,,,,,,,,,,,,,,0,36.47,-119.57,,,,,,,,,,,,,
36.4815,-119.6442,300.6,2020-12-19,1927,39,285.4,D,2020-12-19 19:27:00,,,,,,,,,,,,,,,,,,,,,0,36.48,-119.64,,,,,,,,,,,,,
36.4761,-119.2381,302.6,2020-02-23,1904,53,290.7,D,2020-02-23 19:04:00,,,,,,,,,,,,,,,,,,,,,0,36.48,-119.24,,,,,,,,,,,,,
36.5016,-119.6033,310.4,2020-02-29,1827,58,293.7,D,2020-02-29 18:27:00,,,,,,,,,,,,,,,,,,,,,0,36.5,-119.6,,,,,,,,,,,,,
36.5051,-119.9964,307.0,2020-11-14,1857,64,291.7,D,2020-11-14 18:57:00,,,,,,,,,,,,,,,,,,,,,0,36.51,-120.0,,,,,,,,,,,,,
36.5208,-119.7569,317.2,2020-03-20,2118,75,293.2,D,2020-03-20 21:18:00,,,,,,,,,,,,,,,,,,,,,0,36.52,-119.76,,,,,,,,,,,,,
36.5176,-119.6637,305.3,2020-02-04,1833,61,285.9,D,2020-02-04 18:33:00,,,,,,,,,,,,,,,,,,,,,0,36.52,-119.66,,,,,,,,,,,,,
36.5175,-119.4336,322.4,2020-05-02,2100,59,309.2,D,2020-05-02 21:00:00,,,,,,,,,,,,,,,,,,,,,0,36.52,-119.43,,,,,,,,,,,,,
36.5277,-120.1212,330.3,2020-02-07,1903,87,296.7,D,2020-02-07 19:03:00,,,,,,,,,,,,,,,,,,,,,0,36.53,-120.12,,,,,,,,,,,,,
36.535,-119.5658,327.6,2020-04-02,1910,84,299.9,D,2020-04-02 19:10:00,,,,,,,,,,,,,,,,,,,,,0,36.53,-119.57,,,,,,,,,,,,,
36.5404,-119.1683,337.2,2020-06-22,2130,76,314.2,D,2020-06-22 21:30:00,,,,,,,,,,,,,,,,,,,,,0,36.54,-119.17,,,,,,,,,,,,,
36.5519,-119.553,300.8,2020-12-17,2118,42,287.3,D,2020-12-17 21:18:00,,,,,,,,,,,,,,,,,,,,,0,36.55,-119.55,,,,,,,,,,,,,
36.5527,-119.4756,311.9,2020-12-18,1844,72,284.8,D,2020-12-18 18:44:00,,,,,,,,,,,,,,,,,,,,,0,36.55,-119.48,,,,,,,,,,,,,
36.5499,-119.4729,303.7,2020-12-19,2106,57,290.3,D,2020-12-19 21:06:00,,,,,,,,,,,,,,,,,,,,,0,36.55,-119.47,,,,,,,,,,,,,
36.5501,-119.1755,355.0,2020-06-22,2130,96,315.4,D,2020-06-22 21:30:00,1605.0,1607.0,2020.0,CA,CDF,TUU,GRADE,00000298,"Mon, 22 Jun 2020 07:00:00 GMT","Thu, 25 Jun 2020 07:00:00 GMT",7.0,1.0,1.0,1050.24,,,{3FEDDBE5-D05E-4ED6-94B5-92DE72CBF550},,,2020-January 2025,1,36.55,-119.18,,,,,,,,,,,,,
36.5567,-119.293,319.6,2020-05-04,1909,49,306.9,D,2020-05-04 19:09:00,,,,,,,,,,,,,,,,,,,,,0,36.56,-119.29,,,,,,,,,,,,,
36.5664,-119.9598,308.9,2020-04-04,1857,36,293.9,D,2020-04-04 18:57:00,,,,,,,,,,,,,,,,,,,,,0,36.57,-119.96,,,,,,,,,,,,,
36.5741,-119.9543,327.9,2020-11-19,1915,85,290.2,D,2020-11-19 19:15:00,,,,,,,,,,,,,,,,,,,,,0,36.57,-119.95,,,,,,,,,,,,,
36.5741,-119.855,332.7,2020-02-03,2106,88,291.2,D,2020-02-03 21:06:00,,,,,,,,,,,,,,,,,,,,,0,36.57,-119.86,,,,,,,,,,,,,
36.5745,-119.6481,301.5,2020-02-04,1833,47,285.7,D,2020-02-04 18:33:00,,,,,,,,,,,,,,,,,,,,,0,36.57,-119.65,,,,,,,,,,,,,
36.5662,-119.1756,304.9,2020-06-22,1027,62,293.2,N,2020-06-22 10:27:00,,,,,,,,,,,,,,,,,,,,,0,36.57,-119.18,,,,,,,,,,,,,
36.5846,-120.018,313.0,2020-12-28,2100,53,286.8,D,2020-12-28 21:00:00,,,,,,,,,,,,,,,,,,,,,0,36.58,-120.02,,,,,,,,,,,,,
36.5885,-119.537,307.2,2020-03-02,1815,63,291.5,D,2020-03-02 18:15:00,,,,,,,,,,,,,,,,,,,,,0,36.59,-119.54,,,,,,,,,,,,,
36.6126,-119.7038,303.2,2020-03-09,1821,45,276.5,D,2020-03-09 18:21:00,,,,,,,,,,,,,,,,,,,,,0,36.61,-119.7,,,,,,,,,,,,,
36.6115,-119.3706,315.8,2020-04-15,1839,56,302.8,D,2020-04-15 18:39:00,,,,,,,,,,,,,,,,,,,,,0,36.61,-119.37,,,,,,,,,,,,,
36.608,-118.994,301.7,2020-12-22,2136,49,284.1,D,2020-12-22 21:36:00,11685.0,11687.0,1983.0,CA,CDF,TUU,COOPER,00000000,"Fri, 05 Aug 1983 07:00:00 GMT",,14.0,,1.0,1544.189,,,,00000000,,1980-1989,1,36.61,-118.99,,,,,,,,,,,,,
36.608,-118.994,301.7,2020-12-22,2136,49,284.1,D,2020-12-22 21:36:00,20272.0,20274.0,1926.0,CA,NPS,KNP,KAWEAH,00000000,"Tue, 10 Aug 1926 07:00:00 GMT","Thu, 19 Aug 1926 07:00:00 GMT",7.0,6.0,1.0,34357.7,,,,00000001,,1950-1959,1,36.61,-118.99,,,,,,,,,,,,,
36.616,-119.6016,305.7,2020-02-29,1827,50,282.0,D,2020-02-29 18:27:00,,,,,,,,,,,,,,,,,,,,,0,36.62,-119.6,,,,,,,,,,,,,
36.6288,-120.5986,303.4,2020-01-17,1845,56,275.8,D,2020-01-17 18:45:00,,,,,,,,,,,,,,,,,,,,,0,36.63,-120.6,,,,,,,,,,,,,
36.6416,-119.8902,304.6,2020-03-17,1910,56,284.0,D,2020-03-17 19:10:00,,,,,,,,,,,,,,,,,,,,,0,36.64,-119.89,,,,,,,,,,,,,
36.639,-119.876,303.8,2020-03-17,1910,54,284.0,D,2020-03-17 19:10:00,,,,,,,,,,,,,,,,,,,,,0,36.64,-119.88,,,,,,,,,,,,,
36.6365,-119.3156,315.2,2020-04-23,1928,49,298.2,D,2020-04-23 19:28:00,,,,,,,,,,,,,,,,,,,,,0,36.64,-119.32,,,,,,,,,,,,,
36.6489,-119.9532,308.0,2020-03-10,1904,58,277.4,D,2020-03-10 19:04:00,,,,,,,,,,,,,,,,,,,,,0,36.65,-119.95,,,,,,,,,,,,,
36.6539,-119.4584,334.4,2020-04-27,1903,85,305.8,D,2020-04-27 19:03:00,,,,,,,,,,,,,,,,,,,,,0,36.65,-119.46,,,,,,,,,,,,,
36.6485,-119.4335,319.0,2020-02-03,1928,79,285.5,D,2020-02-03 19:28:00,,,,,,,,,,,,,,,,,,,,,0,36.65,-119.43,,,,,,,,,,,,,
36.6502,-119.3888,321.7,2020-03-05,1845,81,288.9,D,2020-03-05 18:45:00,,,,,,,,,,,,,,,,,,,,,0,36.65,-119.39,,,,,,,,,,,,,
36.6636,-121.2643,301.3,2020-01-24,1851,46,287.3,D,2020-01-24 18:51:00,,,,,,,,,,,,,,,,,,,,,0,36.66,-121.26,,,,,,,,,,,,,
36.6617,-121.0038,369.4,2020-07-15,2137,100,313.5,D,2020-07-15 21:37:00,,,,,,,,,,,,,,,,,,,,,0,36.66,-121.0,,,,,,,,,,,,,
36.6617,-120.1295,307.8,2020-05-28,0619,73,296.9,N,2020-05-28 06:19:00,,,,,,,,,,,,,,,,,,,,,0,36.66,-120.13,,,,,,,,,,,,,
36.6781,-120.6817,313.0,2020-01-17,1845,73,276.9,D,2020-01-17 18:45:00,,,,,,,,,,,,,,,,,,,,,0,36.68,-120.68,,,,,,,,,,,,,
36.6857,-120.0925,313.6,2020-12-17,2118,74,285.7,D,2020-12-17 21:18:00,,,,,,,,,,,,,,,,,,,,,0,36.69,-120.09,,,,,,,,,,,,,
36.6932,-120.0455,313.5,2020-03-02,2131,70,296.6,D,2020-03-02 21:31:00,,,,,,,,,,,,,,,,,,,,,0,36.69,-120.05,,,,,,,,,,,,,
36.6961,-120.0866,316.9,2020-05-13,2042,43,302.4,D,2020-05-13 20:42:00,,,,,,,,,,,,,,,,,,,,,0,36.7,-120.09,,,,,,,,,,,,,
36.7005,-120.0804,343.8,2020-05-13,1903,91,302.1,D,2020-05-13 19:03:00,,,,,,,,,,,,,,,,,,,,,0,36.7,-120.08,,,,,,,,,,,,,
36.696,-120.0485,318.8,2020-05-22,1857,56,300.0,D,2020-05-22 18:57:00,,,,,,,,,,,,,,,,,,,,,0,36.7,-120.05,,,,,,,,,,,,,
36.6981,-119.7833,300.8,2020-07-03,1009,34,290.1,N,2020-07-03 10:09:00,,,,,,,,,,,,,,,,,,,,,0,36.7,-119.78,,,,,,,,,,,,,
36.714,-120.3809,323.8,2020-05-05,1814,59,309.1,D,2020-05-05 18:14:00,,,,,,,,,,,,,,,,,,,,,0,36.71,-120.38,,,,,,,,,,,,,
36.7237,-120.1285,318.3,2020-11-19,1915,78,289.2,D,2020-11-19 19:15:00,,,,,,,,,,,,,,,,,,,,,0,36.72,-120.13,,,,,,,,,,,,,
36.7304,-120.3751,324.6,2020-03-14,1839,82,301.4,D,2020-03-14 18:39:00,,,,,,,,,,,,,,,,,,,,,0,36.73,-120.38,,,,,,,,,,,,,
36.7279,-120.147,311.4,2020-11-19,2053,71,291.7,D,2020-11-19 20:53:00,,,,,,,,,,,,,,,,,,,,,0,36.73,-120.15,,,,,,,,,,,,,
36.7297,-120.1211,312.0,2020-03-01,2048,22,292.8,D,2020-03-01 20:48:00,,,,,,,,,,,,,,,,,,,,,0,36.73,-120.12,,,,,,,,,,,,,
36.7297,-119.628,309.8,2020-04-01,1827,41,294.9,D,2020-04-01 18:27:00,,,,,,,,,,,,,,,,,,,,,0,36.73,-119.63,,,,,,,,,,,,,
36.7274,-119.4405,308.7,2020-03-31,1922,60,294.5,D,2020-03-31 19:22:00,,,,,,,,,,,,,,,,,,,,,0,36.73,-119.44,,,,,,,,,,,,,
36.735,-121.6243,327.8,2020-02-29,2143,83,296.0,D,2020-02-29 21:43:00,,,,,,,,,,,,,,,,,,,,,0,36.74,-121.62,,,,,,,,,,,,,
36.7406,-120.3734,329.3,2020-03-14,1839,81,300.1,D,2020-03-14 18:39:00,,,,,,,,,,,,,,,,,,,,,0,36.74,-120.37,,,,,,,,,,,,,
36.7396,-119.0266,323.9,2020-02-28,2100,66,290.3,D,2020-02-28 21:00:00,16381.0,16383.0,1955.0,CA,USF,SQF,MCGEE,00000000,"Fri, 02 Sep 1955 07:00:00 GMT",,9.0,,1.0,18252.86,,,,00000033,,1950-1959,1,36.74,-119.03,,,,,,,,,,,,,
36.7458,-119.0426,314.4,2020-02-27,1839,73,289.5,D,2020-02-27 18:39:00,,,,,,,,,,,,,,,,,,,,,0,36.75,-119.04,,,,,,,,,,,,,
36.7631,-119.5649,327.1,2020-07-23,1909,71,307.7,D,2020-07-23 19:09:00,,,,,,,,,,,,,,,,,,,,,0,36.76,-119.56,,,,,,,,,,,,,
36.781,-118.6058,333.3,2020-05-25,2106,75,301.1,D,2020-05-25 21:06:00,10205.0,10207.0,1990.0,CA,NPS,KNP,AVALANCHE,00000000,"Fri, 13 Jul 1990 07:00:00 GMT","Mon, 29 Oct 1990 08:00:00 GMT",1.0,8.0,2.0,2787.009,,,,00000030,,1990-1999,1,36.78,-118.61,,,,,,,,,,,,,
36.7917,-120.2058,327.2,2020-07-09,1857,56,311.1,D,2020-07-09 18:57:00,,,,,,,,,,,,,,,,,,,,,0,36.79,-120.21,,,,,,,,,,,,,
36.7858,-120.1454,329.3,2020-03-03,1858,85,300.6,D,2020-03-03 18:58:00,,,,,,,,,,,,,,,,,,,,,0,36.79,-120.15,,,,,,,,,,,,,
36.7912,-118.6264,320.3,2020-05-24,1845,39,298.2,D,2020-05-24 18:45:00,,,,,,,,,,,,,,,,,,,,,0,36.79,-118.63,,,,,,,,,,,,,
36.7899,-118.6076,326.5,2020-05-25,2106,56,305.1,D,2020-05-25 21:06:00,,,,,,,,,,,,,,,,,,,,,0,36.79,-118.61,,,,,,,,,,,,,
36.7976,-119.5488,320.0,2020-02-16,1857,80,290.4,D,2020-02-16 18:57:00,,,,,,,,,,,,,,,,,,,,,0,36.8,-119.55,,,,,,,,,,,,,
36.8692,-120.1561,312.4,2020-04-11,2042,67,290.2,D,2020-04-11 20:42:00,,,,,,,,,,,,,,,,,,,,,0,36.87,-120.16,,,,,,,,,,,,,
36.8923,-121.3726,303.0,2020-12-23,1903,54,284.2,D,2020-12-23 19:03:00,,,,,,,,,,,,,,,,,,,,,0,36.89,-121.37,,,,,,,,,,,,,
36.93,-120.1654,301.4,2020-02-03,1928,46,283.7,D,2020-02-03 19:28:00,,,,,,,,,,,,,,,,,,,,,0,36.93,-120.17,,,,,,,,,,,,,
36.9375,-120.2024,310.4,2020-03-30,1839,62,291.2,D,2020-03-30 18:39:00,,,,,,,,,,,,,,,,,,,,,0,36.94,-120.2,,,,,,,,,,,,,
36.9398,-120.1469,313.2,2020-03-01,1910,57,288.8,D,2020-03-01 19:10:00,,,,,,,,,,,,,,,,,,,,,0,36.94,-120.15,,,,,,,,,,,,,
36.9747,-119.9376,335.3,2020-07-02,2029,55,315.3,D,2020-07-02 20:29:00,,,,,,,,,,,,,,,,,,,,,0,36.97,-119.94,,,,,,,,,,,,,
36.9998,-119.2358,313.6,2020-02-27,2155,74,286.8,D,2020-02-27 21:55:00,,,,,,,,,,,,,,,,,,,,,0,37.0,-119.24,,,,,,,,,,,,,
37.0131,-121.4767,315.7,2020-07-06,0625,13,289.6,N,2020-07-06 06:25:00,1573.0,1575.0,2020.0,CA,CDF,SCU,CREWS,00004686,"Sun, 05 Jul 2020 07:00:00 GMT","Wed, 15 Jul 2020 07:00:00 GMT",8.0,2.0,1.0,5513.191,,,{5D075A6A-350E-497F-B977-A6DCF275B2EC},,,2020-January 2025,1,37.01,-121.48,,,,,,,,,,,,,
37.0099,-120.159,312.2,2020-03-18,2131,70,291.9,D,2020-03-18 21:31:00,,,,,,,,,,,,,,,,,,,,,0,37.01,-120.16,,,,,,,,,,,,,
37.0137,-119.2397,311.9,2020-03-06,2106,49,294.1,D,2020-03-06 21:06:00,,,,,,,,,,,,,,,,,,,,,0,37.01,-119.24,,,,,,,,,,,,,
37.0191,-121.4231,327.6,2020-07-06,0625,100,291.0,N,2020-07-06 06:25:00,1573.0,1575.0,2020.0,CA,CDF,SCU,CREWS,00004686,"Sun, 05 Jul 2020 07:00:00 GMT","Wed, 15 Jul 2020 07:00:00 GMT",8.0,2.0,1.0,5513.191,,,{5D075A6A-350E-497F-B977-A6DCF275B2EC},,,2020-January 2025,1,37.02,-121.42,,,,,,,,,,,,,
37.0242,-120.1925,363.9,2020-03-03,1858,100,298.4,D,2020-03-03 18:58:00,,,,,,,,,,,,,,,,,,,,,0,37.02,-120.19,,,,,,,,,,,,,
37.0239,-119.3777,314.0,2020-09-16,0950,88,292.6,N,2020-09-16 09:50:00,19857.0,19859.0,1929.0,CA,USF,SNF, ,00000000,,,14.0,,1.0,9023.176,,,,00000002,,1950-1959,1,37.02,-119.38,,,,,,,,,,,,,
37.0173,-119.2547,334.5,2020-02-28,2100,78,298.0,D,2020-02-28 21:00:00,19420.0,19422.0,1932.0,CA,USF,SNF, ,00000000,,,14.0,,1.0,7390.819,,,,00000002,,1950-1959,1,37.02,-119.25,,,,,,,,,,,,,
37.0346,-119.2548,349.2,2020-09-11,0932,100,290.3,N,2020-09-11 09:32:00,1209.0,1211.0,2021.0,CA,USF,SNF,BLUE,00000717,"Tue, 29 Jun 2021 07:00:00 GMT","Sat, 03 Jul 2021 07:00:00 GMT",14.0,5.0,1.0,291.1255,,,{39A39A6B-3A78-45F5-88C0-E4CCE76DC9D9},,,2020-January 2025,0,37.03,-119.25,,,,,,,,,,,,,
37.0346,-119.2548,349.2,2020-09-11,0932,100,290.3,N,2020-09-11 09:32:00,19420.0,19422.0,1932.0,CA,USF,SNF, ,00000000,,,14.0,,1.0,7390.819,,,,00000002,,1950-1959,1,37.03,-119.25,,,,,,,,,,,,,
37.0371,-121.1746,337.8,2020-06-28,2054,86,305.0,D,2020-06-28 20:54:00,1585.0,1587.0,2020.0,CA,CDF,MMU,PASS,00013431,"Sun, 28 Jun 2020 07:00:00 GMT","Wed, 01 Jul 2020 07:00:00 GMT",11.0,1.0,1.0,2163.698,,,{3572B770-DBB0-4997-8934-49FED0657B01},,,2020-January 2025,1,37.04,-121.17,,,,,,,,,,,,,
37.04,-121.1589,351.9,2020-06-28,2054,72,305.5,D,2020-06-28 20:54:00,1585.0,1587.0,2020.0,CA,CDF,MMU,PASS,00013431,"Sun, 28 Jun 2020 07:00:00 GMT","Wed, 01 Jul 2020 07:00:00 GMT",11.0,1.0,1.0,2163.698,,,{3572B770-DBB0-4997-8934-49FED0657B01},,,2020-January 2025,1,37.04,-121.16,,,,,,,,,,,,,
37.0447,-120.2944,301.1,2020-01-28,2143,44,288.3,D,2020-01-28 21:43:00,,,,,,,,,,,,,,,,,,,,,0,37.04,-120.29,,,,,,,,,,,,,
37.0418,-119.3803,316.6,2020-01-14,1814,72,279.3,D,2020-01-14 18:14:00,1534.0,1536.0,2020.0,CA,USF,SNF,CREEK,00001391,"Fri, 04 Sep 2020 07:00:00 GMT","Thu, 24 Dec 2020 08:00:00 GMT",14.0,8.0,1.0,379842.4,,,{33CBB9DC-6983-4F47-B821-9C9A6CAC381D},,,2020-January 2025,1,37.04,-119.38,,,,,,,,,,,,,
37.0418,-119.3803,316.6,2020-01-14,1814,72,279.3,D,2020-01-14 18:14:00,19541.0,19543.0,1931.0,CA,USF,SNF, ,00000000,,,1.0,,1.0,7165.196,,,,00000005,,1950-1959,1,37.04,-119.38,,,,,,,,,,,,,
37.043,-119.3652,302.8,2020-01-23,2124,54,288.0,D,2020-01-23 21:24:00,1534.0,1536.0,2020.0,CA,USF,SNF,CREEK,00001391,"Fri, 04 Sep 2020 07:00:00 GMT","Thu, 24 Dec 2020 08:00:00 GMT",14.0,8.0,1.0,379842.4,,,{33CBB9DC-6983-4F47-B821-9C9A6CAC381D},,,2020-January 2025,1,37.04,-119.37,,,,,,,,,,,,,
37.043,-119.3652,302.8,2020-01-23,2124,54,288.0,D,2020-01-23 21:24:00,20246.0,20248.0,1927.0,CA,USF,SNF, ,00000000,,,14.0,,1.0,95.50209,,,,00000003,,1950-1959,0,37.04,-119.37,,,,,,,,,,,,,
37.0397,-119.3476,302.2,2020-01-14,1814,51,280.1,D,2020-01-14 18:14:00,1534.0,1536.0,2020.0,CA,USF,SNF,CREEK,00001391,"Fri, 04 Sep 2020 07:00:00 GMT","Thu, 24 Dec 2020 08:00:00 GMT",14.0,8.0,1.0,379842.4,,,{33CBB9DC-6983-4F47-B821-9C9A6CAC381D},,,2020-January 2025,1,37.04,-119.35,,,,,,,,,,,,,
37.0499,-121.1856,328.2,2020-06-28,2054,73,302.9,D,2020-06-28 20:54:00,,,,,,,,,,,,,,,,,,,,,0,37.05,-121.19,,,,,,,,,,,,,
37.051,-119.2495,301.4,2020-01-10,1838,47,278.8,D,2020-01-10 18:38:00,,,,,,,,,,,,,,,,,,,,,0,37.05,-119.25,,,,,,,,,,,,,
37.0572,-119.9728,304.7,2020-02-23,1904,60,291.9,D,2020-02-23 19:04:00,,,,,,,,,,,,,,,,,,,,,0,37.06,-119.97,,,,,,,,,,,,,
37.0611,-119.3931,306.5,2020-01-06,2041,61,282.5,D,2020-01-06 20:41:00,1534.0,1536.0,2020.0,CA,USF,SNF,CREEK,00001391,"Fri, 04 Sep 2020 07:00:00 GMT","Thu, 24 Dec 2020 08:00:00 GMT",14.0,8.0,1.0,379842.4,,,{33CBB9DC-6983-4F47-B821-9C9A6CAC381D},,,2020-January 2025,1,37.06,-119.39,,,,,,,,,,,,,
37.0611,-119.3931,306.5,2020-01-06,2041,61,282.5,D,2020-01-06 20:41:00,19541.0,19543.0,1931.0,CA,USF,SNF, ,00000000,,,1.0,,1.0,7165.196,,,,00000005,,1950-1959,1,37.06,-119.39,,,,,,,,,,,,,
37.0611,-119.3931,306.5,2020-01-06,2041,61,282.5,D,2020-01-06 20:41:00,20110.0,20112.0,1928.0,CA,USF,SNF, ,00000000,,,14.0,,1.0,160.7419,,,,00000011,,1950-1959,0,37.06,-119.39,,,,,,,,,,,,,
37.0744,-120.4663,308.7,2020-08-02,0606,75,293.9,N,2020-08-02 06:06:00,,,,,,,,,,,,,,,,,,,,,0,37.07,-120.47,,,,,,,,,,,,,
37.074,-119.4171,301.8,2020-01-29,2048,46,280.9,D,2020-01-29 20:48:00,,,,,,,,,,,,,,,,,,,,,0,37.07,-119.42,,,,,,,,,,,,,
37.0715,-119.3842,327.6,2020-01-06,2041,76,285.0,D,2020-01-06 20:41:00,1534.0,1536.0,2020.0,CA,USF,SNF,CREEK,00001391,"Fri, 04 Sep 2020 07:00:00 GMT","Thu, 24 Dec 2020 08:00:00 GMT",14.0,8.0,1.0,379842.4,,,{33CBB9DC-6983-4F47-B821-9C9A6CAC381D},,,2020-January 2025,1,37.07,-119.38,,,,,,,,,,,,,
37.0742,-119.3773,303.3,2020-01-08,1850,55,277.0,D,2020-01-08 18:50:00,1534.0,1536.0,2020.0,CA,USF,SNF,CREEK,00001391,"Fri, 04 Sep 2020 07:00:00 GMT","Thu, 24 Dec 2020 08:00:00 GMT",14.0,8.0,1.0,379842.4,,,{33CBB9DC-6983-4F47-B821-9C9A6CAC381D},,,2020-January 2025,1,37.07,-119.38,,,,,,,,,,,,,
37.0694,-119.3737,306.2,2020-04-16,1922,45,291.5,D,2020-04-16 19:22:00,1534.0,1536.0,2020.0,CA,USF,SNF,CREEK,00001391,"Fri, 04 Sep 2020 07:00:00 GMT","Thu, 24 Dec 2020 08:00:00 GMT",14.0,8.0,1.0,379842.4,,,{33CBB9DC-6983-4F47-B821-9C9A6CAC381D},,,2020-January 2025,1,37.07,-119.37,,,,,,,,,,,,,
37.0732,-119.251,315.0,2020-01-31,1857,75,280.2,D,2020-01-31 18:57:00,,,,,,,,,,,,,,,,,,,,,0,37.07,-119.25,,,,,,,,,,,,,
37.0714,-119.2398,325.4,2020-01-31,1857,84,279.1,D,2020-01-31 18:57:00,17788.0,17790.0,1947.0,CA,USF,SNF, ,00000000,,,1.0,,1.0,3020.118,,,,00000003,,1950-1959,1,37.07,-119.24,,,,,,,,,,,,,
37.0841,-119.3684,324.6,2020-01-24,1851,83,283.4,D,2020-01-24 18:51:00,1534.0,1536.0,2020.0,CA,USF,SNF,CREEK,00001391,"Fri, 04 Sep 2020 07:00:00 GMT","Thu, 24 Dec 2020 08:00:00 GMT",14.0,8.0,1.0,379842.4,,,{33CBB9DC-6983-4F47-B821-9C9A6CAC381D},,,2020-January 2025,1,37.08,-119.37,,,,,,,,,,,,,
37.0869,-121.1993,305.7,2020-07-05,0542,65,293.8,N,2020-07-05 05:42:00,1615.0,1617.0,2020.0,CA,CDF,MMU,COTTONWOOD,00016043,"Mon, 27 Jul 2020 07:00:00 GMT","Wed, 29 Jul 2020 07:00:00 GMT",10.0,4.0,1.0,788.082,,,{5B6080CD-3E2B-4B14-914C-97708A04E7C1},,,2020-January 2025,1,37.09,-121.2,,,,,,,,,,,,,
37.1066,-119.3915,318.8,2020-09-07,0542,97,291.6,N,2020-09-07 05:42:00,1534.0,1536.0,2020.0,CA,USF,SNF,CREEK,00001391,"Fri, 04 Sep 2020 07:00:00 GMT","Thu, 24 Dec 2020 08:00:00 GMT",14.0,8.0,1.0,379842.4,,,{33CBB9DC-6983-4F47-B821-9C9A6CAC381D},,,2020-January 2025,1,37.11,-119.39,,,,,,,,,,,,,
37.1066,-119.3915,318.8,2020-09-07,0542,97,291.6,N,2020-09-07 05:42:00,20181.0,20183.0,1927.0,CA,USF,SNF, ,00000000,,,14.0,,1.0,6270.248,,,,00000002,,1950-1959,1,37.11,-119.39,,,,,,,,,,,,,
37.1299,-121.4443,308.7,2020-08-29,1003,75,290.7,N,2020-08-29 10:03:00,1533.0,1535.0,2020.0,CA,CDF,SCU,SCU LIGHTNING COMPLEX,00005740,"Sun, 16 Aug 2020 07:00:00 GMT","Fri, 11 Sep 2020 07:00:00 GMT",1.0,2.0,1.0,396824.5,,SCU LIGHTNING COMPLEX,{871C357C-444E-437E-AD4D-EBDAF39C3AD6},,{871C357C-444E-437E-AD4D-EBDAF39C3AD6},2020-January 2025,1,37.13,-121.44,,,,,,,,,,,,,
37.1432,-121.4066,368.9,2020-08-23,2143,100,295.6,D,2020-08-23 21:43:00,1533.0,1535.0,2020.0,CA,CDF,SCU,SCU LIGHTNING COMPLEX,00005740,"Sun, 16 Aug 2020 07:00:00 GMT","Fri, 11 Sep 2020 07:00:00 GMT",1.0,2.0,1.0,396824.5,,SCU LIGHTNING COMPLEX,{871C357C-444E-437E-AD4D-EBDAF39C3AD6},,{871C357C-444E-437E-AD4D-EBDAF39C3AD6},2020-January 2025,1,37.14,-121.41,,,,,,,,,,,,,
37.1432,-121.4066,368.9,2020-08-23,2143,100,295.6,D,2020-08-23 21:43:00,6160.0,6162.0,2007.0,CA,CDF,SCU,LICK,00005214,"Mon, 03 Sep 2007 07:00:00 GMT","Sat, 15 Sep 2007 07:00:00 GMT",5.0,2.0,1.0,47748.27,,,,00000000,,2000-2009,1,37.14,-121.41,,,,,,,,,,,,,
37.1635,-120.6248,328.3,2020-01-13,2048,86,286.8,D,2020-01-13 20:48:00,,,,,,,,,,,,,,,,,,,,,0,37.16,-120.62,,,,,,,,,,,,,
37.1561,-120.6025,308.3,2020-01-13,2048,65,285.0,D,2020-01-13 20:48:00,,,,,,,,,,,,,,,,,,,,,0,37.16,-120.6,,,,,,,,,,,,,
37.1628,-120.2146,309.4,2020-06-24,0600,77,296.4,N,2020-06-24 06:00:00,,,,,,,,,,,,,,,,,,,,,0,37.16,-120.21,,,,,,,,,,,,,
37.1574,-119.5,319.4,2020-07-12,0548,98,298.8,N,2020-07-12 05:48:00,1684.0,1686.0,2020.0,CA,CDF,MMU,POWER,00014707,"Sat, 11 Jul 2020 07:00:00 GMT","Wed, 15 Jul 2020 07:00:00 GMT",11.0,1.0,1.0,151.5495,,,{116DCB48-2783-4EEF-894F-EECF960CA58C},,,2020-January 2025,0,37.16,-119.5,,,,,,,,,,,,,
37.1574,-119.5,319.4,2020-07-12,0548,98,298.8,N,2020-07-12 05:48:00,22400.0,22402.0,1911.0,CA,USF,SNF, ,00000000,,,14.0,,1.0,11238.77,,,,00000008,,1950-1959,1,37.16,-119.5,,,,,,,,,,,,,
37.1612,-119.4913,308.3,2020-07-12,1003,74,296.2,N,2020-07-12 10:03:00,20927.0,20929.0,1922.0,CA,USF,SNF, ,00000000,,,14.0,,1.0,25016.85,,,,00000005,,1950-1959,1,37.16,-119.49,,,,,,,,,,,,,
37.1612,-119.4913,308.3,2020-07-12,1003,74,296.2,N,2020-07-12 10:03:00,22400.0,22402.0,1911.0,CA,USF,SNF, ,00000000,,,14.0,,1.0,11238.77,,,,00000008,,1950-1959,1,37.16,-119.49,,,,,,,,,,,,,
37.1617,-119.2908,334.3,2020-02-14,2048,77,284.4,D,2020-02-14 20:48:00,,,,,,,,,,,,,,,,,,,,,0,37.16,-119.29,,,,,,,,,,,,,
37.1662,-120.2146,332.4,2020-06-24,1015,100,293.8,N,2020-06-24 10:15:00,,,,,,,,,,,,,,,,,,,,,0,37.17,-120.21,,,,,,,,,,,,,
37.1723,-119.3731,318.9,2020-09-06,0914,84,291.4,N,2020-09-06 09:14:00,1534.0,1536.0,2020.0,CA,USF,SNF,CREEK,00001391,"Fri, 04 Sep 2020 07:00:00 GMT","Thu, 24 Dec 2020 08:00:00 GMT",14.0,8.0,1.0,379842.4,,,{33CBB9DC-6983-4F47-B821-9C9A6CAC381D},,,2020-January 2025,1,37.17,-119.37,,,,,,,,,,,,,
37.1723,-119.3731,318.9,2020-09-06,0914,84,291.4,N,2020-09-06 09:14:00,20927.0,20929.0,1922.0,CA,USF,SNF, ,00000000,,,14.0,,1.0,25016.85,,,,00000005,,1950-1959,1,37.17,-119.37,,,,,,,,,,,,,
37.1674,-119.2919,301.4,2020-02-14,1910,46,281.3,D,2020-02-14 19:10:00,1534.0,1536.0,2020.0,CA,USF,SNF,CREEK,00001391,"Fri, 04 Sep 2020 07:00:00 GMT","Thu, 24 Dec 2020 08:00:00 GMT",14.0,8.0,1.0,379842.4,,,{33CBB9DC-6983-4F47-B821-9C9A6CAC381D},,,2020-January 2025,1,37.17,-119.29,,,,,,,,,,,,,
37.1832,-121.2778,358.0,2020-08-20,0554,100,302.6,N,2020-08-20 05:54:00,1533.0,1535.0,2020.0,CA,CDF,SCU,SCU LIGHTNING COMPLEX,00005740,"Sun, 16 Aug 2020 07:00:00 GMT","Fri, 11 Sep 2020 07:00:00 GMT",1.0,2.0,1.0,396824.5,,SCU LIGHTNING COMPLEX,{871C357C-444E-437E-AD4D-EBDAF39C3AD6},,{871C357C-444E-437E-AD4D-EBDAF39C3AD6},2020-January 2025,1,37.18,-121.28,,,,,,,,,,,,,
37.1832,-121.2778,358.0,2020-08-20,0554,100,302.6,N,2020-08-20 05:54:00,7404.0,7406.0,2003.0,CA,CDF,SCU,ANNIE,00003581,"Wed, 27 Aug 2003 07:00:00 GMT","Thu, 18 Sep 2003 07:00:00 GMT",1.0,1.0,1.0,18210.4,,SANTA CLARA COMPLEX,,00000319,00003581,2000-2009,1,37.18,-121.28,,,,,,,,,,,,,
37.198,-120.3312,304.5,2020-02-09,1851,59,289.3,D,2020-02-09 18:51:00,,,,,,,,,,,,,,,,,,,,,0,37.2,-120.33,,,,,,,,,,,,,
37.214,-120.2362,322.1,2020-02-19,2106,81,296.9,D,2020-02-19 21:06:00,,,,,,,,,,,,,,,,,,,,,0,37.21,-120.24,,,,,,,,,,,,,
37.2051,-119.1895,377.6,2020-09-17,2137,100,298.4,D,2020-09-17 21:37:00,1534.0,1536.0,2020.0,CA,USF,SNF,CREEK,00001391,"Fri, 04 Sep 2020 07:00:00 GMT","Thu, 24 Dec 2020 08:00:00 GMT",14.0,8.0,1.0,379842.4,,,{33CBB9DC-6983-4F47-B821-9C9A6CAC381D},,,2020-January 2025,1,37.21,-119.19,,,,,,,,,,,,,
37.2312,-121.4079,334.3,2020-08-21,0637,100,298.2,N,2020-08-21 06:37:00,1533.0,1535.0,2020.0,CA,CDF,SCU,SCU LIGHTNING COMPLEX,00005740,"Sun, 16 Aug 2020 07:00:00 GMT","Fri, 11 Sep 2020 07:00:00 GMT",1.0,2.0,1.0,396824.5,,SCU LIGHTNING COMPLEX,{871C357C-444E-437E-AD4D-EBDAF39C3AD6},,{871C357C-444E-437E-AD4D-EBDAF39C3AD6},2020-January 2025,1,37.23,-121.41,,,,,,,,,,,,,
37.2312,-121.4079,334.3,2020-08-21,0637,100,298.2,N,2020-08-21 06:37:00,6160.0,6162.0,2007.0,CA,CDF,SCU,LICK,00005214,"Mon, 03 Sep 2007 07:00:00 GMT","Sat, 15 Sep 2007 07:00:00 GMT",5.0,2.0,1.0,47748.27,,,,00000000,,2000-2009,1,37.23,-121.41,,,,,,,,,,,,,
37.2312,-121.4079,334.3,2020-08-21,0637,100,298.2,N,2020-08-21 06:37:00,15415.0,15417.0,1961.0,CA,CDF,SCU,BOLLINGER RIDGE,00000000,"Wed, 12 Jul 1961 07:00:00 GMT",,14.0,,1.0,32866.06,,,,00000073,,1960-1969,1,37.23,-121.41,,,,,,,,,,,,,
37.2362,-120.2205,309.3,2020-02-10,2112,68,292.1,D,2020-02-10 21:12:00,9971.0,9973.0,1992.0,CA,CDF,MMU,JORDAN,00006554,,,14.0,,1.0,365.2539,,,,00000389,,1990-1999,0,37.24,-120.22,,,,,,,,,,,,,
37.2367,-119.3634,319.6,2020-04-30,2112,41,301.2,D,2020-04-30 21:12:00,1534.0,1536.0,2020.0,CA,USF,SNF,CREEK,00001391,"Fri, 04 Sep 2020 07:00:00 GMT","Thu, 24 Dec 2020 08:00:00 GMT",14.0,8.0,1.0,379842.4,,,{33CBB9DC-6983-4F47-B821-9C9A6CAC381D},,,2020-January 2025,1,37.24,-119.36,,,,,,,,,,,,,
37.2631,-119.3343,323.5,2020-09-06,0637,82,295.0,N,2020-09-06 06:37:00,1534.0,1536.0,2020.0,CA,USF,SNF,CREEK,00001391,"Fri, 04 Sep 2020 07:00:00 GMT","Thu, 24 Dec 2020 08:00:00 GMT",14.0,8.0,1.0,379842.4,,,{33CBB9DC-6983-4F47-B821-9C9A6CAC381D},,,2020-January 2025,1,37.26,-119.33,,,,,,,,,,,,,
37.2631,-119.3343,323.5,2020-09-06,0637,82,295.0,N,2020-09-06 06:37:00,4062.0,4064.0,2014.0,CA,USF,SNF,FRENCH,001619,"Sun, 27 Jul 2014 07:00:00 GMT","Mon, 18 Aug 2014 07:00:00 GMT",4.0,3.0,1.0,13831.64,<Null>,,{47C63FE9-1726-4840-B183-9335D91A9029},,,2010-2019,1,37.26,-119.33,,,,,,,,,,,,,
37.2631,-119.3343,323.5,2020-09-06,0637,82,295.0,N,2020-09-06 06:37:00,18698.0,18700.0,1939.0,CA,USF,SNF, ,00000000,,,14.0,,1.0,15312.92,,,,00000001,,1950-1959,1,37.26,-119.33,,,,,,,,,,,,,
37.2776,-119.707,301.2,2020-02-12,2100,45,291.1,D,2020-02-12 21:00:00,,,,,,,,,,,,,,,,,,,,,0,37.28,-119.71,,,,,,,,,,,,,
37.2804,-119.2249,308.3,2020-10-22,1851,29,294.4,D,2020-10-22 18:51:00,1534.0,1536.0,2020.0,CA,USF,SNF,CREEK,00001391,"Fri, 04 Sep 2020 07:00:00 GMT","Thu, 24 Dec 2020 08:00:00 GMT",14.0,8.0,1.0,379842.4,,,{33CBB9DC-6983-4F47-B821-9C9A6CAC381D},,,2020-January 2025,1,37.28,-119.22,,,,,,,,,,,,,
37.2863,-120.8048,309.4,2020-04-07,2106,41,296.9,D,2020-04-07 21:06:00,,,,,,,,,,,,,,,,,,,,,0,37.29,-120.8,,,,,,,,,,,,,
37.2893,-120.7166,316.1,2020-11-08,2112,76,289.3,D,2020-11-08 21:12:00,,,,,,,,,,,,,,,,,,,,,0,37.29,-120.72,,,,,,,,,,,,,
37.2961,-119.0262,395.7,2020-10-07,2112,100,300.3,D,2020-10-07 21:12:00,,,,,,,,,,,,,,,,,,,,,0,37.3,-119.03,,,,,,,,,,,,,
37.309,-121.8625,301.2,2020-12-04,1832,45,288.8,D,2020-12-04 18:32:00,,,,,,,,,,,,,,,,,,,,,0,37.31,-121.86,,,,,,,,,,,,,
37.3059,-120.9971,330.8,2020-05-27,2054,59,317.7,D,2020-05-27 20:54:00,,,,,,,,,,,,,,,,,,,,,0,37.31,-121.0,,,,,,,,,,,,,
37.3071,-119.1203,318.8,2020-10-05,2124,51,297.1,D,2020-10-05 21:24:00,,,,,,,,,,,,,,,,,,,,,0,37.31,-119.12,,,,,,,,,,,,,
37.3157,-120.7392,314.5,2020-04-07,2106,65,293.4,D,2020-04-07 21:06:00,,,,,,,,,,,,,,,,,,,,,0,37.32,-120.74,,,,,,,,,,,,,
37.3266,-120.7298,313.1,2020-04-07,2106,52,293.6,D,2020-04-07 21:06:00,,,,,,,,,,,,,,,,,,,,,0,37.33,-120.73,,,,,,,,,,,,,
37.3321,-119.8816,302.9,2020-11-12,1909,54,292.8,D,2020-11-12 19:09:00,,,,,,,,,,,,,,,,,,,,,0,37.33,-119.88,,,,,,,,,,,,,
37.3343,-119.3864,353.6,2020-01-15,2035,97,274.8,D,2020-01-15 20:35:00,1534.0,1536.0,2020.0,CA,USF,SNF,CREEK,00001391,"Fri, 04 Sep 2020 07:00:00 GMT","Thu, 24 Dec 2020 08:00:00 GMT",14.0,8.0,1.0,379842.4,,,{33CBB9DC-6983-4F47-B821-9C9A6CAC381D},,,2020-January 2025,1,37.33,-119.39,,,,,,,,,,,,,
37.3343,-119.3864,353.6,2020-01-15,2035,97,274.8,D,2020-01-15 20:35:00,4062.0,4064.0,2014.0,CA,USF,SNF,FRENCH,001619,"Sun, 27 Jul 2014 07:00:00 GMT","Mon, 18 Aug 2014 07:00:00 GMT",4.0,3.0,1.0,13831.64,<Null>,,{47C63FE9-1726-4840-B183-9335D91A9029},,,2010-2019,1,37.33,-119.39,,,,,,,,,,,,,
37.3294,-119.3773,314.1,2020-01-16,2118,47,273.7,D,2020-01-16 21:18:00,1534.0,1536.0,2020.0,CA,USF,SNF,CREEK,00001391,"Fri, 04 Sep 2020 07:00:00 GMT","Thu, 24 Dec 2020 08:00:00 GMT",14.0,8.0,1.0,379842.4,,,{33CBB9DC-6983-4F47-B821-9C9A6CAC381D},,,2020-January 2025,1,37.33,-119.38,,,,,,,,,,,,,
37.3294,-119.3773,314.1,2020-01-16,2118,47,273.7,D,2020-01-16 21:18:00,4062.0,4064.0,2014.0,CA,USF,SNF,FRENCH,001619,"Sun, 27 Jul 2014 07:00:00 GMT","Mon, 18 Aug 2014 07:00:00 GMT",4.0,3.0,1.0,13831.64,<Null>,,{47C63FE9-1726-4840-B183-9335D91A9029},,,2010-2019,1,37.33,-119.38,,,,,,,,,,,,,
37.3326,-119.2645,316.2,2020-09-17,0619,79,288.6,N,2020-09-17 06:19:00,1534.0,1536.0,2020.0,CA,USF,SNF,CREEK,00001391,"Fri, 04 Sep 2020 07:00:00 GMT","Thu, 24 Dec 2020 08:00:00 GMT",14.0,8.0,1.0,379842.4,,,{33CBB9DC-6983-4F47-B821-9C9A6CAC381D},,,2020-January 2025,1,37.33,-119.26,,,,,,,,,,,,,
37.3326,-119.2645,316.2,2020-09-17,0619,79,288.6,N,2020-09-17 06:19:00,4295.0,4297.0,2013.0,CA,USF,SNF,ASPEN,00000010,"Mon, 22 Jul 2013 07:00:00 GMT","Sun, 08 Sep 2013 07:00:00 GMT",1.0,2.0,1.0,22937.52,,,,,,2010-2019,1,37.33,-119.26,,,,,,,,,,,,,
37.3317,-119.0277,313.1,2020-10-02,0536,86,286.3,N,2020-10-02 05:36:00,1534.0,1536.0,2020.0,CA,USF,SNF,CREEK,00001391,"Fri, 04 Sep 2020 07:00:00 GMT","Thu, 24 Dec 2020 08:00:00 GMT",14.0,8.0,1.0,379842.4,,,{33CBB9DC-6983-4F47-B821-9C9A6CAC381D},,,2020-January 2025,1,37.33,-119.03,,,,,,,,,,,,,
37.3407,-119.4574,318.1,2020-09-22,1838,27,295.3,D,2020-09-22 18:38:00,1534.0,1536.0,2020.0,CA,USF,SNF,CREEK,00001391,"Fri, 04 Sep 2020 07:00:00 GMT","Thu, 24 Dec 2020 08:00:00 GMT",14.0,8.0,1.0,379842.4,,,{33CBB9DC-6983-4F47-B821-9C9A6CAC381D},,,2020-January 2025,1,37.34,-119.46,,,,,,,,,,,,,
37.3433,-119.4501,318.7,2020-09-20,1851,54,297.8,D,2020-09-20 18:51:00,1534.0,1536.0,2020.0,CA,USF,SNF,CREEK,00001391,"Fri, 04 Sep 2020 07:00:00 GMT","Thu, 24 Dec 2020 08:00:00 GMT",14.0,8.0,1.0,379842.4,,,{33CBB9DC-6983-4F47-B821-9C9A6CAC381D},,,2020-January 2025,1,37.34,-119.45,,,,,,,,,,,,,
37.3448,-119.1953,316.2,2020-09-24,1826,31,294.5,D,2020-09-24 18:26:00,1534.0,1536.0,2020.0,CA,USF,SNF,CREEK,00001391,"Fri, 04 Sep 2020 07:00:00 GMT","Thu, 24 Dec 2020 08:00:00 GMT",14.0,8.0,1.0,379842.4,,,{33CBB9DC-6983-4F47-B821-9C9A6CAC381D},,,2020-January 2025,1,37.34,-119.2,,,,,,,,,,,,,
37.3432,-119.176,345.7,2020-09-25,1909,83,296.0,D,2020-09-25 19:09:00,1534.0,1536.0,2020.0,CA,USF,SNF,CREEK,00001391,"Fri, 04 Sep 2020 07:00:00 GMT","Thu, 24 Dec 2020 08:00:00 GMT",14.0,8.0,1.0,379842.4,,,{33CBB9DC-6983-4F47-B821-9C9A6CAC381D},,,2020-January 2025,1,37.34,-119.18,,,,,,,,,,,,,
37.3427,-119.1726,305.2,2020-09-26,1027,42,285.6,N,2020-09-26 10:27:00,1534.0,1536.0,2020.0,CA,USF,SNF,CREEK,00001391,"Fri, 04 Sep 2020 07:00:00 GMT","Thu, 24 Dec 2020 08:00:00 GMT",14.0,8.0,1.0,379842.4,,,{33CBB9DC-6983-4F47-B821-9C9A6CAC381D},,,2020-January 2025,1,37.34,-119.17,,,,,,,,,,,,,
37.3365,-119.0388,348.6,2020-10-05,0606,100,291.9,N,2020-10-05 06:06:00,1534.0,1536.0,2020.0,CA,USF,SNF,CREEK,00001391,"Fri, 04 Sep 2020 07:00:00 GMT","Thu, 24 Dec 2020 08:00:00 GMT",14.0,8.0,1.0,379842.4,,,{33CBB9DC-6983-4F47-B821-9C9A6CAC381D},,,2020-January 2025,1,37.34,-119.04,,,,,,,,,,,,,
37.352,-120.8492,308.3,2020-02-11,1839,67,290.5,D,2020-02-11 18:39:00,,,,,,,,,,,,,,,,,,,,,0,37.35,-120.85,,,,,,,,,,,,,
37.3545,-120.7914,314.2,2020-03-02,2131,74,300.9,D,2020-03-02 21:31:00,,,,,,,,,,,,,,,,,,,,,0,37.35,-120.79,,,,,,,,,,,,,
37.35,-120.0947,325.0,2020-06-13,2137,62,309.0,D,2020-06-13 21:37:00,,,,,,,,,,,,,,,,,,,,,0,37.35,-120.09,,,,,,,,,,,,,
37.3548,-119.2181,311.0,2020-09-21,0554,81,284.8,N,2020-09-21 05:54:00,1534.0,1536.0,2020.0,CA,USF,SNF,CREEK,00001391,"Fri, 04 Sep 2020 07:00:00 GMT","Thu, 24 Dec 2020 08:00:00 GMT",14.0,8.0,1.0,379842.4,,,{33CBB9DC-6983-4F47-B821-9C9A6CAC381D},,,2020-January 2025,1,37.35,-119.22,,,,,,,,,,,,,
37.3474,-119.1771,323.6,2020-09-22,1838,69,292.2,D,2020-09-22 18:38:00,1534.0,1536.0,2020.0,CA,USF,SNF,CREEK,00001391,"Fri, 04 Sep 2020 07:00:00 GMT","Thu, 24 Dec 2020 08:00:00 GMT",14.0,8.0,1.0,379842.4,,,{33CBB9DC-6983-4F47-B821-9C9A6CAC381D},,,2020-January 2025,1,37.35,-119.18,,,,,,,,,,,,,
37.3513,-119.0832,302.7,2020-10-06,0649,15,284.2,N,2020-10-06 06:49:00,1534.0,1536.0,2020.0,CA,USF,SNF,CREEK,00001391,"Fri, 04 Sep 2020 07:00:00 GMT","Thu, 24 Dec 2020 08:00:00 GMT",14.0,8.0,1.0,379842.4,,,{33CBB9DC-6983-4F47-B821-9C9A6CAC381D},,,2020-January 2025,1,37.35,-119.08,,,,,,,,,,,,,
37.3621,-121.3432,373.5,2020-08-18,0607,100,301.1,N,2020-08-18 06:07:00,1533.0,1535.0,2020.0,CA,CDF,SCU,SCU LIGHTNING COMPLEX,00005740,"Sun, 16 Aug 2020 07:00:00 GMT","Fri, 11 Sep 2020 07:00:00 GMT",1.0,2.0,1.0,396824.5,,SCU LIGHTNING COMPLEX,{871C357C-444E-437E-AD4D-EBDAF39C3AD6},,{871C357C-444E-437E-AD4D-EBDAF39C3AD6},2020-January 2025,1,37.36,-121.34,,,,,,,,,,,,,
37.3621,-121.3432,373.5,2020-08-18,0607,100,301.1,N,2020-08-18 06:07:00,6507.0,6509.0,2006.0,CA,CDF,SCU,CANYON,00004303,"Sun, 09 Jul 2006 07:00:00 GMT","Tue, 01 Aug 2006 07:00:00 GMT",14.0,2.0,1.0,34217.52,,,,00000163,,2000-2009,1,37.36,-121.34,,,,,,,,,,,,,
37.3553,-120.0996,329.6,2020-06-13,1820,81,303.6,D,2020-06-13 18:20:00,,,,,,,,,,,,,,,,,,,,,0,37.36,-120.1,,,,,,,,,,,,,
37.3567,-119.283,319.7,2020-09-10,1027,99,288.0,N,2020-09-10 10:27:00,1534.0,1536.0,2020.0,CA,USF,SNF,CREEK,00001391,"Fri, 04 Sep 2020 07:00:00 GMT","Thu, 24 Dec 2020 08:00:00 GMT",14.0,8.0,1.0,379842.4,,,{33CBB9DC-6983-4F47-B821-9C9A6CAC381D},,,2020-January 2025,1,37.36,-119.28,,,,,,,,,,,,,
37.3646,-119.1512,341.9,2020-09-28,2118,89,298.5,D,2020-09-28 21:18:00,1534.0,1536.0,2020.0,CA,USF,SNF,CREEK,00001391,"Fri, 04 Sep 2020 07:00:00 GMT","Thu, 24 Dec 2020 08:00:00 GMT",14.0,8.0,1.0,379842.4,,,{33CBB9DC-6983-4F47-B821-9C9A6CAC381D},,,2020-January 2025,1,37.36,-119.15,,,,,,,,,,,,,
37.3652,-119.11,306.3,2020-10-19,0619,68,282.6,N,2020-10-19 06:19:00,1534.0,1536.0,2020.0,CA,USF,SNF,CREEK,00001391,"Fri, 04 Sep 2020 07:00:00 GMT","Thu, 24 Dec 2020 08:00:00 GMT",14.0,8.0,1.0,379842.4,,,{33CBB9DC-6983-4F47-B821-9C9A6CAC381D},,,2020-January 2025,1,37.37,-119.11,,,,,,,,,,,,,
37.3698,-119.086,326.7,2020-10-16,1927,79,295.0,D,2020-10-16 19:27:00,1534.0,1536.0,2020.0,CA,USF,SNF,CREEK,00001391,"Fri, 04 Sep 2020 07:00:00 GMT","Thu, 24 Dec 2020 08:00:00 GMT",14.0,8.0,1.0,379842.4,,,{33CBB9DC-6983-4F47-B821-9C9A6CAC381D},,,2020-January 2025,1,37.37,-119.09,,,,,,,,,,,,,
37.369,-119.0522,323.2,2020-10-09,1921,77,291.4,D,2020-10-09 19:21:00,1534.0,1536.0,2020.0,CA,USF,SNF,CREEK,00001391,"Fri, 04 Sep 2020 07:00:00 GMT","Thu, 24 Dec 2020 08:00:00 GMT",14.0,8.0,1.0,379842.4,,,{33CBB9DC-6983-4F47-B821-9C9A6CAC381D},,,2020-January 2025,1,37.37,-119.05,,,,,,,,,,,,,
37.3774,-119.1102,319.7,2020-10-17,1832,68,297.8,D,2020-10-17 18:32:00,1534.0,1536.0,2020.0,CA,USF,SNF,CREEK,00001391,"Fri, 04 Sep 2020 07:00:00 GMT","Thu, 24 Dec 2020 08:00:00 GMT",14.0,8.0,1.0,379842.4,,,{33CBB9DC-6983-4F47-B821-9C9A6CAC381D},,,2020-January 2025,1,37.38,-119.11,,,,,,,,,,,,,
37.3774,-119.1102,319.7,2020-10-17,1832,68,297.8,D,2020-10-17 18:32:00,17270.0,17272.0,1951.0,CA,USF,SNF, ,00000000,,,9.0,,1.0,69.48109,,,,00000004,,1950-1959,0,37.38,-119.11,,,,,,,,,,,,,
37.3778,-119.0893,385.6,2020-10-14,2118,100,306.3,D,2020-10-14 21:18:00,1534.0,1536.0,2020.0,CA,USF,SNF,CREEK,00001391,"Fri, 04 Sep 2020 07:00:00 GMT","Thu, 24 Dec 2020 08:00:00 GMT",14.0,8.0,1.0,379842.4,,,{33CBB9DC-6983-4F47-B821-9C9A6CAC381D},,,2020-January 2025,1,37.38,-119.09,,,,,,,,,,,,,
37.381,-119.0762,369.1,2020-10-16,2106,100,297.9,D,2020-10-16 21:06:00,1534.0,1536.0,2020.0,CA,USF,SNF,CREEK,00001391,"Fri, 04 Sep 2020 07:00:00 GMT","Thu, 24 Dec 2020 08:00:00 GMT",14.0,8.0,1.0,379842.4,,,{33CBB9DC-6983-4F47-B821-9C9A6CAC381D},,,2020-January 2025,1,37.38,-119.08,,,,,,,,,,,,,
37.3838,-119.0747,337.8,2020-10-13,1857,79,298.4,D,2020-10-13 18:57:00,1534.0,1536.0,2020.0,CA,USF,SNF,CREEK,00001391,"Fri, 04 Sep 2020 07:00:00 GMT","Thu, 24 Dec 2020 08:00:00 GMT",14.0,8.0,1.0,379842.4,,,{33CBB9DC-6983-4F47-B821-9C9A6CAC381D},,,2020-January 2025,1,37.38,-119.07,,,,,,,,,,,,,
37.3795,-119.0433,366.6,2020-10-19,0619,100,292.6,N,2020-10-19 06:19:00,1534.0,1536.0,2020.0,CA,USF,SNF,CREEK,00001391,"Fri, 04 Sep 2020 07:00:00 GMT","Thu, 24 Dec 2020 08:00:00 GMT",14.0,8.0,1.0,379842.4,,,{33CBB9DC-6983-4F47-B821-9C9A6CAC381D},,,2020-January 2025,1,37.38,-119.04,,,,,,,,,,,,,
37.3765,-119.0353,347.9,2020-10-21,2124,94,296.5,D,2020-10-21 21:24:00,1534.0,1536.0,2020.0,CA,USF,SNF,CREEK,00001391,"Fri, 04 Sep 2020 07:00:00 GMT","Thu, 24 Dec 2020 08:00:00 GMT",14.0,8.0,1.0,379842.4,,,{33CBB9DC-6983-4F47-B821-9C9A6CAC381D},,,2020-January 2025,1,37.38,-119.04,,,,,,,,,,,,,
37.3912,-119.0569,358.9,2020-10-26,2143,92,289.5,D,2020-10-26 21:43:00,1534.0,1536.0,2020.0,CA,USF,SNF,CREEK,00001391,"Fri, 04 Sep 2020 07:00:00 GMT","Thu, 24 Dec 2020 08:00:00 GMT",14.0,8.0,1.0,379842.4,,,{33CBB9DC-6983-4F47-B821-9C9A6CAC381D},,,2020-January 2025,1,37.39,-119.06,,,,,,,,,,,,,
37.4011,-121.0578,325.1,2020-06-29,2137,67,311.2,D,2020-06-29 21:37:00,,,,,,,,,,,,,,,,,,,,,0,37.4,-121.06,,,,,,,,,,,,,
37.3969,-119.1217,378.4,2020-10-24,2155,100,295.9,D,2020-10-24 21:55:00,1534.0,1536.0,2020.0,CA,USF,SNF,CREEK,00001391,"Fri, 04 Sep 2020 07:00:00 GMT","Thu, 24 Dec 2020 08:00:00 GMT",14.0,8.0,1.0,379842.4,,,{33CBB9DC-6983-4F47-B821-9C9A6CAC381D},,,2020-January 2025,1,37.4,-119.12,,,,,,,,,,,,,
37.3988,-119.0771,329.3,2020-10-23,0554,70,281.2,N,2020-10-23 05:54:00,1534.0,1536.0,2020.0,CA,USF,SNF,CREEK,00001391,"Fri, 04 Sep 2020 07:00:00 GMT","Thu, 24 Dec 2020 08:00:00 GMT",14.0,8.0,1.0,379842.4,,,{33CBB9DC-6983-4F47-B821-9C9A6CAC381D},,,2020-January 2025,1,37.4,-119.08,,,,,,,,,,,,,
37.3954,-119.0607,343.1,2020-10-22,1851,92,292.4,D,2020-10-22 18:51:00,1534.0,1536.0,2020.0,CA,USF,SNF,CREEK,00001391,"Fri, 04 Sep 2020 07:00:00 GMT","Thu, 24 Dec 2020 08:00:00 GMT",14.0,8.0,1.0,379842.4,,,{33CBB9DC-6983-4F47-B821-9C9A6CAC381D},,,2020-January 2025,1,37.4,-119.06,,,,,,,,,,,,,
37.4017,-119.0244,311.9,2020-10-25,0956,84,276.4,N,2020-10-25 09:56:00,1534.0,1536.0,2020.0,CA,USF,SNF,CREEK,00001391,"Fri, 04 Sep 2020 07:00:00 GMT","Thu, 24 Dec 2020 08:00:00 GMT",14.0,8.0,1.0,379842.4,,,{33CBB9DC-6983-4F47-B821-9C9A6CAC381D},,,2020-January 2025,1,37.4,-119.02,,,,,,,,,,,,,
37.3996,-119.0059,323.1,2020-11-01,2106,76,281.1,D,2020-11-01 21:06:00,1534.0,1536.0,2020.0,CA,USF,SNF,CREEK,00001391,"Fri, 04 Sep 2020 07:00:00 GMT","Thu, 24 Dec 2020 08:00:00 GMT",14.0,8.0,1.0,379842.4,,,{33CBB9DC-6983-4F47-B821-9C9A6CAC381D},,,2020-January 2025,1,37.4,-119.01,,,,,,,,,,,,,
37.4003,-118.9773,332.7,2020-10-24,1838,0,292.1,D,2020-10-24 18:38:00,1534.0,1536.0,2020.0,CA,USF,SNF,CREEK,00001391,"Fri, 04 Sep 2020 07:00:00 GMT","Thu, 24 Dec 2020 08:00:00 GMT",14.0,8.0,1.0,379842.4,,,{33CBB9DC-6983-4F47-B821-9C9A6CAC381D},,,2020-January 2025,1,37.4,-118.98,,,,,,,,,,,,,
37.4126,-121.3148,344.4,2020-08-18,0607,100,293.3,N,2020-08-18 06:07:00,1533.0,1535.0,2020.0,CA,CDF,SCU,SCU LIGHTNING COMPLEX,00005740,"Sun, 16 Aug 2020 07:00:00 GMT","Fri, 11 Sep 2020 07:00:00 GMT",1.0,2.0,1.0,396824.5,,SCU LIGHTNING COMPLEX,{871C357C-444E-437E-AD4D-EBDAF39C3AD6},,{871C357C-444E-437E-AD4D-EBDAF39C3AD6},2020-January 2025,1,37.41,-121.31,,,,,,,,,,,,,
37.4126,-121.3148,344.4,2020-08-18,0607,100,293.3,N,2020-08-18 06:07:00,6507.0,6509.0,2006.0,CA,CDF,SCU,CANYON,00004303,"Sun, 09 Jul 2006 07:00:00 GMT","Tue, 01 Aug 2006 07:00:00 GMT",14.0,2.0,1.0,34217.52,,,,00000163,,2000-2009,1,37.41,-121.31,,,,,,,,,,,,,
37.4126,-121.3148,344.4,2020-08-18,0607,100,293.3,N,2020-08-18 06:07:00,14940.0,14942.0,1966.0,CA,CDF,SCU,BAKER 3 #3,00000000,"Sat, 11 Jun 1966 07:00:00 GMT",,14.0,,1.0,703.6335,,,,0000013A,,1960-1969,1,37.41,-121.31,,,,,,,,,,,,,
37.4111,-121.1075,331.1,2020-06-14,1903,72,310.8,D,2020-06-14 19:03:00,,,,,,,,,,,,,,,,,,,,,0,37.41,-121.11,,,,,,,,,,,,,
37.407,-121.0246,300.7,2020-11-09,1838,35,287.4,D,2020-11-09 18:38:00,,,,,,,,,,,,,,,,,,,,,0,37.41,-121.02,,,,,,,,,,,,,
37.4094,-120.6921,305.4,2020-02-10,2112,48,294.1,D,2020-02-10 21:12:00,,,,,,,,,,,,,,,,,,,,,0,37.41,-120.69,,,,,,,,,,,,,
37.4059,-120.4965,327.3,2020-05-15,2030,75,298.4,D,2020-05-15 20:30:00,,,,,,,,,,,,,,,,,,,,,0,37.41,-120.5,,,,,,,,,,,,,
37.4109,-119.1281,334.1,2020-10-20,2041,80,280.7,D,2020-10-20 20:41:00,1534.0,1536.0,2020.0,CA,USF,SNF,CREEK,00001391,"Fri, 04 Sep 2020 07:00:00 GMT","Thu, 24 Dec 2020 08:00:00 GMT",14.0,8.0,1.0,379842.4,,,{33CBB9DC-6983-4F47-B821-9C9A6CAC381D},,,2020-January 2025,1,37.41,-119.13,,,,,,,,,,,,,
37.4131,-119.1212,315.0,2020-10-25,0542,41,279.5,N,2020-10-25 05:42:00,1534.0,1536.0,2020.0,CA,USF,SNF,CREEK,00001391,"Fri, 04 Sep 2020 07:00:00 GMT","Thu, 24 Dec 2020 08:00:00 GMT",14.0,8.0,1.0,379842.4,,,{33CBB9DC-6983-4F47-B821-9C9A6CAC381D},,,2020-January 2025,1,37.41,-119.12,,,,,,,,,,,,,
37.411,-119.0802,396.6,2020-10-21,2124,94,307.1,D,2020-10-21 21:24:00,1534.0,1536.0,2020.0,CA,USF,SNF,CREEK,00001391,"Fri, 04 Sep 2020 07:00:00 GMT","Thu, 24 Dec 2020 08:00:00 GMT",14.0,8.0,1.0,379842.4,,,{33CBB9DC-6983-4F47-B821-9C9A6CAC381D},,,2020-January 2025,1,37.41,-119.08,,,,,,,,,,,,,
37.4097,-119.0674,345.8,2020-10-23,0554,81,287.9,N,2020-10-23 05:54:00,1534.0,1536.0,2020.0,CA,USF,SNF,CREEK,00001391,"Fri, 04 Sep 2020 07:00:00 GMT","Thu, 24 Dec 2020 08:00:00 GMT",14.0,8.0,1.0,379842.4,,,{33CBB9DC-6983-4F47-B821-9C9A6CAC381D},,,2020-January 2025,1,37.41,-119.07,,,,,,,,,,,,,
37.4104,-118.9976,300.5,2020-11-03,0950,19,275.7,N,2020-11-03 09:50:00,,,,,,,,,,,,,,,,,,,,,0,37.41,-119.0,,,,,,,,,,,,,
37.407,-118.9853,310.5,2020-11-02,0631,80,278.6,N,2020-11-02 06:31:00,1534.0,1536.0,2020.0,CA,USF,SNF,CREEK,00001391,"Fri, 04 Sep 2020 07:00:00 GMT","Thu, 24 Dec 2020 08:00:00 GMT",14.0,8.0,1.0,379842.4,,,{33CBB9DC-6983-4F47-B821-9C9A6CAC381D},,,2020-January 2025,1,37.41,-118.99,,,,,,,,,,,,,
37.4159,-120.6531,301.2,2020-12-31,2130,45,281.4,D,2020-12-31 21:30:00,,,,,,,,,,,,,,,,,,,,,0,37.42,-120.65,,,,,,,,,,,,,
37.4217,-119.8077,301.7,2020-02-16,1857,48,288.6,D,2020-02-16 18:57:00,9015.0,9017.0,1996.0,CA,CDF,MMU,STUMPFIELD,00010397,"Thu, 01 Aug 1996 07:00:00 GMT",,14.0,,1.0,3710.327,,,,00000352,,1990-1999,1,37.42,-119.81,,,,,,,,,,,,,
37.4217,-119.8077,301.7,2020-02-16,1857,48,288.6,D,2020-02-16 18:57:00,15413.0,15415.0,1961.0,CA,CDF,MMU,HARLOW,00000000,"Mon, 10 Jul 1961 07:00:00 GMT",,9.0,,1.0,43330.82,,,,00000028,,1960-1969,1,37.42,-119.81,,,,,,,,,,,,,
37.4217,-119.8077,301.7,2020-02-16,1857,48,288.6,D,2020-02-16 18:57:00,16729.0,16731.0,1953.0,CA,CDF,MMU,INDIAN PEAK,00000000,"Fri, 24 Jul 1953 07:00:00 GMT",,14.0,,1.0,1854.55,,,,00000031,,1950-1959,1,37.42,-119.81,,,,,,,,,,,,,
37.4217,-119.8077,301.7,2020-02-16,1857,48,288.6,D,2020-02-16 18:57:00,20014.0,20016.0,1928.0,CA,USF,SNF, ,00000000,,,14.0,,1.0,21194.07,,,,00000001,,1950-1959,1,37.42,-119.81,,,,,,,,,,,,,
37.4218,-119.6694,309.6,2020-02-27,1839,65,293.5,D,2020-02-27 18:39:00,,,,,,,,,,,,,,,,,,,,,0,37.42,-119.67,,,,,,,,,,,,,
37.4181,-119.1258,333.6,2020-10-24,1838,87,291.9,D,2020-10-24 18:38:00,1534.0,1536.0,2020.0,CA,USF,SNF,CREEK,00001391,"Fri, 04 Sep 2020 07:00:00 GMT","Thu, 24 Dec 2020 08:00:00 GMT",14.0,8.0,1.0,379842.4,,,{33CBB9DC-6983-4F47-B821-9C9A6CAC381D},,,2020-January 2025,1,37.42,-119.13,,,,,,,,,,,,,
37.4164,-119.1245,315.2,2020-10-25,0956,36,277.3,N,2020-10-25 09:56:00,1534.0,1536.0,2020.0,CA,USF,SNF,CREEK,00001391,"Fri, 04 Sep 2020 07:00:00 GMT","Thu, 24 Dec 2020 08:00:00 GMT",14.0,8.0,1.0,379842.4,,,{33CBB9DC-6983-4F47-B821-9C9A6CAC381D},,,2020-January 2025,1,37.42,-119.12,,,,,,,,,,,,,
37.4238,-119.0823,300.4,2020-11-01,0548,27,278.8,N,2020-11-01 05:48:00,1534.0,1536.0,2020.0,CA,USF,SNF,CREEK,00001391,"Fri, 04 Sep 2020 07:00:00 GMT","Thu, 24 Dec 2020 08:00:00 GMT",14.0,8.0,1.0,379842.4,,,{33CBB9DC-6983-4F47-B821-9C9A6CAC381D},,,2020-January 2025,1,37.42,-119.08,,,,,,,,,,,,,
37.4224,-118.9491,307.1,2020-10-29,0932,70,276.4,N,2020-10-29 09:32:00,,,,,,,,,,,,,,,,,,,,,0,37.42,-118.95,,,,,,,,,,,,,
37.4282,-119.4491,316.9,2020-10-03,1820,38,299.7,D,2020-10-03 18:20:00,1534.0,1536.0,2020.0,CA,USF,SNF,CREEK,00001391,"Fri, 04 Sep 2020 07:00:00 GMT","Thu, 24 Dec 2020 08:00:00 GMT",14.0,8.0,1.0,379842.4,,,{33CBB9DC-6983-4F47-B821-9C9A6CAC381D},,,2020-January 2025,1,37.43,-119.45,,,,,,,,,,,,,
37.434,-119.1034,380.4,2020-10-20,1903,100,298.9,D,2020-10-20 19:03:00,1534.0,1536.0,2020.0,CA,USF,SNF,CREEK,00001391,"Fri, 04 Sep 2020 07:00:00 GMT","Thu, 24 Dec 2020 08:00:00 GMT",14.0,8.0,1.0,379842.4,,,{33CBB9DC-6983-4F47-B821-9C9A6CAC381D},,,2020-January 2025,1,37.43,-119.1,,,,,,,,,,,,,
37.4349,-119.0866,324.3,2020-10-28,2130,46,294.6,D,2020-10-28 21:30:00,1534.0,1536.0,2020.0,CA,USF,SNF,CREEK,00001391,"Fri, 04 Sep 2020 07:00:00 GMT","Thu, 24 Dec 2020 08:00:00 GMT",14.0,8.0,1.0,379842.4,,,{33CBB9DC-6983-4F47-B821-9C9A6CAC381D},,,2020-January 2025,1,37.43,-119.09,,,,,,,,,,,,,
37.4402,-121.4385,313.9,2020-08-18,0607,46,299.0,N,2020-08-18 06:07:00,1533.0,1535.0,2020.0,CA,CDF,SCU,SCU LIGHTNING COMPLEX,00005740,"Sun, 16 Aug 2020 07:00:00 GMT","Fri, 11 Sep 2020 07:00:00 GMT",1.0,2.0,1.0,396824.5,,SCU LIGHTNING COMPLEX,{871C357C-444E-437E-AD4D-EBDAF39C3AD6},,{871C357C-444E-437E-AD4D-EBDAF39C3AD6},2020-January 2025,1,37.44,-121.44,,,,,,,,,,,,,
37.4402,-121.4385,313.9,2020-08-18,0607,46,299.0,N,2020-08-18 06:07:00,7416.0,7418.0,2003.0,CA,CDF,SCU,DEL_PUERTO_2,00002846,"Sun, 20 Jul 2003 07:00:00 GMT","Fri, 25 Jul 2003 07:00:00 GMT",1.0,1.0,1.0,5909.038,,,,00000235,,2000-2009,1,37.44,-121.44,,,,,,,,,,,,,
37.4363,-119.6511,324.2,2020-02-28,2100,82,292.4,D,2020-02-28 21:00:00,,,,,,,,,,,,,,,,,,,,,0,37.44,-119.65,,,,,,,,,,,,,
37.4409,-119.4464,329.2,2020-09-22,1838,56,294.9,D,2020-09-22 18:38:00,1534.0,1536.0,2020.0,CA,USF,SNF,CREEK,00001391,"Fri, 04 Sep 2020 07:00:00 GMT","Thu, 24 Dec 2020 08:00:00 GMT",14.0,8.0,1.0,379842.4,,,{33CBB9DC-6983-4F47-B821-9C9A6CAC381D},,,2020-January 2025,1,37.44,-119.45,,,,,,,,,,,,,
37.4439,-119.1522,352.7,2020-10-18,1915,96,299.3,D,2020-10-18 19:15:00,1534.0,1536.0,2020.0,CA,USF,SNF,CREEK,00001391,"Fri, 04 Sep 2020 07:00:00 GMT","Thu, 24 Dec 2020 08:00:00 GMT",14.0,8.0,1.0,379842.4,,,{33CBB9DC-6983-4F47-B821-9C9A6CAC381D},,,2020-January 2025,1,37.44,-119.15,,,,,,,,,,,,,
37.4426,-119.1527,343.0,2020-10-20,1903,90,300.4,D,2020-10-20 19:03:00,1534.0,1536.0,2020.0,CA,USF,SNF,CREEK,00001391,"Fri, 04 Sep 2020 07:00:00 GMT","Thu, 24 Dec 2020 08:00:00 GMT",14.0,8.0,1.0,379842.4,,,{33CBB9DC-6983-4F47-B821-9C9A6CAC381D},,,2020-January 2025,1,37.44,-119.15,,,,,,,,,,,,,
37.435,-119.1437,326.3,2020-10-22,1851,81,296.8,D,2020-10-22 18:51:00,1534.0,1536.0,2020.0,CA,USF,SNF,CREEK,00001391,"Fri, 04 Sep 2020 07:00:00 GMT","Thu, 24 Dec 2020 08:00:00 GMT",14.0,8.0,1.0,379842.4,,,{33CBB9DC-6983-4F47-B821-9C9A6CAC381D},,,2020-January 2025,1,37.44,-119.14,,,,,,,,,,,,,
37.4438,-119.0864,311.1,2020-10-27,0944,43,275.0,N,2020-10-27 09:44:00,1534.0,1536.0,2020.0,CA,USF,SNF,CREEK,00001391,"Fri, 04 Sep 2020 07:00:00 GMT","Thu, 24 Dec 2020 08:00:00 GMT",14.0,8.0,1.0,379842.4,,,{33CBB9DC-6983-4F47-B821-9C9A6CAC381D},,,2020-January 2025,1,37.44,-119.09,,,,,,,,,,,,,
37.4489,-121.3165,331.5,2020-08-20,2112,71,314.6,D,2020-08-20 21:12:00,1533.0,1535.0,2020.0,CA,CDF,SCU,SCU LIGHTNING COMPLEX,00005740,"Sun, 16 Aug 2020 07:00:00 GMT","Fri, 11 Sep 2020 07:00:00 GMT",1.0,2.0,1.0,396824.5,,SCU LIGHTNING COMPLEX,{871C357C-444E-437E-AD4D-EBDAF39C3AD6},,{871C357C-444E-437E-AD4D-EBDAF39C3AD6},2020-January 2025,1,37.45,-121.32,,,,,,,,,,,,,
37.4489,-121.3165,331.5,2020-08-20,2112,71,314.6,D,2020-08-20 21:12:00,6538.0,6540.0,2006.0,CA,CDF,SCU,DEL PUERTO,00004033,"Fri, 30 Jun 2006 07:00:00 GMT","Wed, 05 Jul 2006 07:00:00 GMT",5.0,8.0,1.0,2592.979,,,,00000132,,2000-2009,1,37.45,-121.32,,,,,,,,,,,,,
37.4502,-120.8246,300.2,2020-12-14,2048,32,285.4,D,2020-12-14 20:48:00,,,,,,,,,,,,,,,,,,,,,0,37.45,-120.82,,,,,,,,,,,,,
37.4461,-119.4261,318.1,2020-09-23,2100,19,297.7,D,2020-09-23 21:00:00,1534.0,1536.0,2020.0,CA,USF,SNF,CREEK,00001391,"Fri, 04 Sep 2020 07:00:00 GMT","Thu, 24 Dec 2020 08:00:00 GMT",14.0,8.0,1.0,379842.4,,,{33CBB9DC-6983-4F47-B821-9C9A6CAC381D},,,2020-January 2025,1,37.45,-119.43,,,,,,,,,,,,,
37.4467,-119.2684,307.7,2020-09-13,0920,31,287.6,N,2020-09-13 09:20:00,1534.0,1536.0,2020.0,CA,USF,SNF,CREEK,00001391,"Fri, 04 Sep 2020 07:00:00 GMT","Thu, 24 Dec 2020 08:00:00 GMT",14.0,8.0,1.0,379842.4,,,{33CBB9DC-6983-4F47-B821-9C9A6CAC381D},,,2020-January 2025,1,37.45,-119.27,,,,,,,,,,,,,
37.4467,-119.2684,307.7,2020-09-13,0920,31,287.6,N,2020-09-13 09:20:00,21555.0,21557.0,1918.0,CA,USF,SNF, ,00000000,,,1.0,,1.0,361.9049,,,,00000002,,1950-1959,0,37.45,-119.27,,,,,,,,,,,,,
37.449,-119.1523,330.1,2020-10-19,0619,79,288.6,N,2020-10-19 06:19:00,1534.0,1536.0,2020.0,CA,USF,SNF,CREEK,00001391,"Fri, 04 Sep 2020 07:00:00 GMT","Thu, 24 Dec 2020 08:00:00 GMT",14.0,8.0,1.0,379842.4,,,{33CBB9DC-6983-4F47-B821-9C9A6CAC381D},,,2020-January 2025,1,37.45,-119.15,,,,,,,,,,,,,
37.4483,-119.1224,325.3,2020-10-17,1832,51,293.4,D,2020-10-17 18:32:00,1534.0,1536.0,2020.0,CA,USF,SNF,CREEK,00001391,"Fri, 04 Sep 2020 07:00:00 GMT","Thu, 24 Dec 2020 08:00:00 GMT",14.0,8.0,1.0,379842.4,,,{33CBB9DC-6983-4F47-B821-9C9A6CAC381D},,,2020-January 2025,1,37.45,-119.12,,,,,,,,,,,,,
37.4543,-119.1051,316.3,2020-10-28,0612,43,282.6,N,2020-10-28 06:12:00,1534.0,1536.0,2020.0,CA,USF,SNF,CREEK,00001391,"Fri, 04 Sep 2020 07:00:00 GMT","Thu, 24 Dec 2020 08:00:00 GMT",14.0,8.0,1.0,379842.4,,,{33CBB9DC-6983-4F47-B821-9C9A6CAC381D},,,2020-January 2025,1,37.45,-119.11,,,,,,,,,,,,,
37.4628,-121.7538,323.0,2020-08-16,1820,51,301.8,D,2020-08-16 18:20:00,1533.0,1535.0,2020.0,CA,CDF,SCU,SCU LIGHTNING COMPLEX,00005740,"Sun, 16 Aug 2020 07:00:00 GMT","Fri, 11 Sep 2020 07:00:00 GMT",1.0,2.0,1.0,396824.5,,SCU LIGHTNING COMPLEX,{871C357C-444E-437E-AD4D-EBDAF39C3AD6},,{871C357C-444E-437E-AD4D-EBDAF39C3AD6},2020-January 2025,1,37.46,-121.75,,,,,,,,,,,,,
37.46,-121.7318,316.4,2020-08-18,0607,48,296.3,N,2020-08-18 06:07:00,1533.0,1535.0,2020.0,CA,CDF,SCU,SCU LIGHTNING COMPLEX,00005740,"Sun, 16 Aug 2020 07:00:00 GMT","Fri, 11 Sep 2020 07:00:00 GMT",1.0,2.0,1.0,396824.5,,SCU LIGHTNING COMPLEX,{871C357C-444E-437E-AD4D-EBDAF39C3AD6},,{871C357C-444E-437E-AD4D-EBDAF39C3AD6},2020-January 2025,1,37.46,-121.73,,,,,,,,,,,,,
37.457,-121.3856,353.2,2020-08-17,1903,95,312.4,D,2020-08-17 19:03:00,1533.0,1535.0,2020.0,CA,CDF,SCU,SCU LIGHTNING COMPLEX,00005740,"Sun, 16 Aug 2020 07:00:00 GMT","Fri, 11 Sep 2020 07:00:00 GMT",1.0,2.0,1.0,396824.5,,SCU LIGHTNING COMPLEX,{871C357C-444E-437E-AD4D-EBDAF39C3AD6},,{871C357C-444E-437E-AD4D-EBDAF39C3AD6},2020-January 2025,1,37.46,-121.39,,,,,,,,,,,,,
37.4728,-121.0967,303.0,2020-12-27,1838,55,285.2,D,2020-12-27 18:38:00,,,,,,,,,,,,,,,,,,,,,0,37.47,-121.1,,,,,,,,,,,,,
37.4725,-120.633,305.6,2020-03-12,1851,45,293.9,D,2020-03-12 18:51:00,,,,,,,,,,,,,,,,,,,,,0,37.47,-120.63,,,,,,,,,,,,,
37.4747,-119.2066,316.0,2020-10-11,2048,65,292.0,D,2020-10-11 20:48:00,1534.0,1536.0,2020.0,CA,USF,SNF,CREEK,00001391,"Fri, 04 Sep 2020 07:00:00 GMT","Thu, 24 Dec 2020 08:00:00 GMT",14.0,8.0,1.0,379842.4,,,{33CBB9DC-6983-4F47-B821-9C9A6CAC381D},,,2020-January 2025,1,37.47,-119.21,,,,,,,,,,,,,
37.465,-119.1931,354.8,2020-10-16,2106,97,307.9,D,2020-10-16 21:06:00,1534.0,1536.0,2020.0,CA,USF,SNF,CREEK,00001391,"Fri, 04 Sep 2020 07:00:00 GMT","Thu, 24 Dec 2020 08:00:00 GMT",14.0,8.0,1.0,379842.4,,,{33CBB9DC-6983-4F47-B821-9C9A6CAC381D},,,2020-January 2025,1,37.47,-119.19,,,,,,,,,,,,,
37.4665,-119.1844,313.6,2020-10-19,0619,87,285.4,N,2020-10-19 06:19:00,1534.0,1536.0,2020.0,CA,USF,SNF,CREEK,00001391,"Fri, 04 Sep 2020 07:00:00 GMT","Thu, 24 Dec 2020 08:00:00 GMT",14.0,8.0,1.0,379842.4,,,{33CBB9DC-6983-4F47-B821-9C9A6CAC381D},,,2020-January 2025,1,37.47,-119.18,,,,,,,,,,,,,
37.4711,-119.1323,365.7,2020-10-15,0643,100,286.0,N,2020-10-15 06:43:00,1534.0,1536.0,2020.0,CA,USF,SNF,CREEK,00001391,"Fri, 04 Sep 2020 07:00:00 GMT","Thu, 24 Dec 2020 08:00:00 GMT",14.0,8.0,1.0,379842.4,,,{33CBB9DC-6983-4F47-B821-9C9A6CAC381D},,,2020-January 2025,1,37.47,-119.13,,,,,,,,,,,,,
37.4804,-119.3947,375.6,2020-09-17,0619,100,300.0,N,2020-09-17 06:19:00,1534.0,1536.0,2020.0,CA,USF,SNF,CREEK,00001391,"Fri, 04 Sep 2020 07:00:00 GMT","Thu, 24 Dec 2020 08:00:00 GMT",14.0,8.0,1.0,379842.4,,,{33CBB9DC-6983-4F47-B821-9C9A6CAC381D},,,2020-January 2025,1,37.48,-119.39,,,,,,,,,,,,,
37.4796,-119.2088,322.2,2020-10-02,2054,63,305.9,D,2020-10-02 20:54:00,1534.0,1536.0,2020.0,CA,USF,SNF,CREEK,00001391,"Fri, 04 Sep 2020 07:00:00 GMT","Thu, 24 Dec 2020 08:00:00 GMT",14.0,8.0,1.0,379842.4,,,{33CBB9DC-6983-4F47-B821-9C9A6CAC381D},,,2020-January 2025,1,37.48,-119.21,,,,,,,,,,,,,
37.4818,-119.2018,342.4,2020-10-10,2143,87,283.6,D,2020-10-10 21:43:00,1534.0,1536.0,2020.0,CA,USF,SNF,CREEK,00001391,"Fri, 04 Sep 2020 07:00:00 GMT","Thu, 24 Dec 2020 08:00:00 GMT",14.0,8.0,1.0,379842.4,,,{33CBB9DC-6983-4F47-B821-9C9A6CAC381D},,,2020-January 2025,1,37.48,-119.2,,,,,,,,,,,,,
37.4763,-119.1972,337.4,2020-10-11,1909,89,292.6,D,2020-10-11 19:09:00,1534.0,1536.0,2020.0,CA,USF,SNF,CREEK,00001391,"Fri, 04 Sep 2020 07:00:00 GMT","Thu, 24 Dec 2020 08:00:00 GMT",14.0,8.0,1.0,379842.4,,,{33CBB9DC-6983-4F47-B821-9C9A6CAC381D},,,2020-January 2025,1,37.48,-119.2,,,,,,,,,,,,,
37.476,-119.1868,317.9,2020-10-12,0613,96,284.3,N,2020-10-12 06:13:00,1534.0,1536.0,2020.0,CA,USF,SNF,CREEK,00001391,"Fri, 04 Sep 2020 07:00:00 GMT","Thu, 24 Dec 2020 08:00:00 GMT",14.0,8.0,1.0,379842.4,,,{33CBB9DC-6983-4F47-B821-9C9A6CAC381D},,,2020-January 2025,1,37.48,-119.19,,,,,,,,,,,,,
37.4812,-119.1765,348.2,2020-10-11,1909,94,290.6,D,2020-10-11 19:09:00,1534.0,1536.0,2020.0,CA,USF,SNF,CREEK,00001391,"Fri, 04 Sep 2020 07:00:00 GMT","Thu, 24 Dec 2020 08:00:00 GMT",14.0,8.0,1.0,379842.4,,,{33CBB9DC-6983-4F47-B821-9C9A6CAC381D},,,2020-January 2025,1,37.48,-119.18,,,,,,,,,,,,,
37.478,-119.167,316.4,2020-10-14,1015,75,285.9,N,2020-10-14 10:15:00,1534.0,1536.0,2020.0,CA,USF,SNF,CREEK,00001391,"Fri, 04 Sep 2020 07:00:00 GMT","Thu, 24 Dec 2020 08:00:00 GMT",14.0,8.0,1.0,379842.4,,,{33CBB9DC-6983-4F47-B821-9C9A6CAC381D},,,2020-January 2025,1,37.48,-119.17,,,,,,,,,,,,,
37.4839,-119.1404,319.1,2020-10-24,2155,76,288.6,D,2020-10-24 21:55:00,1534.0,1536.0,2020.0,CA,USF,SNF,CREEK,00001391,"Fri, 04 Sep 2020 07:00:00 GMT","Thu, 24 Dec 2020 08:00:00 GMT",14.0,8.0,1.0,379842.4,,,{33CBB9DC-6983-4F47-B821-9C9A6CAC381D},,,2020-January 2025,1,37.48,-119.14,,,,,,,,,,,,,
37.495,-119.1903,332.2,2020-10-12,0613,91,290.4,N,2020-10-12 06:13:00,1534.0,1536.0,2020.0,CA,USF,SNF,CREEK,00001391,"Fri, 04 Sep 2020 07:00:00 GMT","Thu, 24 Dec 2020 08:00:00 GMT",14.0,8.0,1.0,379842.4,,,{33CBB9DC-6983-4F47-B821-9C9A6CAC381D},,,2020-January 2025,1,37.49,-119.19,,,,,,,,,,,,,
37.4865,-119.1812,392.1,2020-10-11,2048,100,295.2,D,2020-10-11 20:48:00,1534.0,1536.0,2020.0,CA,USF,SNF,CREEK,00001391,"Fri, 04 Sep 2020 07:00:00 GMT","Thu, 24 Dec 2020 08:00:00 GMT",14.0,8.0,1.0,379842.4,,,{33CBB9DC-6983-4F47-B821-9C9A6CAC381D},,,2020-January 2025,1,37.49,-119.18,,,,,,,,,,,,,
37.4912,-119.1559,328.7,2020-10-15,1844,56,295.7,D,2020-10-15 18:44:00,1534.0,1536.0,2020.0,CA,USF,SNF,CREEK,00001391,"Fri, 04 Sep 2020 07:00:00 GMT","Thu, 24 Dec 2020 08:00:00 GMT",14.0,8.0,1.0,379842.4,,,{33CBB9DC-6983-4F47-B821-9C9A6CAC381D},,,2020-January 2025,1,37.49,-119.16,,,,,,,,,,,,,
37.4885,-119.1313,355.3,2020-10-28,2130,98,298.3,D,2020-10-28 21:30:00,1534.0,1536.0,2020.0,CA,USF,SNF,CREEK,00001391,"Fri, 04 Sep 2020 07:00:00 GMT","Thu, 24 Dec 2020 08:00:00 GMT",14.0,8.0,1.0,379842.4,,,{33CBB9DC-6983-4F47-B821-9C9A6CAC381D},,,2020-January 2025,1,37.49,-119.13,,,,,,,,,,,,,
37.492,-119.1258,305.2,2020-10-30,0600,29,278.4,N,2020-10-30 06:00:00,1534.0,1536.0,2020.0,CA,USF,SNF,CREEK,00001391,"Fri, 04 Sep 2020 07:00:00 GMT","Thu, 24 Dec 2020 08:00:00 GMT",14.0,8.0,1.0,379842.4,,,{33CBB9DC-6983-4F47-B821-9C9A6CAC381D},,,2020-January 2025,1,37.49,-119.13,,,,,,,,,,,,,
37.4964,-121.2281,332.4,2020-06-08,1940,85,304.4,D,2020-06-08 19:40:00,,,,,,,,,,,,,,,,,,,,,0,37.5,-121.23,,,,,,,,,,,,,
37.5042,-119.7469,307.2,2020-02-06,2137,65,287.4,D,2020-02-06 21:37:00,5785.0,5787.0,2008.0,CA,USF,SNF,OLIVER,,"Sat, 21 Jun 2008 07:00:00 GMT","Mon, 14 Jul 2008 07:00:00 GMT",1.0,1.0,1.0,2806.085,2008CAMMU008107,OLIVER COMPLEX,,00000014,D8WC,2000-2009,1,37.5,-119.75,,,,,,,,,,,,,
37.4972,-119.3048,388.6,2020-09-21,2112,100,311.2,D,2020-09-21 21:12:00,1534.0,1536.0,2020.0,CA,USF,SNF,CREEK,00001391,"Fri, 04 Sep 2020 07:00:00 GMT","Thu, 24 Dec 2020 08:00:00 GMT",14.0,8.0,1.0,379842.4,,,{33CBB9DC-6983-4F47-B821-9C9A6CAC381D},,,2020-January 2025,1,37.5,-119.3,,,,,,,,,,,,,
37.5008,-119.2319,342.1,2020-09-19,2124,89,295.8,D,2020-09-19 21:24:00,1534.0,1536.0,2020.0,CA,USF,SNF,CREEK,00001391,"Fri, 04 Sep 2020 07:00:00 GMT","Thu, 24 Dec 2020 08:00:00 GMT",14.0,8.0,1.0,379842.4,,,{33CBB9DC-6983-4F47-B821-9C9A6CAC381D},,,2020-January 2025,1,37.5,-119.23,,,,,,,,,,,,,
37.5072,-119.7561,315.3,2020-02-07,1903,76,287.4,D,2020-02-07 19:03:00,5785.0,5787.0,2008.0,CA,USF,SNF,OLIVER,,"Sat, 21 Jun 2008 07:00:00 GMT","Mon, 14 Jul 2008 07:00:00 GMT",1.0,1.0,1.0,2806.085,2008CAMMU008107,OLIVER COMPLEX,,00000014,D8WC,2000-2009,1,37.51,-119.76,,,,,,,,,,,,,
37.514,-119.1428,362.9,2020-10-15,0643,100,292.8,N,2020-10-15 06:43:00,1534.0,1536.0,2020.0,CA,USF,SNF,CREEK,00001391,"Fri, 04 Sep 2020 07:00:00 GMT","Thu, 24 Dec 2020 08:00:00 GMT",14.0,8.0,1.0,379842.4,,,{33CBB9DC-6983-4F47-B821-9C9A6CAC381D},,,2020-January 2025,1,37.51,-119.14,,,,,,,,,,,,,
37.5224,-120.711,306.4,2020-01-30,2131,64,288.1,D,2020-01-30 21:31:00,,,,,,,,,,,,,,,,,,,,,0,37.52,-120.71,,,,,,,,,,,,,
37.5187,-119.1836,354.2,2020-10-14,1939,97,296.6,D,2020-10-14 19:39:00,1534.0,1536.0,2020.0,CA,USF,SNF,CREEK,00001391,"Fri, 04 Sep 2020 07:00:00 GMT","Thu, 24 Dec 2020 08:00:00 GMT",14.0,8.0,1.0,379842.4,,,{33CBB9DC-6983-4F47-B821-9C9A6CAC381D},,,2020-January 2025,1,37.52,-119.18,,,,,,,,,,,,,
37.5154,-119.1847,309.1,2020-10-26,0625,77,276.9,N,2020-10-26 06:25:00,1534.0,1536.0,2020.0,CA,USF,SNF,CREEK,00001391,"Fri, 04 Sep 2020 07:00:00 GMT","Thu, 24 Dec 2020 08:00:00 GMT",14.0,8.0,1.0,379842.4,,,{33CBB9DC-6983-4F47-B821-9C9A6CAC381D},,,2020-January 2025,1,37.52,-119.18,,,,,,,,,,,,,
37.5238,-119.1256,321.6,2020-10-17,1832,53,291.4,D,2020-10-17 18:32:00,1534.0,1536.0,2020.0,CA,USF,SNF,CREEK,00001391,"Fri, 04 Sep 2020 07:00:00 GMT","Thu, 24 Dec 2020 08:00:00 GMT",14.0,8.0,1.0,379842.4,,,{33CBB9DC-6983-4F47-B821-9C9A6CAC381D},,,2020-January 2025,1,37.52,-119.13,,,,,,,,,,,,,
37.5164,-119.1195,327.9,2020-10-15,0919,100,287.7,N,2020-10-15 09:19:00,1534.0,1536.0,2020.0,CA,USF,SNF,CREEK,00001391,"Fri, 04 Sep 2020 07:00:00 GMT","Thu, 24 Dec 2020 08:00:00 GMT",14.0,8.0,1.0,379842.4,,,{33CBB9DC-6983-4F47-B821-9C9A6CAC381D},,,2020-January 2025,1,37.52,-119.12,,,,,,,,,,,,,
37.5221,-119.1146,322.6,2020-10-27,1909,22,287.9,D,2020-10-27 19:09:00,1534.0,1536.0,2020.0,CA,USF,SNF,CREEK,00001391,"Fri, 04 Sep 2020 07:00:00 GMT","Thu, 24 Dec 2020 08:00:00 GMT",14.0,8.0,1.0,379842.4,,,{33CBB9DC-6983-4F47-B821-9C9A6CAC381D},,,2020-January 2025,1,37.52,-119.11,,,,,,,,,,,,,
37.5178,-119.1041,312.0,2020-11-01,1002,84,276.2,N,2020-11-01 10:02:00,,,,,,,,,,,,,,,,,,,,,0,37.52,-119.1,,,,,,,,,,,,,
37.5293,-120.9059,300.3,2020-01-14,2130,29,287.4,D,2020-01-14 21:30:00,,,,,,,,,,,,,,,,,,,,,0,37.53,-120.91,,,,,,,,,,,,,
37.5292,-120.7218,302.5,2020-11-08,2112,52,284.3,D,2020-11-08 21:12:00,,,,,,,,,,,,,,,,,,,,,0,37.53,-120.72,,,,,,,,,,,,,
37.5256,-119.1467,343.2,2020-10-26,1826,66,280.9,D,2020-10-26 18:26:00,1534.0,1536.0,2020.0,CA,USF,SNF,CREEK,00001391,"Fri, 04 Sep 2020 07:00:00 GMT","Thu, 24 Dec 2020 08:00:00 GMT",14.0,8.0,1.0,379842.4,,,{33CBB9DC-6983-4F47-B821-9C9A6CAC381D},,,2020-January 2025,1,37.53,-119.15,,,,,,,,,,,,,
37.5264,-119.144,367.3,2020-10-15,0643,100,293.8,N,2020-10-15 06:43:00,1534.0,1536.0,2020.0,CA,USF,SNF,CREEK,00001391,"Fri, 04 Sep 2020 07:00:00 GMT","Thu, 24 Dec 2020 08:00:00 GMT",14.0,8.0,1.0,379842.4,,,{33CBB9DC-6983-4F47-B821-9C9A6CAC381D},,,2020-January 2025,1,37.53,-119.14,,,,,,,,,,,,,
37.5317,-119.1419,316.9,2020-10-18,0950,73,286.3,N,2020-10-18 09:50:00,1534.0,1536.0,2020.0,CA,USF,SNF,CREEK,00001391,"Fri, 04 Sep 2020 07:00:00 GMT","Thu, 24 Dec 2020 08:00:00 GMT",14.0,8.0,1.0,379842.4,,,{33CBB9DC-6983-4F47-B821-9C9A6CAC381D},,,2020-January 2025,1,37.53,-119.14,,,,,,,,,,,,,
37.5346,-119.1304,326.8,2020-10-21,0606,100,285.3,N,2020-10-21 06:06:00,1534.0,1536.0,2020.0,CA,USF,SNF,CREEK,00001391,"Fri, 04 Sep 2020 07:00:00 GMT","Thu, 24 Dec 2020 08:00:00 GMT",14.0,8.0,1.0,379842.4,,,{33CBB9DC-6983-4F47-B821-9C9A6CAC381D},,,2020-January 2025,1,37.53,-119.13,,,,,,,,,,,,,
37.5295,-119.1254,306.7,2020-10-24,1838,19,286.9,D,2020-10-24 18:38:00,1534.0,1536.0,2020.0,CA,USF,SNF,CREEK,00001391,"Fri, 04 Sep 2020 07:00:00 GMT","Thu, 24 Dec 2020 08:00:00 GMT",14.0,8.0,1.0,379842.4,,,{33CBB9DC-6983-4F47-B821-9C9A6CAC381D},,,2020-January 2025,1,37.53,-119.13,,,,,,,,,,,,,
37.5432,-121.0499,301.1,2020-11-21,1903,39,282.0,D,2020-11-21 19:03:00,,,,,,,,,,,,,,,,,,,,,0,37.54,-121.05,,,,,,,,,,,,,
37.5396,-119.8401,301.4,2020-04-02,1909,25,289.1,D,2020-04-02 19:09:00,842.0,844.0,2022.0,CA,CDF,MMU,OAK,00016149,"Fri, 22 Jul 2022 07:00:00 GMT","Wed, 10 Aug 2022 07:00:00 GMT",14.0,3.0,1.0,18957.5,,,{09A76C17-511F-40B6-A006-8531DF0C33AC},,,2020-January 2025,1,37.54,-119.84,,,,,,,,,,,,,
37.5406,-119.1507,310.1,2020-10-27,2048,59,295.0,D,2020-10-27 20:48:00,1534.0,1536.0,2020.0,CA,USF,SNF,CREEK,00001391,"Fri, 04 Sep 2020 07:00:00 GMT","Thu, 24 Dec 2020 08:00:00 GMT",14.0,8.0,1.0,379842.4,,,{33CBB9DC-6983-4F47-B821-9C9A6CAC381D},,,2020-January 2025,1,37.54,-119.15,,,,,,,,,,,,,
37.5367,-119.1382,306.7,2020-10-23,0554,57,282.9,N,2020-10-23 05:54:00,1534.0,1536.0,2020.0,CA,USF,SNF,CREEK,00001391,"Fri, 04 Sep 2020 07:00:00 GMT","Thu, 24 Dec 2020 08:00:00 GMT",14.0,8.0,1.0,379842.4,,,{33CBB9DC-6983-4F47-B821-9C9A6CAC381D},,,2020-January 2025,1,37.54,-119.14,,,,,,,,,,,,,
37.5388,-119.0978,314.3,2020-10-28,1814,53,295.1,D,2020-10-28 18:14:00,,,,,,,,,,,,,,,,,,,,,0,37.54,-119.1,,,,,,,,,,,,,
37.5446,-119.0806,339.7,2020-11-04,2137,90,290.3,D,2020-11-04 21:37:00,1534.0,1536.0,2020.0,CA,USF,SNF,CREEK,00001391,"Fri, 04 Sep 2020 07:00:00 GMT","Thu, 24 Dec 2020 08:00:00 GMT",14.0,8.0,1.0,379842.4,,,{33CBB9DC-6983-4F47-B821-9C9A6CAC381D},,,2020-January 2025,1,37.54,-119.08,,,,,,,,,,,,,
37.5432,-119.085,315.2,2020-11-05,0938,91,283.3,N,2020-11-05 09:38:00,1534.0,1536.0,2020.0,CA,USF,SNF,CREEK,00001391,"Fri, 04 Sep 2020 07:00:00 GMT","Thu, 24 Dec 2020 08:00:00 GMT",14.0,8.0,1.0,379842.4,,,{33CBB9DC-6983-4F47-B821-9C9A6CAC381D},,,2020-January 2025,1,37.54,-119.08,,,,,,,,,,,,,
37.544,-119.0513,327.6,2020-06-15,2124,81,292.5,D,2020-06-15 21:24:00,,,,,,,,,,,,,,,,,,,,,0,37.54,-119.05,,,,,,,,,,,,,
37.5512,-119.3328,319.7,2020-10-14,2118,31,298.3,D,2020-10-14 21:18:00,1534.0,1536.0,2020.0,CA,USF,SNF,CREEK,00001391,"Fri, 04 Sep 2020 07:00:00 GMT","Thu, 24 Dec 2020 08:00:00 GMT",14.0,8.0,1.0,379842.4,,,{33CBB9DC-6983-4F47-B821-9C9A6CAC381D},,,2020-January 2025,1,37.55,-119.33,,,,,,,,,,,,,
37.5466,-119.3334,322.6,2020-10-16,2106,72,296.7,D,2020-10-16 21:06:00,1534.0,1536.0,2020.0,CA,USF,SNF,CREEK,00001391,"Fri, 04 Sep 2020 07:00:00 GMT","Thu, 24 Dec 2020 08:00:00 GMT",14.0,8.0,1.0,379842.4,,,{33CBB9DC-6983-4F47-B821-9C9A6CAC381D},,,2020-January 2025,1,37.55,-119.33,,,,,,,,,,,,,
37.5481,-119.1778,340.2,2020-10-26,1826,92,288.1,D,2020-10-26 18:26:00,2370.0,2372.0,2018.0,CA,USF,INF,LIONS,00000493,"Tue, 19 Jun 2018 07:00:00 GMT","Wed, 28 Nov 2018 08:00:00 GMT",1.0,1.0,1.0,13461.37,,,,,,2010-2019,1,37.55,-119.18,,,,,,,,,,,,,
37.5497,-119.1645,324.2,2020-10-31,1844,76,301.7,D,2020-10-31 18:44:00,1534.0,1536.0,2020.0,CA,USF,SNF,CREEK,00001391,"Fri, 04 Sep 2020 07:00:00 GMT","Thu, 24 Dec 2020 08:00:00 GMT",14.0,8.0,1.0,379842.4,,,{33CBB9DC-6983-4F47-B821-9C9A6CAC381D},,,2020-January 2025,1,37.55,-119.16,,,,,,,,,,,,,
37.5497,-119.1645,324.2,2020-10-31,1844,76,301.7,D,2020-10-31 18:44:00,2861.0,2863.0,2017.0,CA,USF,SNF,BUTTE,00001476,"Mon, 07 Aug 2017 07:00:00 GMT","Sat, 04 Nov 2017 07:00:00 GMT",1.0,3.0,1.0,611.2015,CONT_DATE  based on FIRESTAT Fire Out Date/Time,,{081DFEFC-3EBA-4CEF-B694-53A6367A6849},,,2010-2019,1,37.55,-119.16,,,,,,,,,,,,,
37.5489,-119.0613,303.3,2020-11-06,1021,54,277.9,N,2020-11-06 10:21:00,,,,,,,,,,,,,,,,,,,,,0,37.55,-119.06,,,,,,,,,,,,,
37.5632,-119.2993,336.3,2020-09-27,1857,70,303.7,D,2020-09-27 18:57:00,1534.0,1536.0,2020.0,CA,USF,SNF,CREEK,00001391,"Fri, 04 Sep 2020 07:00:00 GMT","Thu, 24 Dec 2020 08:00:00 GMT",14.0,8.0,1.0,379842.4,,,{33CBB9DC-6983-4F47-B821-9C9A6CAC381D},,,2020-January 2025,1,37.56,-119.3,,,,,,,,,,,,,
37.5746,-119.3403,311.1,2020-10-07,1009,9,281.4,N,2020-10-07 10:09:00,1534.0,1536.0,2020.0,CA,USF,SNF,CREEK,00001391,"Fri, 04 Sep 2020 07:00:00 GMT","Thu, 24 Dec 2020 08:00:00 GMT",14.0,8.0,1.0,379842.4,,,{33CBB9DC-6983-4F47-B821-9C9A6CAC381D},,,2020-January 2025,1,37.57,-119.34,,,,,,,,,,,,,
37.5827,-121.1343,324.9,2020-07-09,1857,41,311.3,D,2020-07-09 18:57:00,,,,,,,,,,,,,,,,,,,,,0,37.58,-121.13,,,,,,,,,,,,,
37.5759,-120.6825,316.6,2020-05-20,1909,61,301.3,D,2020-05-20 19:09:00,,,,,,,,,,,,,,,,,,,,,0,37.58,-120.68,,,,,,,,,,,,,
37.5979,-121.2045,324.5,2020-02-18,1845,83,292.2,D,2020-02-18 18:45:00,,,,,,,,,,,,,,,,,,,,,0,37.6,-121.2,,,,,,,,,,,,,
37.6149,-120.7577,303.8,2020-11-10,1921,57,290.6,D,2020-11-10 19:21:00,,,,,,,,,,,,,,,,,,,,,0,37.61,-120.76,,,,,,,,,,,,,
37.6091,-120.7111,323.4,2020-05-29,1903,52,305.9,D,2020-05-29 19:03:00,,,,,,,,,,,,,,,,,,,,,0,37.61,-120.71,,,,,,,,,,,,,
37.6333,-119.2259,314.1,2020-10-05,1021,34,285.0,N,2020-10-05 10:21:00,1534.0,1536.0,2020.0,CA,USF,SNF,CREEK,00001391,"Fri, 04 Sep 2020 07:00:00 GMT","Thu, 24 Dec 2020 08:00:00 GMT",14.0,8.0,1.0,379842.4,,,{33CBB9DC-6983-4F47-B821-9C9A6CAC381D},,,2020-January 2025,1,37.63,-119.23,,,,,,,,,,,,,
37.655,-121.0906,317.4,2020-02-10,2112,78,295.1,D,2020-02-10 21:12:00,,,,,,,,,,,,,,,,,,,,,0,37.66,-121.09,,,,,,,,,,,,,
37.6686,-121.356,304.1,2020-12-28,1921,50,281.4,D,2020-12-28 19:21:00,,,,,,,,,,,,,,,,,,,,,0,37.67,-121.36,,,,,,,,,,,,,
37.6706,-121.1188,305.0,2020-12-14,2048,60,284.8,D,2020-12-14 20:48:00,,,,,,,,,,,,,,,,,,,,,0,37.67,-121.12,,,,,,,,,,,,,
37.6804,-121.5207,340.7,2020-05-27,1915,86,324.9,D,2020-05-27 19:15:00,6524.0,6526.0,2006.0,CA,CDF,SCU,MIDWAY,00004345,"Tue, 11 Jul 2006 07:00:00 GMT","Wed, 12 Jul 2006 07:00:00 GMT",11.0,1.0,1.0,5540.274,,,,00000171,,2000-2009,1,37.68,-121.52,,,,,,,,,,,,,
37.6804,-121.5207,340.7,2020-05-27,1915,86,324.9,D,2020-05-27 19:15:00,6822.0,6824.0,2005.0,CA,CDF,SCU,TESLA,00002920,"Tue, 19 Jul 2005 07:00:00 GMT","Wed, 20 Jul 2005 07:00:00 GMT",7.0,2.0,1.0,6440.356,,,,00000171,,2000-2009,1,37.68,-121.52,,,,,,,,,,,,,
37.6804,-121.5207,340.7,2020-05-27,1915,86,324.9,D,2020-05-27 19:15:00,14806.0,14808.0,1967.0,CA,CDF,SCU,SITE 300 #2,00000000,"Fri, 09 Jun 1967 07:00:00 GMT",,14.0,,1.0,1454.083,,,,00000003,,1960-1969,1,37.68,-121.52,,,,,,,,,,,,,
37.678,-121.5071,339.0,2020-05-27,1915,82,326.0,D,2020-05-27 19:15:00,5485.0,5487.0,2009.0,CA,CDF,SCU,EXPLOSIVES,002565,"Fri, 19 Jun 2009 07:00:00 GMT","Fri, 19 Jun 2009 07:00:00 GMT",11.0,1.0,1.0,1988.681,,,,,,2000-2009,1,37.68,-121.51,,,,,,,,,,,,,
37.7018,-120.7589,331.7,2020-03-31,2100,86,298.0,D,2020-03-31 21:00:00,,,,,,,,,,,,,,,,,,,,,0,37.7,-120.76,,,,,,,,,,,,,
37.6984,-120.7482,317.0,2020-03-31,1922,76,291.7,D,2020-03-31 19:22:00,,,,,,,,,,,,,,,,,,,,,0,37.7,-120.75,,,,,,,,,,,,,
37.7011,-120.7528,311.3,2020-04-01,2143,65,294.3,D,2020-04-01 21:43:00,,,,,,,,,,,,,,,,,,,,,0,37.7,-120.75,,,,,,,,,,,,,
37.6953,-120.7467,312.0,2020-04-01,1826,68,291.3,D,2020-04-01 18:26:00,,,,,,,,,,,,,,,,,,,,,0,37.7,-120.75,,,,,,,,,,,,,
37.6973,-120.7082,310.1,2020-04-13,1851,62,295.6,D,2020-04-13 18:51:00,,,,,,,,,,,,,,,,,,,,,0,37.7,-120.71,,,,,,,,,,,,,
37.716,-121.0367,327.5,2020-05-11,1915,80,304.0,D,2020-05-11 19:15:00,,,,,,,,,,,,,,,,,,,,,0,37.72,-121.04,,,,,,,,,,,,,
37.7415,-121.1969,300.6,2020-12-16,1856,39,278.2,D,2020-12-16 18:56:00,,,,,,,,,,,,,,,,,,,,,0,37.74,-121.2,,,,,,,,,,,,,
37.7482,-121.4127,315.1,2020-04-18,1909,60,297.5,D,2020-04-18 19:09:00,,,,,,,,,,,,,,,,,,,,,0,37.75,-121.41,,,,,,,,,,,,,
37.7462,-121.4123,322.0,2020-05-04,1909,68,307.3,D,2020-05-04 19:09:00,,,,,,,,,,,,,,,,,,,,,0,37.75,-121.41,,,,,,,,,,,,,
37.7897,-120.9895,310.6,2020-04-19,2131,31,294.4,D,2020-04-19 21:31:00,,,,,,,,,,,,,,,,,,,,,0,37.79,-120.99,,,,,,,,,,,,,
37.8006,-121.2867,323.4,2020-06-05,1909,53,307.1,D,2020-06-05 19:09:00,,,,,,,,,,,,,,,,,,,,,0,37.8,-121.29,,,,,,,,,,,,,
37.7988,-121.1489,301.3,2020-12-31,2131,46,281.4,D,2020-12-31 21:31:00,,,,,,,,,,,,,,,,,,,,,0,37.8,-121.15,,,,,,,,,,,,,
37.8125,-121.5865,338.5,2020-07-02,1851,67,314.7,D,2020-07-02 18:51:00,,,,,,,,,,,,,,,,,,,,,0,37.81,-121.59,,,,,,,,,,,,,
37.8055,-121.2806,327.7,2020-06-21,1909,63,308.5,D,2020-06-21 19:09:00,,,,,,,,,,,,,,,,,,,,,0,37.81,-121.28,,,,,,,,,,,,,
37.8129,-121.1703,323.4,2020-04-11,1903,80,295.4,D,2020-04-11 19:03:00,,,,,,,,,,,,,,,,,,,,,0,37.81,-121.17,,,,,,,,,,,,,
37.825,-121.7646,335.4,2020-08-18,0607,100,298.9,N,2020-08-18 06:07:00,1533.0,1535.0,2020.0,CA,CDF,SCU,SCU LIGHTNING COMPLEX,00005740,"Sun, 16 Aug 2020 07:00:00 GMT","Fri, 11 Sep 2020 07:00:00 GMT",1.0,2.0,1.0,396824.5,,SCU LIGHTNING COMPLEX,{871C357C-444E-437E-AD4D-EBDAF39C3AD6},,{871C357C-444E-437E-AD4D-EBDAF39C3AD6},2020-January 2025,1,37.83,-121.76,,,,,,,,,,,,,
37.825,-121.7646,335.4,2020-08-18,0607,100,298.9,N,2020-08-18 06:07:00,14807.0,14809.0,1967.0,CA,CDF,SCU,VASCO,00000000,"Sat, 22 Jul 1967 07:00:00 GMT",,14.0,,1.0,1399.33,,,,00000005,,1960-1969,1,37.83,-121.76,,,,,,,,,,,,,
37.8339,-119.939,321.2,2020-01-28,2143,81,284.7,D,2020-01-28 21:43:00,4290.0,4292.0,2013.0,CA,USF,STF,RIM,00000006,"Sat, 17 Aug 2013 07:00:00 GMT","Thu, 24 Oct 2013 07:00:00 GMT",4.0,7.0,1.0,256175.5,2013-CAYNP-0126 Suppressed Human Caused,,,,,2010-2019,1,37.83,-119.94,,,,,,,,,,,,,
37.8339,-119.939,321.2,2020-01-28,2143,81,284.7,D,2020-01-28 21:43:00,18164.0,18166.0,1944.0,CA,USF,STF, ,,,,14.0,8.0,1.0,4401.31,20090305,,,00000171,,1950-1959,1,37.83,-119.94,,,,,,,,,,,,,
37.8414,-121.7846,352.2,2020-08-16,1820,72,303.0,D,2020-08-16 18:20:00,1533.0,1535.0,2020.0,CA,CDF,SCU,SCU LIGHTNING COMPLEX,00005740,"Sun, 16 Aug 2020 07:00:00 GMT","Fri, 11 Sep 2020 07:00:00 GMT",1.0,2.0,1.0,396824.5,,SCU LIGHTNING COMPLEX,{871C357C-444E-437E-AD4D-EBDAF39C3AD6},,{871C357C-444E-437E-AD4D-EBDAF39C3AD6},2020-January 2025,1,37.84,-121.78,,,,,,,,,,,,,
37.8441,-119.946,348.2,2020-01-28,2143,95,286.9,D,2020-01-28 21:43:00,4290.0,4292.0,2013.0,CA,USF,STF,RIM,00000006,"Sat, 17 Aug 2013 07:00:00 GMT","Thu, 24 Oct 2013 07:00:00 GMT",4.0,7.0,1.0,256175.5,2013-CAYNP-0126 Suppressed Human Caused,,,,,2010-2019,1,37.84,-119.95,,,,,,,,,,,,,
37.8441,-119.946,348.2,2020-01-28,2143,95,286.9,D,2020-01-28 21:43:00,8396.0,8398.0,1999.0,CA,USF,STF,PILOT,,"Mon, 23 Aug 1999 07:00:00 GMT","Mon, 30 Aug 1999 07:00:00 GMT",2.0,8.0,1.0,3994.689,20090305,,,00000057,,1990-1999,1,37.84,-119.95,,,,,,,,,,,,,
37.8441,-119.946,348.2,2020-01-28,2143,95,286.9,D,2020-01-28 21:43:00,16570.0,16572.0,1954.0,CA,USF,STF,SPINNING WHEEL ,,"Thu, 29 Jul 1954 07:00:00 GMT","Sat, 31 Jul 1954 07:00:00 GMT",15.0,6.0,1.0,2677.333,20090305,,,00000021,,1950-1959,1,37.84,-119.95,,,,,,,,,,,,,
37.8474,-119.9383,349.6,2020-01-28,2143,96,286.5,D,2020-01-28 21:43:00,4290.0,4292.0,2013.0,CA,USF,STF,RIM,00000006,"Sat, 17 Aug 2013 07:00:00 GMT","Thu, 24 Oct 2013 07:00:00 GMT",4.0,7.0,1.0,256175.5,2013-CAYNP-0126 Suppressed Human Caused,,,,,2010-2019,1,37.85,-119.94,,,,,,,,,,,,,
37.8474,-119.9383,349.6,2020-01-28,2143,96,286.5,D,2020-01-28 21:43:00,16570.0,16572.0,1954.0,CA,USF,STF,SPINNING WHEEL ,,"Thu, 29 Jul 1954 07:00:00 GMT","Sat, 31 Jul 1954 07:00:00 GMT",15.0,6.0,1.0,2677.333,20090305,,,00000021,,1950-1959,1,37.85,-119.94,,,,,,,,,,,,,
37.8532,-119.5967,304.4,2020-09-26,0613,60,283.8,N,2020-09-26 06:13:00,1569.0,1571.0,2020.0,CA,NPS,YNP,BLUEJAY,00000054,"Sat, 25 Jul 2020 07:00:00 GMT","Thu, 19 Nov 2020 08:00:00 GMT",1.0,7.0,2.0,6922.014,,,{9D6C7514-519B-44A6-BB26-9B61B2F176F2},,,2020-January 2025,1,37.85,-119.6,,,,,,,,,,,,,
37.8584,-121.795,309.5,2020-08-17,0938,37,291.2,N,2020-08-17 09:38:00,,,,,,,,,,,,,,,,,,,,,0,37.86,-121.8,,,,,,,,,,,,,
37.8623,-120.9594,307.0,2020-11-21,1903,65,288.5,D,2020-11-21 19:03:00,,,,,,,,,,,,,,,,,,,,,0,37.86,-120.96,,,,,,,,,,,,,
37.8601,-119.9263,309.4,2020-01-27,2100,68,273.4,D,2020-01-27 21:00:00,4290.0,4292.0,2013.0,CA,USF,STF,RIM,00000006,"Sat, 17 Aug 2013 07:00:00 GMT","Thu, 24 Oct 2013 07:00:00 GMT",4.0,7.0,1.0,256175.5,2013-CAYNP-0126 Suppressed Human Caused,,,,,2010-2019,1,37.86,-119.93,,,,,,,,,,,,,
37.8598,-119.9329,305.2,2020-01-27,1921,61,281.2,D,2020-01-27 19:21:00,4290.0,4292.0,2013.0,CA,USF,STF,RIM,00000006,"Sat, 17 Aug 2013 07:00:00 GMT","Thu, 24 Oct 2013 07:00:00 GMT",4.0,7.0,1.0,256175.5,2013-CAYNP-0126 Suppressed Human Caused,,,,,2010-2019,1,37.86,-119.93,,,,,,,,,,,,,
37.8696,-119.886,314.4,2020-01-30,2131,75,285.9,D,2020-01-30 21:31:00,4290.0,4292.0,2013.0,CA,USF,STF,RIM,00000006,"Sat, 17 Aug 2013 07:00:00 GMT","Thu, 24 Oct 2013 07:00:00 GMT",4.0,7.0,1.0,256175.5,2013-CAYNP-0126 Suppressed Human Caused,,,,,2010-2019,1,37.87,-119.89,,,,,,,,,,,,,
37.8658,-119.5779,311.5,2020-10-23,2112,59,292.7,D,2020-10-23 21:12:00,1569.0,1571.0,2020.0,CA,NPS,YNP,BLUEJAY,00000054,"Sat, 25 Jul 2020 07:00:00 GMT","Thu, 19 Nov 2020 08:00:00 GMT",1.0,7.0,2.0,6922.014,,,{9D6C7514-519B-44A6-BB26-9B61B2F176F2},,,2020-January 2025,1,37.87,-119.58,,,,,,,,,,,,,
37.8658,-119.5779,311.5,2020-10-23,2112,59,292.7,D,2020-10-23 21:12:00,7455.0,7457.0,2003.0,CA,NPS,YNP,WHISKEY,00000000,"Thu, 31 Jul 2003 07:00:00 GMT","Fri, 07 Nov 2003 08:00:00 GMT",1.0,8.0,1.0,1041.117,,,,00002352,,2000-2009,1,37.87,-119.58,,,,,,,,,,,,,
37.9051,-121.2511,333.7,2020-05-25,2106,58,316.9,D,2020-05-25 21:06:00,,,,,,,,,,,,,,,,,,,,,0,37.91,-121.25,,,,,,,,,,,,,
37.9053,-120.037,334.3,2020-01-09,2112,0,276.2,D,2020-01-09 21:12:00,4290.0,4292.0,2013.0,CA,USF,STF,RIM,00000006,"Sat, 17 Aug 2013 07:00:00 GMT","Thu, 24 Oct 2013 07:00:00 GMT",4.0,7.0,1.0,256175.5,2013-CAYNP-0126 Suppressed Human Caused,,,,,2010-2019,1,37.91,-120.04,,,,,,,,,,,,,
37.9053,-120.037,334.3,2020-01-09,2112,0,276.2,D,2020-01-09 21:12:00,10797.0,10799.0,1987.0,CA,USF,STF,PAPER,,"Mon, 31 Aug 1987 07:00:00 GMT","Mon, 12 Oct 1987 07:00:00 GMT",1.0,8.0,1.0,45020.3,Stanislaus Complex,STANISLAUS COMPLEX,,00000226,,1980-1989,1,37.91,-120.04,,,,,,,,,,,,,
37.9053,-120.037,334.3,2020-01-09,2112,0,276.2,D,2020-01-09 21:12:00,10818.0,10820.0,1987.0,CA,USF,STF,CLAVEY 87 COMPLEX,,"Mon, 31 Aug 1987 07:00:00 GMT",,1.0,8.0,1.0,8741.059,20090305,STANISLAUS COMPLEX,,00000226,,1980-1989,1,37.91,-120.04,,,,,,,,,,,,,
37.9053,-120.037,334.3,2020-01-09,2112,0,276.2,D,2020-01-09 21:12:00,20175.0,20177.0,1927.0,CA,USF,STF, ,,,,14.0,8.0,1.0,15822.5,20090305,,,00000121,,1950-1959,1,37.91,-120.04,,,,,,,,,,,,,
37.9053,-120.037,334.3,2020-01-09,2112,0,276.2,D,2020-01-09 21:12:00,21200.0,21202.0,1920.0,CA,USF,STF, ,,,,14.0,8.0,1.0,13345.6,20090305,,,00000101,,1950-1959,1,37.91,-120.04,,,,,,,,,,,,,
37.9142,-120.039,383.3,2020-01-09,2112,87,283.5,D,2020-01-09 21:12:00,4290.0,4292.0,2013.0,CA,USF,STF,RIM,00000006,"Sat, 17 Aug 2013 07:00:00 GMT","Thu, 24 Oct 2013 07:00:00 GMT",4.0,7.0,1.0,256175.5,2013-CAYNP-0126 Suppressed Human Caused,,,,,2010-2019,1,37.91,-120.04,,,,,,,,,,,,,
37.9142,-120.039,383.3,2020-01-09,2112,87,283.5,D,2020-01-09 21:12:00,20175.0,20177.0,1927.0,CA,USF,STF, ,,,,14.0,8.0,1.0,15822.5,20090305,,,00000121,,1950-1959,1,37.91,-120.04,,,,,,,,,,,,,
37.9142,-120.039,383.3,2020-01-09,2112,87,283.5,D,2020-01-09 21:12:00,21200.0,21202.0,1920.0,CA,USF,STF, ,,,,14.0,8.0,1.0,13345.6,20090305,,,00000101,,1950-1959,1,37.91,-120.04,,,,,,,,,,,,,
37.9149,-120.0228,308.9,2020-01-10,2155,68,283.4,D,2020-01-10 21:55:00,4290.0,4292.0,2013.0,CA,USF,STF,RIM,00000006,"Sat, 17 Aug 2013 07:00:00 GMT","Thu, 24 Oct 2013 07:00:00 GMT",4.0,7.0,1.0,256175.5,2013-CAYNP-0126 Suppressed Human Caused,,,,,2010-2019,1,37.91,-120.02,,,,,,,,,,,,,
37.9149,-120.0228,308.9,2020-01-10,2155,68,283.4,D,2020-01-10 21:55:00,20601.0,20603.0,1924.0,CA,USF,STF, ,,,,14.0,8.0,1.0,2211.212,20090305,,,00000105,,1950-1959,1,37.91,-120.02,,,,,,,,,,,,,
37.9222,-120.0217,308.7,2020-01-10,1838,67,282.3,D,2020-01-10 18:38:00,4290.0,4292.0,2013.0,CA,USF,STF,RIM,00000006,"Sat, 17 Aug 2013 07:00:00 GMT","Thu, 24 Oct 2013 07:00:00 GMT",4.0,7.0,1.0,256175.5,2013-CAYNP-0126 Suppressed Human Caused,,,,,2010-2019,1,37.92,-120.02,,,,,,,,,,,,,
37.9184,-120.001,312.8,2020-01-06,2042,73,284.9,D,2020-01-06 20:42:00,4290.0,4292.0,2013.0,CA,USF,STF,RIM,00000006,"Sat, 17 Aug 2013 07:00:00 GMT","Thu, 24 Oct 2013 07:00:00 GMT",4.0,7.0,1.0,256175.5,2013-CAYNP-0126 Suppressed Human Caused,,,,,2010-2019,1,37.92,-120.0,,,,,,,,,,,,,
37.9306,-119.9682,322.6,2020-01-21,1820,66,274.0,D,2020-01-21 18:20:00,4290.0,4292.0,2013.0,CA,USF,STF,RIM,00000006,"Sat, 17 Aug 2013 07:00:00 GMT","Thu, 24 Oct 2013 07:00:00 GMT",4.0,7.0,1.0,256175.5,2013-CAYNP-0126 Suppressed Human Caused,,,,,2010-2019,1,37.93,-119.97,,,,,,,,,,,,,
37.9306,-119.9682,322.6,2020-01-21,1820,66,274.0,D,2020-01-21 18:20:00,13803.0,13805.0,1973.0,CA,USF,STF,GRANITE,,"Fri, 17 Aug 1973 07:00:00 GMT","Tue, 21 Aug 1973 07:00:00 GMT",2.0,6.0,1.0,16290.28,20090305,,,00000138,,1970-1979,1,37.93,-119.97,,,,,,,,,,,,,
37.9438,-121.1691,323.8,2020-06-21,1909,34,308.8,D,2020-06-21 19:09:00,,,,,,,,,,,,,,,,,,,,,0,37.94,-121.17,,,,,,,,,,,,,
37.9391,-121.17,327.7,2020-06-23,1857,49,314.0,D,2020-06-23 18:57:00,,,,,,,,,,,,,,,,,,,,,0,37.94,-121.17,,,,,,,,,,,,,
37.943,-120.0277,317.1,2020-01-09,2112,59,272.0,D,2020-01-09 21:12:00,4290.0,4292.0,2013.0,CA,USF,STF,RIM,00000006,"Sat, 17 Aug 2013 07:00:00 GMT","Thu, 24 Oct 2013 07:00:00 GMT",4.0,7.0,1.0,256175.5,2013-CAYNP-0126 Suppressed Human Caused,,,,,2010-2019,1,37.94,-120.03,,,,,,,,,,,,,
37.9499,-121.366,319.6,2020-06-08,2119,49,307.6,D,2020-06-08 21:19:00,,,,,,,,,,,,,,,,,,,,,0,37.95,-121.37,,,,,,,,,,,,,
37.9499,-121.3627,321.8,2020-05-23,2119,33,309.9,D,2020-05-23 21:19:00,,,,,,,,,,,,,,,,,,,,,0,37.95,-121.36,,,,,,,,,,,,,
37.974,-120.0986,311.5,2020-01-07,2124,71,283.1,D,2020-01-07 21:24:00,4290.0,4292.0,2013.0,CA,USF,STF,RIM,00000006,"Sat, 17 Aug 2013 07:00:00 GMT","Thu, 24 Oct 2013 07:00:00 GMT",4.0,7.0,1.0,256175.5,2013-CAYNP-0126 Suppressed Human Caused,,,,,2010-2019,1,37.97,-120.1,,,,,,,,,,,,,
37.974,-120.0986,311.5,2020-01-07,2124,71,283.1,D,2020-01-07 21:24:00,10797.0,10799.0,1987.0,CA,USF,STF,PAPER,,"Mon, 31 Aug 1987 07:00:00 GMT","Mon, 12 Oct 1987 07:00:00 GMT",1.0,8.0,1.0,45020.3,Stanislaus Complex,STANISLAUS COMPLEX,,00000226,,1980-1989,1,37.97,-120.1,,,,,,,,,,,,,
37.974,-120.0986,311.5,2020-01-07,2124,71,283.1,D,2020-01-07 21:24:00,17540.0,17542.0,1949.0,CA,USF,STF, ,,,,14.0,8.0,1.0,26378.3,20090305,,,00000091,,1950-1959,1,37.97,-120.1,,,,,,,,,,,,,
37.9872,-120.0244,332.1,2020-01-13,1909,88,283.2,D,2020-01-13 19:09:00,4290.0,4292.0,2013.0,CA,USF,STF,RIM,00000006,"Sat, 17 Aug 2013 07:00:00 GMT","Thu, 24 Oct 2013 07:00:00 GMT",4.0,7.0,1.0,256175.5,2013-CAYNP-0126 Suppressed Human Caused,,,,,2010-2019,1,37.99,-120.02,,,,,,,,,,,,,
37.9865,-120.0152,323.8,2020-01-24,1851,83,287.2,D,2020-01-24 18:51:00,4290.0,4292.0,2013.0,CA,USF,STF,RIM,00000006,"Sat, 17 Aug 2013 07:00:00 GMT","Thu, 24 Oct 2013 07:00:00 GMT",4.0,7.0,1.0,256175.5,2013-CAYNP-0126 Suppressed Human Caused,,,,,2010-2019,1,37.99,-120.02,,,,,,,,,,,,,
37.9955,-121.0282,315.7,2020-04-22,1845,53,298.9,D,2020-04-22 18:45:00,,,,,,,,,,,,,,,,,,,,,0,38.0,-121.03,,,,,,,,,,,,,
38.0249,-122.2581,345.1,2020-07-06,2143,79,312.6,D,2020-07-06 21:43:00,,,,,,,,,,,,,,,,,,,,,0,38.02,-122.26,,,,,,,,,,,,,
38.0329,-122.2645,328.3,2020-07-06,2143,0,311.4,D,2020-07-06 21:43:00,,,,,,,,,,,,,,,,,,,,,0,38.03,-122.26,,,,,,,,,,,,,
38.0406,-121.0442,307.2,2020-02-10,2112,65,295.6,D,2020-02-10 21:12:00,,,,,,,,,,,,,,,,,,,,,0,38.04,-121.04,,,,,,,,,,,,,
38.0424,-120.112,309.9,2020-03-10,1903,69,287.2,D,2020-03-10 19:03:00,17540.0,17542.0,1949.0,CA,USF,STF, ,,,,14.0,8.0,1.0,26378.3,20090305,,,00000091,,1950-1959,1,38.04,-120.11,,,,,,,,,,,,,
38.0531,-121.1823,305.1,2020-11-15,2118,61,293.6,D,2020-11-15 21:18:00,,,,,,,,,,,,,,,,,,,,,0,38.05,-121.18,,,,,,,,,,,,,
38.0639,-120.7027,316.5,2020-06-17,1009,92,288.8,N,2020-06-17 10:09:00,1597.0,1599.0,2020.0,CA,CDF,TCU,WALKER,00006494,"Tue, 16 Jun 2020 07:00:00 GMT","Tue, 23 Jun 2020 07:00:00 GMT",9.0,2.0,1.0,1398.004,Cause = Grinding,,{F55DF3A6-DB93-4EEE-A3FC-7387C6E8F760},,,2020-January 2025,1,38.06,-120.7,,,,,,,,,,,,,
38.055,-119.9596,306.5,2020-03-13,0555,68,276.8,N,2020-03-13 05:55:00,559.0,560.0,2023.0,CA,USF,STF,QUARRY,00001921,"Sat, 09 Sep 2023 07:00:00 GMT","Wed, 08 Nov 2023 08:00:00 GMT",14.0,7.0,1.0,8645.426,,,{BCB807DC-5A09-47F2-8C05-F386A6AC803A},,,2020-January 2025,1,38.06,-119.96,,,,,,,,,,,,,
38.055,-119.9596,306.5,2020-03-13,0555,68,276.8,N,2020-03-13 05:55:00,4290.0,4292.0,2013.0,CA,USF,STF,RIM,00000006,"Sat, 17 Aug 2013 07:00:00 GMT","Thu, 24 Oct 2013 07:00:00 GMT",4.0,7.0,1.0,256175.5,2013-CAYNP-0126 Suppressed Human Caused,,,,,2010-2019,1,38.06,-119.96,,,,,,,,,,,,,
38.0669,-121.1795,307.8,2020-03-11,1946,64,291.0,D,2020-03-11 19:46:00,,,,,,,,,,,,,,,,,,,,,0,38.07,-121.18,,,,,,,,,,,,,
38.0819,-121.2298,339.0,2020-03-03,1857,91,300.1,D,2020-03-03 18:57:00,,,,,,,,,,,,,,,,,,,,,0,38.08,-121.23,,,,,,,,,,,,,
38.0845,-120.7867,303.2,2020-04-02,2048,48,292.6,D,2020-04-02 20:48:00,,,,,,,,,,,,,,,,,,,,,0,38.08,-120.79,,,,,,,,,,,,,
38.098,-121.3221,314.9,2020-05-02,1921,71,298.1,D,2020-05-02 19:21:00,,,,,,,,,,,,,,,,,,,,,0,38.1,-121.32,,,,,,,,,,,,,
38.1103,-121.2352,312.7,2020-03-03,1857,70,300.0,D,2020-03-03 18:57:00,,,,,,,,,,,,,,,,,,,,,0,38.11,-121.24,,,,,,,,,,,,,
38.1202,-121.131,318.9,2020-04-13,1851,76,297.2,D,2020-04-13 18:51:00,16722.0,16724.0,1953.0,CA,CDF,TCU,SAN JOAQUIN CO.,00000000,"Fri, 17 Jul 1953 07:00:00 GMT",,14.0,,1.0,2759.82,,,,0000003A,,1950-1959,1,38.12,-121.13,,,,,,,,,,,,,
38.1289,-121.2499,321.0,2020-05-04,1909,52,307.1,D,2020-05-04 19:09:00,,,,,,,,,,,,,,,,,,,,,0,38.13,-121.25,,,,,,,,,,,,,
38.1259,-121.2507,321.7,2020-05-20,1909,46,304.2,D,2020-05-20 19:09:00,,,,,,,,,,,,,,,,,,,,,0,38.13,-121.25,,,,,,,,,,,,,
38.1419,-121.7753,319.6,2020-06-05,2048,55,302.7,D,2020-06-05 20:48:00,,,,,,,,,,,,,,,,,,,,,0,38.14,-121.78,,,,,,,,,,,,,
38.1667,-121.2233,301.7,2020-01-30,2131,49,287.3,D,2020-01-30 21:31:00,,,,,,,,,,,,,,,,,,,,,0,38.17,-121.22,,,,,,,,,,,,,
38.1717,-120.6353,308.8,2020-12-05,2054,68,293.6,D,2020-12-05 20:54:00,,,,,,,,,,,,,,,,,,,,,0,38.17,-120.64,,,,,,,,,,,,,
38.1844,-122.1761,303.2,2020-11-16,1844,55,288.8,D,2020-11-16 18:44:00,,,,,,,,,,,,,,,,,,,,,0,38.18,-122.18,,,,,,,,,,,,,
38.1856,-121.2339,309.4,2020-03-19,1857,69,290.5,D,2020-03-19 18:57:00,,,,,,,,,,,,,,,,,,,,,0,38.19,-121.23,,,,,,,,,,,,,
38.1908,-120.7003,326.4,2020-06-16,1850,75,305.1,D,2020-06-16 18:50:00,,,,,,,,,,,,,,,,,,,,,0,38.19,-120.7,,,,,,,,,,,,,
38.1892,-120.6882,328.7,2020-06-16,1850,78,305.8,D,2020-06-16 18:50:00,,,,,,,,,,,,,,,,,,,,,0,38.19,-120.69,,,,,,,,,,,,,
38.2006,-120.5829,303.2,2020-01-02,2106,55,283.7,D,2020-01-02 21:06:00,3742.0,3744.0,2015.0,CA,CDF,AEU,BUTTE,024918,"Thu, 10 Sep 2015 07:00:00 GMT","Mon, 28 Sep 2015 07:00:00 GMT",14.0,1.0,1.0,70846.53,,,{E3B7BF8C-BB32-47DF-B625-41382D4214E4},,,2010-2019,1,38.2,-120.58,,,,,,,,,,,,,
38.2006,-120.5829,303.2,2020-01-02,2106,55,283.7,D,2020-01-02 21:06:00,16961.0,16963.0,1952.0,CA,CDF,TCU,MURRAY CREEK,00000000,"Tue, 30 Sep 1952 07:00:00 GMT",,14.0,,1.0,906.9563,,,,00000120,,1950-1959,1,38.2,-120.58,,,,,,,,,,,,,
38.2281,-122.0425,312.3,2020-06-04,0625,85,291.8,N,2020-06-04 06:25:00,,,,,,,,,,,,,,,,,,,,,0,38.23,-122.04,,,,,,,,,,,,,
38.2313,-120.5941,304.3,2020-01-07,2124,59,273.2,D,2020-01-07 21:24:00,3742.0,3744.0,2015.0,CA,CDF,AEU,BUTTE,024918,"Thu, 10 Sep 2015 07:00:00 GMT","Mon, 28 Sep 2015 07:00:00 GMT",14.0,1.0,1.0,70846.53,,,{E3B7BF8C-BB32-47DF-B625-41382D4214E4},,,2010-2019,1,38.23,-120.59,,,,,,,,,,,,,
38.2462,-122.0963,310.3,2020-02-22,2137,69,294.0,D,2020-02-22 21:37:00,,,,,,,,,,,,,,,,,,,,,0,38.25,-122.1,,,,,,,,,,,,,
38.2461,-120.5832,314.4,2020-04-29,1851,75,284.5,D,2020-04-29 18:51:00,3742.0,3744.0,2015.0,CA,CDF,AEU,BUTTE,024918,"Thu, 10 Sep 2015 07:00:00 GMT","Mon, 28 Sep 2015 07:00:00 GMT",14.0,1.0,1.0,70846.53,,,{E3B7BF8C-BB32-47DF-B625-41382D4214E4},,,2010-2019,1,38.25,-120.58,,,,,,,,,,,,,
38.2564,-121.9588,310.4,2020-11-28,1909,70,292.0,D,2020-11-28 19:09:00,,,,,,,,,,,,,,,,,,,,,0,38.26,-121.96,,,,,,,,,,,,,
38.2573,-121.5436,327.3,2020-05-23,2119,67,316.2,D,2020-05-23 21:19:00,,,,,,,,,,,,,,,,,,,,,0,38.26,-121.54,,,,,,,,,,,,,
38.2589,-121.5322,335.0,2020-05-23,2119,80,310.6,D,2020-05-23 21:19:00,,,,,,,,,,,,,,,,,,,,,0,38.26,-121.53,,,,,,,,,,,,,
38.2632,-120.3055,322.8,2020-05-16,2112,72,294.6,D,2020-05-16 21:12:00,,,,,,,,,,,,,,,,,,,,,0,38.26,-120.31,,,,,,,,,,,,,
38.2733,-121.2555,329.5,2020-05-09,2106,80,311.5,D,2020-05-09 21:06:00,,,,,,,,,,,,,,,,,,,,,0,38.27,-121.26,,,,,,,,,,,,,
38.2711,-120.5112,352.3,2020-07-28,2106,95,316.6,D,2020-07-28 21:06:00,3742.0,3744.0,2015.0,CA,CDF,AEU,BUTTE,024918,"Thu, 10 Sep 2015 07:00:00 GMT","Mon, 28 Sep 2015 07:00:00 GMT",14.0,1.0,1.0,70846.53,,,{E3B7BF8C-BB32-47DF-B625-41382D4214E4},,,2010-2019,1,38.27,-120.51,,,,,,,,,,,,,
38.2735,-118.9877,355.0,2020-06-26,2106,97,317.2,D,2020-06-26 21:06:00,,,,,,,,,,,,,,,,,,,,,0,38.27,-118.99,,,,,,,,,,,,,
38.2717,-118.9639,359.4,2020-06-26,1927,99,306.6,D,2020-06-26 19:27:00,,,,,,,,,,,,,,,,,,,,,0,38.27,-118.96,,,,,,,,,,,,,
38.2752,-121.2435,331.4,2020-05-09,2106,81,313.9,D,2020-05-09 21:06:00,,,,,,,,,,,,,,,,,,,,,0,38.28,-121.24,,,,,,,,,,,,,
38.2821,-120.3047,327.9,2020-06-11,0631,100,288.9,N,2020-06-11 06:31:00,,,,,,,,,,,,,,,,,,,,,0,38.28,-120.3,,,,,,,,,,,,,
38.2838,-120.2844,314.9,2020-06-11,0631,90,288.2,N,2020-06-11 06:31:00,,,,,,,,,,,,,,,,,,,,,0,38.28,-120.28,,,,,,,,,,,,,
38.2766,-118.9652,337.1,2020-06-26,2106,81,316.2,D,2020-06-26 21:06:00,,,,,,,,,,,,,,,,,,,,,0,38.28,-118.97,,,,,,,,,,,,,
38.2768,-118.968,359.1,2020-06-26,1927,99,308.1,D,2020-06-26 19:27:00,,,,,,,,,,,,,,,,,,,,,0,38.28,-118.97,,,,,,,,,,,,,
38.2869,-120.2988,341.7,2020-06-11,0631,100,289.8,N,2020-06-11 06:31:00,,,,,,,,,,,,,,,,,,,,,0,38.29,-120.3,,,,,,,,,,,,,
38.2877,-120.2925,333.0,2020-06-10,1002,100,280.3,N,2020-06-10 10:02:00,,,,,,,,,,,,,,,,,,,,,0,38.29,-120.29,,,,,,,,,,,,,
38.3152,-121.5287,329.7,2020-11-04,2137,84,299.8,D,2020-11-04 21:37:00,,,,,,,,,,,,,,,,,,,,,0,38.32,-121.53,,,,,,,,,,,,,
38.3261,-121.3087,325.8,2020-05-25,1927,45,310.9,D,2020-05-25 19:27:00,,,,,,,,,,,,,,,,,,,,,0,38.33,-121.31,,,,,,,,,,,,,
38.3815,-121.9616,323.8,2020-05-09,2106,50,312.6,D,2020-05-09 21:06:00,,,,,,,,,,,,,,,,,,,,,0,38.38,-121.96,,,,,,,,,,,,,
38.3909,-121.4025,332.6,2020-05-24,1844,83,312.7,D,2020-05-24 18:44:00,,,,,,,,,,,,,,,,,,,,,0,38.39,-121.4,,,,,,,,,,,,,
38.3891,-120.9357,314.3,2020-01-06,1902,68,283.4,D,2020-01-06 19:02:00,,,,,,,,,,,,,,,,,,,,,0,38.39,-120.94,,,,,,,,,,,,,
38.3913,-120.9307,300.5,2020-01-03,1832,38,268.4,D,2020-01-03 18:32:00,,,,,,,,,,,,,,,,,,,,,0,38.39,-120.93,,,,,,,,,,,,,
38.3966,-121.5421,328.6,2020-07-23,1909,78,305.8,D,2020-07-23 19:09:00,,,,,,,,,,,,,,,,,,,,,0,38.4,-121.54,,,,,,,,,,,,,
38.3995,-120.934,308.5,2020-01-04,1915,67,286.8,D,2020-01-04 19:15:00,,,,,,,,,,,,,,,,,,,,,0,38.4,-120.93,,,,,,,,,,,,,
38.4211,-120.9365,303.5,2020-02-16,1857,56,290.5,D,2020-02-16 18:57:00,2407.0,2409.0,2018.0,CA,CDF,AEU,IRISH,00018720,"Fri, 06 Jul 2018 07:00:00 GMT","Tue, 10 Jul 2018 07:00:00 GMT",2.0,1.0,1.0,824.9778,,,{639D1770-6C6D-4808-94FA-266C3503377D},,,2010-2019,1,38.42,-120.94,,,,,,,,,,,,,
38.4224,-120.2897,311.5,2020-12-11,1838,62,270.9,D,2020-12-11 18:38:00,,,,,,,,,,,,,,,,,,,,,0,38.42,-120.29,,,,,,,,,,,,,
38.4407,-120.4919,309.0,2020-04-03,2131,55,288.4,D,2020-04-03 21:31:00,,,,,,,,,,,,,,,,,,,,,0,38.44,-120.49,,,,,,,,,,,,,
38.4775,-122.4059,321.5,2020-04-14,2113,60,309.7,D,2020-04-14 21:13:00,,,,,,,,,,,,,,,,,,,,,0,38.48,-122.41,,,,,,,,,,,,,
38.4779,-121.9989,308.9,2020-06-07,0656,57,285.0,N,2020-06-07 06:56:00,1591.0,1593.0,2020.0,CA,CDF,LNU,QUAIL,00008419,"Sat, 06 Jun 2020 07:00:00 GMT","Thu, 18 Jun 2020 07:00:00 GMT",14.0,7.0,1.0,1841.0,J. Baldwin,,{7A0C1344-5E9F-4327-945A-0A93F913F4F9},,,2020-January 2025,1,38.48,-122.0,,,,,,,,,,,,,
38.4798,-119.5014,326.1,2020-09-03,0607,100,290.1,N,2020-09-03 06:07:00,1555.0,1557.0,2020.0,CA,USF,HTF,SLINK,00030684,"Sat, 29 Aug 2020 07:00:00 GMT","Fri, 13 Nov 2020 08:00:00 GMT",14.0,7.0,1.0,26751.78,,,{4DE3802A-339C-4F3D-BD9A-61D55E9D2AA5},,,2020-January 2025,1,38.48,-119.5,,,,,,,,,,,,,
38.4798,-119.5014,326.1,2020-09-03,0607,100,290.1,N,2020-09-03 06:07:00,7740.0,7742.0,2002.0,CA,USF,TOI,CANNON,00000000,"Sat, 15 Jun 2002 07:00:00 GMT","Tue, 16 Jul 2002 07:00:00 GMT",4.0,8.0,1.0,26684.13,,,,00000000,,2000-2009,1,38.48,-119.5,,,,,,,,,,,,,
38.4914,-122.429,303.9,2020-02-05,1915,57,285.3,D,2020-02-05 19:15:00,,,,,,,,,,,,,,,,,,,,,0,38.49,-122.43,,,,,,,,,,,,,
38.4868,-122.1557,349.1,2020-08-19,1850,94,310.3,D,2020-08-19 18:50:00,1536.0,1538.0,2020.0,CA,CDF,LNU,HENNESSEY,00013337,"Mon, 17 Aug 2020 07:00:00 GMT","Wed, 16 Sep 2020 07:00:00 GMT",1.0,7.0,1.0,305351.9,Markley (caused by arson) merged with Hennessey,LNU LIGHTNING COMPLEX,{AB8C9F13-A691-48C7-8BF6-3A4A5946F0EF},,{3B9A40DB-C6B6-415D-9746-A277C562972C},2020-January 2025,1,38.49,-122.16,,,,,,,,,,,,,
38.4899,-122.0432,325.2,2020-07-17,0607,100,296.4,N,2020-07-17 06:07:00,1536.0,1538.0,2020.0,CA,CDF,LNU,HENNESSEY,00013337,"Mon, 17 Aug 2020 07:00:00 GMT","Wed, 16 Sep 2020 07:00:00 GMT",1.0,7.0,1.0,305351.9,Markley (caused by arson) merged with Hennessey,LNU LIGHTNING COMPLEX,{AB8C9F13-A691-48C7-8BF6-3A4A5946F0EF},,{3B9A40DB-C6B6-415D-9746-A277C562972C},2020-January 2025,1,38.49,-122.04,,,,,,,,,,,,,
38.4899,-122.0432,325.2,2020-07-17,0607,100,296.4,N,2020-07-17 06:07:00,16106.0,16108.0,1957.0,CA,CDF,LNU,F. PLEASANT,00000000,"Thu, 04 Jul 1957 07:00:00 GMT",,14.0,,1.0,2958.597,,,,00000004,,1950-1959,1,38.49,-122.04,,,,,,,,,,,,,
38.504,-120.7749,301.1,2021-01-01,1856,44,277.6,D,2021-01-01 18:56:00,,,,,,,,,,,,,,,,,,,,,0,38.5,-120.77,,,,,,,,,,,,,
38.5104,-121.9411,320.5,2020-02-26,2113,77,301.3,D,2020-02-26 21:13:00,,,,,,,,,,,,,,,,,,,,,0,38.51,-121.94,,,,,,,,,,,,,
38.5078,-121.4944,305.4,2020-06-02,0637,64,288.7,N,2020-06-02 06:37:00,,,,,,,,,,,,,,,,,,,,,0,38.51,-121.49,,,,,,,,,,,,,
38.5096,-121.4728,356.7,2020-06-02,0637,100,291.1,N,2020-06-02 06:37:00,,,,,,,,,,,,,,,,,,,,,0,38.51,-121.47,,,,,,,,,,,,,
38.525,-121.8931,310.7,2020-02-29,2143,70,292.9,D,2020-02-29 21:43:00,,,,,,,,,,,,,,,,,,,,,0,38.52,-121.89,,,,,,,,,,,,,
38.5181,-119.4508,327.9,2020-11-17,2106,31,280.0,D,2020-11-17 21:06:00,1558.0,1560.0,2020.0,CA,BLM,CND,MOUNTAIN VIEW,00030860,"Tue, 17 Nov 2020 08:00:00 GMT","Mon, 30 Nov 2020 08:00:00 GMT",14.0,2.0,1.0,20374.56,,,{54D7D11C-04DF-418A-9D22-9249FF56A4B8},,,2020-January 2025,1,38.52,-119.45,,,,,,,,,,,,,
38.52,-119.3994,369.2,2020-11-18,0631,100,278.1,N,2020-11-18 06:31:00,1558.0,1560.0,2020.0,CA,BLM,CND,MOUNTAIN VIEW,00030860,"Tue, 17 Nov 2020 08:00:00 GMT","Mon, 30 Nov 2020 08:00:00 GMT",14.0,2.0,1.0,20374.56,,,{54D7D11C-04DF-418A-9D22-9249FF56A4B8},,,2020-January 2025,1,38.52,-119.4,,,,,,,,,,,,,
38.52,-119.3994,369.2,2020-11-18,0631,100,278.1,N,2020-11-18 06:31:00,7740.0,7742.0,2002.0,CA,USF,TOI,CANNON,00000000,"Sat, 15 Jun 2002 07:00:00 GMT","Tue, 16 Jul 2002 07:00:00 GMT",4.0,8.0,1.0,26684.13,,,,00000000,,2000-2009,1,38.52,-119.4,,,,,,,,,,,,,
38.5302,-121.8992,310.9,2020-02-29,2143,71,292.4,D,2020-02-29 21:43:00,,,,,,,,,,,,,,,,,,,,,0,38.53,-121.9,,,,,,,,,,,,,
38.5327,-120.4283,308.6,2020-12-30,2048,67,280.8,D,2020-12-30 20:48:00,21633.0,21635.0,1917.0,CA,USF,ENF, ,00000000,,,14.0,,1.0,10058.08,,,,00000000,,1950-1959,1,38.53,-120.43,,,,,,,,,,,,,
38.5292,-119.4414,337.0,2020-11-18,0631,100,274.5,N,2020-11-18 06:31:00,1558.0,1560.0,2020.0,CA,BLM,CND,MOUNTAIN VIEW,00030860,"Tue, 17 Nov 2020 08:00:00 GMT","Mon, 30 Nov 2020 08:00:00 GMT",14.0,2.0,1.0,20374.56,,,{54D7D11C-04DF-418A-9D22-9249FF56A4B8},,,2020-January 2025,1,38.53,-119.44,,,,,,,,,,,,,
38.5407,-119.6279,326.9,2020-09-07,2100,67,304.1,D,2020-09-07 21:00:00,1555.0,1557.0,2020.0,CA,USF,HTF,SLINK,00030684,"Sat, 29 Aug 2020 07:00:00 GMT","Fri, 13 Nov 2020 08:00:00 GMT",14.0,7.0,1.0,26751.78,,,{4DE3802A-339C-4F3D-BD9A-61D55E9D2AA5},,,2020-January 2025,1,38.54,-119.63,,,,,,,,,,,,,
38.5431,-119.4684,382.0,2020-11-17,2106,100,286.5,D,2020-11-17 21:06:00,1558.0,1560.0,2020.0,CA,BLM,CND,MOUNTAIN VIEW,00030860,"Tue, 17 Nov 2020 08:00:00 GMT","Mon, 30 Nov 2020 08:00:00 GMT",14.0,2.0,1.0,20374.56,,,{54D7D11C-04DF-418A-9D22-9249FF56A4B8},,,2020-January 2025,1,38.54,-119.47,,,,,,,,,,,,,
38.5532,-121.9471,307.5,2020-05-18,1921,60,292.7,D,2020-05-18 19:21:00,,,,,,,,,,,,,,,,,,,,,0,38.55,-121.95,,,,,,,,,,,,,
38.5582,-121.954,321.4,2020-05-18,2100,81,286.3,D,2020-05-18 21:00:00,,,,,,,,,,,,,,,,,,,,,0,38.56,-121.95,,,,,,,,,,,,,
38.5587,-121.9438,318.9,2020-04-13,1851,76,300.2,D,2020-04-13 18:51:00,,,,,,,,,,,,,,,,,,,,,0,38.56,-121.94,,,,,,,,,,,,,
38.5632,-121.9441,309.5,2020-05-18,1921,69,293.5,D,2020-05-18 19:21:00,,,,,,,,,,,,,,,,,,,,,0,38.56,-121.94,,,,,,,,,,,,,
38.5627,-119.3647,437.1,2020-11-18,0631,100,289.4,N,2020-11-18 06:31:00,1558.0,1560.0,2020.0,CA,BLM,CND,MOUNTAIN VIEW,00030860,"Tue, 17 Nov 2020 08:00:00 GMT","Mon, 30 Nov 2020 08:00:00 GMT",14.0,2.0,1.0,20374.56,,,{54D7D11C-04DF-418A-9D22-9249FF56A4B8},,,2020-January 2025,1,38.56,-119.36,,,,,,,,,,,,,
38.5666,-120.7824,301.9,2020-11-26,2100,50,287.2,D,2020-11-26 21:00:00,4073.0,4075.0,2014.0,CA,CDF,AEU,SAND,018237,"Sat, 26 Jul 2014 07:00:00 GMT","Wed, 30 Jul 2014 07:00:00 GMT",10.0,1.0,1.0,4239.272,,,{5EFA8898-D56C-4F36-BD56-320E9E8340B9},,,2010-2019,1,38.57,-120.78,,,,,,,,,,,,,
38.5799,-121.1384,357.7,2020-06-12,2054,99,277.5,D,2020-06-12 20:54:00,1574.0,1576.0,2020.0,CA,CDF,AEU,GRANT,00016543,"Fri, 12 Jun 2020 07:00:00 GMT","Fri, 12 Jun 2020 07:00:00 GMT",2.0,1.0,1.0,5062.198,,,{A2E9EF53-43C2-4BBE-9CEF-DDF85A481D7A},,,2020-January 2025,1,38.58,-121.14,,,,,,,,,,,,,
38.5854,-121.1467,315.7,2020-06-12,2054,56,275.2,D,2020-06-12 20:54:00,1574.0,1576.0,2020.0,CA,CDF,AEU,GRANT,00016543,"Fri, 12 Jun 2020 07:00:00 GMT","Fri, 12 Jun 2020 07:00:00 GMT",2.0,1.0,1.0,5062.198,,,{A2E9EF53-43C2-4BBE-9CEF-DDF85A481D7A},,,2020-January 2025,1,38.59,-121.15,,,,,,,,,,,,,
38.5883,-121.131,315.6,2020-06-12,2054,52,272.4,D,2020-06-12 20:54:00,1574.0,1576.0,2020.0,CA,CDF,AEU,GRANT,00016543,"Fri, 12 Jun 2020 07:00:00 GMT","Fri, 12 Jun 2020 07:00:00 GMT",2.0,1.0,1.0,5062.198,,,{A2E9EF53-43C2-4BBE-9CEF-DDF85A481D7A},,,2020-January 2025,1,38.59,-121.13,,,,,,,,,,,,,
38.6083,-121.8231,303.6,2020-07-05,0542,56,292.7,N,2020-07-05 05:42:00,,,,,,,,,,,,,,,,,,,,,0,38.61,-121.82,,,,,,,,,,,,,
38.6122,-120.5921,309.5,2020-05-02,1921,58,291.1,D,2020-05-02 19:21:00,1146.0,1148.0,2021.0,CA,USF,ENF,CALDOR,00024030,"Sun, 15 Aug 2021 07:00:00 GMT","Thu, 18 Nov 2021 08:00:00 GMT",14.0,7.0,1.0,221786.4,,,{E6C053C8-A346-43FB-9C29-632BC7536717},,,2020-January 2025,1,38.61,-120.59,,,,,,,,,,,,,
38.6133,-120.5864,311.1,2020-05-02,1921,63,290.5,D,2020-05-02 19:21:00,1146.0,1148.0,2021.0,CA,USF,ENF,CALDOR,00024030,"Sun, 15 Aug 2021 07:00:00 GMT","Thu, 18 Nov 2021 08:00:00 GMT",14.0,7.0,1.0,221786.4,,,{E6C053C8-A346-43FB-9C29-632BC7536717},,,2020-January 2025,1,38.61,-120.59,,,,,,,,,,,,,
38.6529,-122.5347,309.3,2020-10-01,0631,77,295.8,N,2020-10-01 06:31:00,1545.0,1547.0,2020.0,CA,CDF,LNU,GLASS,00015497,"Sun, 27 Sep 2020 07:00:00 GMT","Tue, 20 Oct 2020 07:00:00 GMT",14.0,7.0,1.0,67484.41,J. Baldwin,,,,,2020-January 2025,1,38.65,-122.53,,,,,,,,,,,,,
38.6529,-122.5347,309.3,2020-10-01,0631,77,295.8,N,2020-10-01 06:31:00,15089.0,15091.0,1964.0,CA,CDF,LNU,C. HANLY,00000000,"Sat, 19 Sep 1964 07:00:00 GMT",,14.0,,1.0,55960.7,,,,00000198,,1960-1969,1,38.65,-122.53,,,,,,,,,,,,,
38.6529,-122.5347,309.3,2020-10-01,0631,77,295.8,N,2020-10-01 06:31:00,16933.0,16935.0,1952.0,CA,CDF,LNU,OAT HILL MINE,00000000,"Fri, 03 Oct 1952 07:00:00 GMT",,14.0,,1.0,2666.577,,,,00000127,,1950-1959,1,38.65,-122.53,,,,,,,,,,,,,
38.6529,-122.0246,310.3,2020-12-08,2125,70,295.5,D,2020-12-08 21:25:00,,,,,,,,,,,,,,,,,,,,,0,38.65,-122.02,,,,,,,,,,,,,
38.6605,-121.385,322.1,2020-05-04,1909,65,309.2,D,2020-05-04 19:09:00,,,,,,,,,,,,,,,,,,,,,0,38.66,-121.38,,,,,,,,,,,,,
38.6658,-122.8363,302.1,2020-11-30,1856,51,286.8,D,2020-11-30 18:56:00,,,,,,,,,,,,,,,,,,,,,0,38.67,-122.84,,,,,,,,,,,,,
38.6693,-122.4119,347.7,2020-08-19,1850,81,296.0,D,2020-08-19 18:50:00,1536.0,1538.0,2020.0,CA,CDF,LNU,HENNESSEY,00013337,"Mon, 17 Aug 2020 07:00:00 GMT","Wed, 16 Sep 2020 07:00:00 GMT",1.0,7.0,1.0,305351.9,Markley (caused by arson) merged with Hennessey,LNU LIGHTNING COMPLEX,{AB8C9F13-A691-48C7-8BF6-3A4A5946F0EF},,{3B9A40DB-C6B6-415D-9746-A277C562972C},2020-January 2025,1,38.67,-122.41,,,,,,,,,,,,,
38.6845,-122.5811,358.8,2020-08-24,2048,99,303.8,D,2020-08-24 20:48:00,,,,,,,,,,,,,,,,,,,,,0,38.68,-122.58,,,,,,,,,,,,,
38.6807,-122.5126,338.0,2020-08-19,1850,85,311.1,D,2020-08-19 18:50:00,1536.0,1538.0,2020.0,CA,CDF,LNU,HENNESSEY,00013337,"Mon, 17 Aug 2020 07:00:00 GMT","Wed, 16 Sep 2020 07:00:00 GMT",1.0,7.0,1.0,305351.9,Markley (caused by arson) merged with Hennessey,LNU LIGHTNING COMPLEX,{AB8C9F13-A691-48C7-8BF6-3A4A5946F0EF},,{3B9A40DB-C6B6-415D-9746-A277C562972C},2020-January 2025,1,38.68,-122.51,,,,,,,,,,,,,
38.6817,-122.1572,324.1,2020-08-20,0555,100,297.8,N,2020-08-20 05:55:00,1536.0,1538.0,2020.0,CA,CDF,LNU,HENNESSEY,00013337,"Mon, 17 Aug 2020 07:00:00 GMT","Wed, 16 Sep 2020 07:00:00 GMT",1.0,7.0,1.0,305351.9,Markley (caused by arson) merged with Hennessey,LNU LIGHTNING COMPLEX,{AB8C9F13-A691-48C7-8BF6-3A4A5946F0EF},,{3B9A40DB-C6B6-415D-9746-A277C562972C},2020-January 2025,1,38.68,-122.16,,,,,,,,,,,,,
38.6817,-122.1572,324.1,2020-08-20,0555,100,297.8,N,2020-08-20 05:55:00,2358.0,2360.0,2018.0,CA,CDF,LNU,COUNTY,00009502,"Sat, 30 Jun 2018 07:00:00 GMT","Wed, 11 Jul 2018 07:00:00 GMT",14.0,2.0,1.0,89831.15,,,{CCE570A7-083A-4BDB-9D53-FB97A6125D8E},,,2010-2019,1,38.68,-122.16,,,,,,,,,,,,,
38.6871,-123.0767,310.7,2020-08-21,0638,72,292.1,N,2020-08-21 06:38:00,1547.0,1549.0,2020.0,CA,CDF,LNU,WALBRIDGE,00013392,"Mon, 17 Aug 2020 07:00:00 GMT","Fri, 11 Sep 2020 07:00:00 GMT",1.0,7.0,1.0,55208.94,,LNU LIGHTNING COMPLEX,{2A5481B2-B479-4124-81B0-5463F9D16A17},,{2A5481B2-B479-4124-81B0-5463F9D16A17},2020-January 2025,1,38.69,-123.08,,,,,,,,,,,,,
38.6871,-123.0767,310.7,2020-08-21,0638,72,292.1,N,2020-08-21 06:38:00,11144.0,11146.0,1986.0,CA,CDF,SNU,WILLOW SPRINGS,00001154,"Mon, 03 Nov 1986 08:00:00 GMT",,14.0,,1.0,298.7354,,,,00000252,,1980-1989,0,38.69,-123.08,,,,,,,,,,,,,
38.6871,-123.0767,310.7,2020-08-21,0638,72,292.1,N,2020-08-21 06:38:00,18156.0,18158.0,1944.0,CA,CDF,SNU, ,00000000,,,14.0,,,7597.609,,,,00000000,,1950-1959,1,38.69,-123.08,,,,,,,,,,,,,
38.7016,-122.0321,307.2,2020-11-15,2119,65,294.5,D,2020-11-15 21:19:00,,,,,,,,,,,,,,,,,,,,,0,38.7,-122.03,,,,,,,,,,,,,
38.7099,-122.8631,316.1,2020-12-31,2131,76,285.8,D,2020-12-31 21:31:00,2036.0,2038.0,2019.0,CA,CDF,LNU,KINCADE,00019376,"Wed, 23 Oct 2019 07:00:00 GMT","Sun, 10 Nov 2019 08:00:00 GMT",11.0,1.0,1.0,77762.14,,,{FE8285DB-86DE-4F8C-B54E-3FE4A9F2182A},,,2010-2019,1,38.71,-122.86,,,,,,,,,,,,,
38.7105,-122.4079,349.7,2020-08-23,2143,94,314.8,D,2020-08-23 21:43:00,1536.0,1538.0,2020.0,CA,CDF,LNU,HENNESSEY,00013337,"Mon, 17 Aug 2020 07:00:00 GMT","Wed, 16 Sep 2020 07:00:00 GMT",1.0,7.0,1.0,305351.9,Markley (caused by arson) merged with Hennessey,LNU LIGHTNING COMPLEX,{AB8C9F13-A691-48C7-8BF6-3A4A5946F0EF},,{3B9A40DB-C6B6-415D-9746-A277C562972C},2020-January 2025,1,38.71,-122.41,,,,,,,,,,,,,
38.7236,-121.9923,310.7,2020-04-01,2143,50,299.6,D,2020-04-01 21:43:00,,,,,,,,,,,,,,,,,,,,,0,38.72,-121.99,,,,,,,,,,,,,
38.7162,-121.9915,312.7,2020-10-30,2119,34,302.2,D,2020-10-30 21:19:00,,,,,,,,,,,,,,,,,,,,,0,38.72,-121.99,,,,,,,,,,,,,
38.7183,-121.7479,302.7,2020-02-15,2131,45,283.2,D,2020-02-15 21:31:00,,,,,,,,,,,,,,,,,,,,,0,38.72,-121.75,,,,,,,,,,,,,
38.7411,-122.3699,332.5,2020-08-23,1826,82,302.6,D,2020-08-23 18:26:00,1536.0,1538.0,2020.0,CA,CDF,LNU,HENNESSEY,00013337,"Mon, 17 Aug 2020 07:00:00 GMT","Wed, 16 Sep 2020 07:00:00 GMT",1.0,7.0,1.0,305351.9,Markley (caused by arson) merged with Hennessey,LNU LIGHTNING COMPLEX,{AB8C9F13-A691-48C7-8BF6-3A4A5946F0EF},,{3B9A40DB-C6B6-415D-9746-A277C562972C},2020-January 2025,1,38.74,-122.37,,,,,,,,,,,,,
38.739,-121.9586,305.1,2020-02-05,1915,61,288.8,D,2020-02-05 19:15:00,,,,,,,,,,,,,,,,,,,,,0,38.74,-121.96,,,,,,,,,,,,,
38.7518,-121.9607,322.4,2020-03-04,2119,78,304.1,D,2020-03-04 21:19:00,,,,,,,,,,,,,,,,,,,,,0,38.75,-121.96,,,,,,,,,,,,,
38.7592,-122.1546,315.1,2020-02-08,2125,75,292.9,D,2020-02-08 21:25:00,,,,,,,,,,,,,,,,,,,,,0,38.76,-122.15,,,,,,,,,,,,,
38.7608,-122.1425,321.8,2020-02-08,2125,81,294.1,D,2020-02-08 21:25:00,,,,,,,,,,,,,,,,,,,,,0,38.76,-122.14,,,,,,,,,,,,,
38.759,-121.6883,335.5,2020-08-04,2113,75,311.2,D,2020-08-04 21:13:00,,,,,,,,,,,,,,,,,,,,,0,38.76,-121.69,,,,,,,,,,,,,
38.7704,-122.422,334.5,2020-08-24,2048,85,307.0,D,2020-08-24 20:48:00,14915.0,14917.0,1966.0,CA,CDF,LNU,JERICHO,00000000,"Sat, 06 Aug 1966 07:00:00 GMT",,14.0,,1.0,2677.191,,,,00000137,,1960-1969,1,38.77,-122.42,,,,,,,,,,,,,
38.7763,-120.5224,305.1,2020-01-13,2048,24,277.6,D,2020-01-13 20:48:00,4055.0,4057.0,2014.0,CA,USF,ENF,KING,023461,"Sat, 13 Sep 2014 07:00:00 GMT","Fri, 10 Oct 2014 07:00:00 GMT",7.0,3.0,1.0,97684.55,<Null>,,{F678E364-6462-4AB5-8830-EEAEE80F6653},,,2010-2019,1,38.78,-120.52,,,,,,,,,,,,,
38.7763,-120.5224,305.1,2020-01-13,2048,24,277.6,D,2020-01-13 20:48:00,15721.0,15723.0,1959.0,CA,USF,ENF,ICE HOUSE(USFS #8),00000000,"Thu, 29 Oct 1959 08:00:00 GMT",,14.0,,1.0,19099.35,,,,00000000,,1950-1959,1,38.78,-120.52,,,,,,,,,,,,,
38.7874,-122.6185,311.9,2020-03-05,2202,51,296.9,D,2020-03-05 22:02:00,3741.0,3743.0,2015.0,CA,CDF,LNU,VALLEY ,008670,"Sat, 12 Sep 2015 07:00:00 GMT","Tue, 06 Oct 2015 07:00:00 GMT",14.0,3.0,1.0,76084.84, $59 Million(Cost),,{1ECD4627-2DD5-44C6-AFD3-CD12F6C69AC5},,,2010-2019,1,38.79,-122.62,,,,,,,,,,,,,
38.7874,-122.6185,311.9,2020-03-05,2202,51,296.9,D,2020-03-05 22:02:00,17780.0,17782.0,1947.0,CA,CDF,LNU, ,00000000,,,14.0,,1.0,6398.842,,,,00000097,,1950-1959,1,38.79,-122.62,,,,,,,,,,,,,
38.791,-122.0105,301.7,2020-01-30,2131,48,290.1,D,2020-01-30 21:31:00,,,,,,,,,,,,,,,,,,,,,0,38.79,-122.01,,,,,,,,,,,,,
38.8022,-122.331,361.6,2020-08-19,1850,0,304.8,D,2020-08-19 18:50:00,8370.0,8372.0,1999.0,CA,CDF,LNU,SIXTEEN,00006445,"Sat, 16 Oct 1999 07:00:00 GMT",,7.0,,1.0,37893.11,,,,00000000,,1990-1999,1,38.8,-122.33,,,,,,,,,,,,,
38.8001,-122.0037,311.8,2020-02-05,2054,72,289.7,D,2020-02-05 20:54:00,,,,,,,,,,,,,,,,,,,,,0,38.8,-122.0,,,,,,,,,,,,,
38.7981,-121.6971,318.1,2020-04-03,2131,59,304.9,D,2020-04-03 21:31:00,,,,,,,,,,,,,,,,,,,,,0,38.8,-121.7,,,,,,,,,,,,,
38.806,-121.989,321.3,2020-04-16,2101,76,307.9,D,2020-04-16 21:01:00,,,,,,,,,,,,,,,,,,,,,0,38.81,-121.99,,,,,,,,,,,,,
38.8212,-120.6131,334.4,2020-02-05,2054,89,285.0,D,2020-02-05 20:54:00,4055.0,4057.0,2014.0,CA,USF,ENF,KING,023461,"Sat, 13 Sep 2014 07:00:00 GMT","Fri, 10 Oct 2014 07:00:00 GMT",7.0,3.0,1.0,97684.55,<Null>,,{F678E364-6462-4AB5-8830-EEAEE80F6653},,,2010-2019,1,38.82,-120.61,,,,,,,,,,,,,
38.8212,-120.6131,334.4,2020-02-05,2054,89,285.0,D,2020-02-05 20:54:00,15586.0,15588.0,1960.0,CA,USF,ENF, ,00000000,,,9.0,,1.0,11212.52,,,,00000089,,1960-1969,1,38.82,-120.61,,,,,,,,,,,,,
38.8212,-120.6131,334.4,2020-02-05,2054,89,285.0,D,2020-02-05 20:54:00,15731.0,15733.0,1959.0,CA,CDF,AEU,CAMP 7,00000000,"Thu, 29 Oct 1959 08:00:00 GMT",,14.0,,1.0,10225.66,,,,00000174,,1950-1959,1,38.82,-120.61,,,,,,,,,,,,,
38.8234,-119.5452,329.2,2020-07-08,0613,80,290.2,N,2020-07-08 06:13:00,,,,,,,,,,,,,,,,,,,,,0,38.82,-119.55,,,,,,,,,,,,,
38.8227,-119.5141,313.6,2020-07-08,0613,47,286.8,N,2020-07-08 06:13:00,,,,,,,,,,,,,,,,,,,,,0,38.82,-119.51,,,,,,,,,,,,,
38.8334,-120.473,326.4,2020-03-06,1928,84,290.1,D,2020-03-06 19:28:00,4055.0,4057.0,2014.0,CA,USF,ENF,KING,023461,"Sat, 13 Sep 2014 07:00:00 GMT","Fri, 10 Oct 2014 07:00:00 GMT",7.0,3.0,1.0,97684.55,<Null>,,{F678E364-6462-4AB5-8830-EEAEE80F6653},,,2010-2019,1,38.83,-120.47,,,,,,,,,,,,,
38.8285,-119.5666,334.1,2020-07-08,1813,69,310.2,D,2020-07-08 18:13:00,,,,,,,,,,,,,,,,,,,,,0,38.83,-119.57,,,,,,,,,,,,,
38.8273,-119.5481,308.3,2020-07-08,1027,50,281.4,N,2020-07-08 10:27:00,,,,,,,,,,,,,,,,,,,,,0,38.83,-119.55,,,,,,,,,,,,,
38.8285,-119.5216,361.8,2020-07-08,2131,95,317.8,D,2020-07-08 21:31:00,,,,,,,,,,,,,,,,,,,,,0,38.83,-119.52,,,,,,,,,,,,,
38.8379,-119.5908,361.9,2020-07-07,1909,100,314.9,D,2020-07-07 19:09:00,,,,,,,,,,,,,,,,,,,,,0,38.84,-119.59,,,,,,,,,,,,,
38.8506,-121.8829,314.6,2020-11-15,2119,75,292.5,D,2020-11-15 21:19:00,,,,,,,,,,,,,,,,,,,,,0,38.85,-121.88,,,,,,,,,,,,,
38.8516,-121.7206,335.5,2020-11-27,2143,90,295.8,D,2020-11-27 21:43:00,,,,,,,,,,,,,,,,,,,,,0,38.85,-121.72,,,,,,,,,,,,,
38.8601,-122.9986,306.9,2020-02-22,2137,54,294.1,D,2020-02-22 21:37:00,,,,,,,,,,,,,,,,,,,,,0,38.86,-123.0,,,,,,,,,,,,,
38.857,-120.5695,340.6,2020-03-06,2107,92,295.3,D,2020-03-06 21:07:00,4055.0,4057.0,2014.0,CA,USF,ENF,KING,023461,"Sat, 13 Sep 2014 07:00:00 GMT","Fri, 10 Oct 2014 07:00:00 GMT",7.0,3.0,1.0,97684.55,<Null>,,{F678E364-6462-4AB5-8830-EEAEE80F6653},,,2010-2019,1,38.86,-120.57,,,,,,,,,,,,,
38.857,-120.5695,340.6,2020-03-06,2107,92,295.3,D,2020-03-06 21:07:00,20648.0,20650.0,1924.0,CA,USF,ENF, ,00000000,,,14.0,,1.0,700.8752,,,,000064G1,,1950-1959,1,38.86,-120.57,,,,,,,,,,,,,
38.8624,-119.5402,302.0,2020-06-25,0644,46,285.8,N,2020-06-25 06:44:00,,,,,,,,,,,,,,,,,,,,,0,38.86,-119.54,,,,,,,,,,,,,
38.8721,-120.5707,305.4,2020-02-20,2150,52,291.5,D,2020-02-20 21:50:00,4055.0,4057.0,2014.0,CA,USF,ENF,KING,023461,"Sat, 13 Sep 2014 07:00:00 GMT","Fri, 10 Oct 2014 07:00:00 GMT",7.0,3.0,1.0,97684.55,<Null>,,{F678E364-6462-4AB5-8830-EEAEE80F6653},,,2010-2019,1,38.87,-120.57,,,,,,,,,,,,,
38.8711,-119.5391,378.7,2020-06-24,2119,100,310.1,D,2020-06-24 21:19:00,,,,,,,,,,,,,,,,,,,,,0,38.87,-119.54,,,,,,,,,,,,,
38.8773,-119.5721,434.1,2020-07-07,1909,100,334.9,D,2020-07-07 19:09:00,,,,,,,,,,,,,,,,,,,,,0,38.88,-119.57,,,,,,,,,,,,,
38.8949,-120.7748,348.4,2020-02-26,2113,95,296.3,D,2020-02-26 21:13:00,17789.0,17791.0,1947.0,CA,USF,ENF, ,00000000,,,14.0,,1.0,2834.958,,,,00000000,,1950-1959,1,38.89,-120.77,,,,,,,,,,,,,
38.8949,-120.551,352.5,2020-02-17,2119,97,298.0,D,2020-02-17 21:19:00,4055.0,4057.0,2014.0,CA,USF,ENF,KING,023461,"Sat, 13 Sep 2014 07:00:00 GMT","Fri, 10 Oct 2014 07:00:00 GMT",7.0,3.0,1.0,97684.55,<Null>,,{F678E364-6462-4AB5-8830-EEAEE80F6653},,,2010-2019,1,38.89,-120.55,,,,,,,,,,,,,
38.8882,-119.5912,336.5,2020-07-07,0944,80,292.3,N,2020-07-07 09:44:00,,,,,,,,,,,,,,,,,,,,,0,38.89,-119.59,,,,,,,,,,,,,
38.9037,-122.9324,315.1,2020-04-26,2137,58,299.5,D,2020-04-26 21:37:00,17551.0,17553.0,1949.0,CA,CDF,LNU, ,00000000,,,14.0,,1.0,5664.563,,,,00000070,,1950-1959,1,38.9,-122.93,,,,,,,,,,,,,
38.8968,-122.9255,312.6,2020-04-26,2137,30,300.3,D,2020-04-26 21:37:00,17551.0,17553.0,1949.0,CA,CDF,LNU, ,00000000,,,14.0,,1.0,5664.563,,,,00000070,,1950-1959,1,38.9,-122.93,,,,,,,,,,,,,
38.9002,-120.6169,301.2,2020-02-28,1922,37,269.6,D,2020-02-28 19:22:00,,,,,,,,,,,,,,,,,,,,,0,38.9,-120.62,,,,,,,,,,,,,
38.9078,-122.7936,304.4,2020-12-21,2054,59,286.7,D,2020-12-21 20:54:00,,,,,,,,,,,,,,,,,,,,,0,38.91,-122.79,,,,,,,,,,,,,
38.9068,-122.0659,300.8,2020-12-18,1844,41,284.2,D,2020-12-18 18:44:00,,,,,,,,,,,,,,,,,,,,,0,38.91,-122.07,,,,,,,,,,,,,
38.9185,-122.7225,301.9,2020-02-19,1928,40,291.0,D,2020-02-19 19:28:00,,,,,,,,,,,,,,,,,,,,,0,38.92,-122.72,,,,,,,,,,,,,
38.9229,-122.7207,306.2,2020-02-19,2107,63,292.4,D,2020-02-19 21:07:00,17328.0,17330.0,1950.0,CA,CDF,LNU,SEIGLER CANYON,00000000,"Sun, 03 Sep 1950 07:00:00 GMT",,14.0,,1.0,7242.522,,,,00000070,,1950-1959,1,38.92,-122.72,,,,,,,,,,,,,
38.9215,-122.0281,306.6,2020-02-25,1851,64,295.0,D,2020-02-25 18:51:00,,,,,,,,,,,,,,,,,,,,,0,38.92,-122.03,,,,,,,,,,,,,
38.9262,-122.6002,353.3,2020-07-12,2107,96,325.1,D,2020-07-12 21:07:00,,,,,,,,,,,,,,,,,,,,,0,38.93,-122.6,,,,,,,,,,,,,
38.9338,-121.4251,302.4,2020-11-26,2100,26,288.3,D,2020-11-26 21:00:00,,,,,,,,,,,,,,,,,,,,,0,38.93,-121.43,,,,,,,,,,,,,
38.9384,-122.7409,324.9,2020-05-05,2131,74,305.5,D,2020-05-05 21:31:00,,,,,,,,,,,,,,,,,,,,,0,38.94,-122.74,,,,,,,,,,,,,
38.9371,-122.7176,310.0,2020-05-05,1951,51,297.5,D,2020-05-05 19:51:00,,,,,,,,,,,,,,,,,,,,,0,38.94,-122.72,,,,,,,,,,,,,
38.9439,-122.1058,316.6,2020-12-09,2030,77,288.8,D,2020-12-09 20:30:00,,,,,,,,,,,,,,,,,,,,,0,38.94,-122.11,,,,,,,,,,,,,
38.9408,-122.1039,322.3,2020-12-04,2149,82,292.6,D,2020-12-04 21:49:00,,,,,,,,,,,,,,,,,,,,,0,38.94,-122.1,,,,,,,,,,,,,
38.9441,-121.4073,313.1,2020-11-26,1921,63,285.8,D,2020-11-26 19:21:00,,,,,,,,,,,,,,,,,,,,,0,38.94,-121.41,,,,,,,,,,,,,
38.9504,-121.5343,331.6,2020-06-19,1921,81,311.8,D,2020-06-19 19:21:00,,,,,,,,,,,,,,,,,,,,,0,38.95,-121.53,,,,,,,,,,,,,
38.9476,-121.519,325.9,2020-06-19,1921,66,308.2,D,2020-06-19 19:21:00,,,,,,,,,,,,,,,,,,,,,0,38.95,-121.52,,,,,,,,,,,,,
38.9717,-122.0435,301.3,2020-11-30,1856,46,288.5,D,2020-11-30 18:56:00,,,,,,,,,,,,,,,,,,,,,0,38.97,-122.04,,,,,,,,,,,,,
38.974,-121.445,323.1,2020-05-20,1909,78,299.9,D,2020-05-20 19:09:00,,,,,,,,,,,,,,,,,,,,,0,38.97,-121.44,,,,,,,,,,,,,
38.9839,-122.0904,301.4,2020-11-07,1850,47,279.3,D,2020-11-07 18:50:00,,,,,,,,,,,,,,,,,,,,,0,38.98,-122.09,,,,,,,,,,,,,
38.9823,-122.0764,307.2,2020-11-07,1850,65,277.4,D,2020-11-07 18:50:00,,,,,,,,,,,,,,,,,,,,,0,38.98,-122.08,,,,,,,,,,,,,
38.9809,-122.051,314.2,2020-11-27,2143,74,291.4,D,2020-11-27 21:43:00,,,,,,,,,,,,,,,,,,,,,0,38.98,-122.05,,,,,,,,,,,,,
38.9835,-122.0372,305.4,2020-11-22,1945,61,289.2,D,2020-11-22 19:45:00,,,,,,,,,,,,,,,,,,,,,0,38.98,-122.04,,,,,,,,,,,,,
38.984,-122.0296,306.6,2020-10-31,1844,37,295.8,D,2020-10-31 18:44:00,,,,,,,,,,,,,,,,,,,,,0,38.98,-122.03,,,,,,,,,,,,,
38.9849,-122.0314,304.9,2020-11-22,1945,60,289.1,D,2020-11-22 19:45:00,,,,,,,,,,,,,,,,,,,,,0,38.98,-122.03,,,,,,,,,,,,,
38.9839,-122.0334,305.2,2020-11-24,1933,59,290.8,D,2020-11-24 19:33:00,,,,,,,,,,,,,,,,,,,,,0,38.98,-122.03,,,,,,,,,,,,,
38.9862,-122.0482,305.7,2020-11-25,1838,62,286.9,D,2020-11-25 18:38:00,,,,,,,,,,,,,,,,,,,,,0,38.99,-122.05,,,,,,,,,,,,,
38.9921,-122.0306,307.9,2020-12-17,2119,66,287.4,D,2020-12-17 21:19:00,,,,,,,,,,,,,,,,,,,,,0,38.99,-122.03,,,,,,,,,,,,,
38.9853,-122.0276,302.3,2020-12-23,1902,51,284.6,D,2020-12-23 19:02:00,,,,,,,,,,,,,,,,,,,,,0,38.99,-122.03,,,,,,,,,,,,,
38.995,-121.5726,300.4,2020-12-22,2137,36,287.3,D,2020-12-22 21:37:00,,,,,,,,,,,,,,,,,,,,,0,38.99,-121.57,,,,,,,,,,,,,
38.9856,-121.4778,332.6,2020-06-01,2113,82,305.1,D,2020-06-01 21:13:00,,,,,,,,,,,,,,,,,,,,,0,38.99,-121.48,,,,,,,,,,,,,
38.9889,-121.455,323.0,2020-06-01,2113,44,304.2,D,2020-06-01 21:13:00,,,,,,,,,,,,,,,,,,,,,0,38.99,-121.46,,,,,,,,,,,,,
38.9888,-121.4563,324.3,2020-06-03,1921,57,308.2,D,2020-06-03 19:21:00,,,,,,,,,,,,,,,,,,,,,0,38.99,-121.46,,,,,,,,,,,,,
39.0045,-122.8398,304.3,2020-02-17,1940,53,290.7,D,2020-02-17 19:40:00,,,,,,,,,,,,,,,,,,,,,0,39.0,-122.84,,,,,,,,,,,,,
38.996,-122.0147,317.6,2020-06-01,1933,57,301.7,D,2020-06-01 19:33:00,,,,,,,,,,,,,,,,,,,,,0,39.0,-122.01,,,,,,,,,,,,,
39.0128,-122.8674,304.3,2020-02-25,2030,0,292.8,D,2020-02-25 20:30:00,,,,,,,,,,,,,,,,,,,,,0,39.01,-122.87,,,,,,,,,,,,,
39.0073,-122.831,335.1,2020-04-30,1933,83,302.4,D,2020-04-30 19:33:00,,,,,,,,,,,,,,,,,,,,,0,39.01,-122.83,,,,,,,,,,,,,
39.0069,-121.619,305.8,2020-11-14,1856,62,282.6,D,2020-11-14 18:56:00,,,,,,,,,,,,,,,,,,,,,0,39.01,-121.62,,,,,,,,,,,,,
39.0117,-121.3976,303.2,2020-01-30,2131,55,290.1,D,2020-01-30 21:31:00,,,,,,,,,,,,,,,,,,,,,0,39.01,-121.4,,,,,,,,,,,,,
39.0136,-121.3783,313.2,2020-05-21,1951,66,298.4,D,2020-05-21 19:51:00,,,,,,,,,,,,,,,,,,,,,0,39.01,-121.38,,,,,,,,,,,,,
39.0236,-122.1273,301.5,2020-02-15,0614,42,278.9,N,2020-02-15 06:14:00,,,,,,,,,,,,,,,,,,,,,0,39.02,-122.13,,,,,,,,,,,,,
39.0161,-121.4058,310.5,2020-03-13,2113,63,298.6,D,2020-03-13 21:13:00,,,,,,,,,,,,,,,,,,,,,0,39.02,-121.41,,,,,,,,,,,,,
39.0205,-121.4021,317.7,2020-03-11,2125,74,298.6,D,2020-03-11 21:25:00,,,,,,,,,,,,,,,,,,,,,0,39.02,-121.4,,,,,,,,,,,,,
39.022,-121.3976,318.7,2020-03-12,1851,77,299.0,D,2020-03-12 18:51:00,,,,,,,,,,,,,,,,,,,,,0,39.02,-121.4,,,,,,,,,,,,,
39.0159,-121.3987,334.8,2020-05-27,1915,83,311.1,D,2020-05-27 19:15:00,,,,,,,,,,,,,,,,,,,,,0,39.02,-121.4,,,,,,,,,,,,,
39.0157,-121.3769,322.3,2020-04-17,2144,81,299.2,D,2020-04-17 21:44:00,,,,,,,,,,,,,,,,,,,,,0,39.02,-121.38,,,,,,,,,,,,,
39.0239,-121.3805,312.6,2020-05-21,1951,61,299.0,D,2020-05-21 19:51:00,,,,,,,,,,,,,,,,,,,,,0,39.02,-121.38,,,,,,,,,,,,,
39.0236,-121.3676,310.5,2020-04-15,1838,26,286.0,D,2020-04-15 18:38:00,,,,,,,,,,,,,,,,,,,,,0,39.02,-121.37,,,,,,,,,,,,,
39.0245,-121.3642,323.7,2020-03-27,2125,82,292.6,D,2020-03-27 21:25:00,,,,,,,,,,,,,,,,,,,,,0,39.02,-121.36,,,,,,,,,,,,,
39.0164,-121.354,314.3,2020-04-16,1921,48,302.1,D,2020-04-16 19:21:00,,,,,,,,,,,,,,,,,,,,,0,39.02,-121.35,,,,,,,,,,,,,
39.0175,-121.3541,315.6,2020-04-17,2144,72,297.4,D,2020-04-17 21:44:00,,,,,,,,,,,,,,,,,,,,,0,39.02,-121.35,,,,,,,,,,,,,
39.0297,-121.3668,301.7,2020-03-27,1946,49,285.9,D,2020-03-27 19:46:00,,,,,,,,,,,,,,,,,,,,,0,39.03,-121.37,,,,,,,,,,,,,
39.0439,-122.6256,313.1,2020-03-10,1903,71,293.2,D,2020-03-10 19:03:00,,,,,,,,,,,,,,,,,,,,,0,39.04,-122.63,,,,,,,,,,,,,
39.0407,-121.7079,313.3,2020-03-27,2125,69,297.6,D,2020-03-27 21:25:00,,,,,,,,,,,,,,,,,,,,,0,39.04,-121.71,,,,,,,,,,,,,
39.0438,-121.4171,324.8,2020-11-05,2042,80,299.3,D,2020-11-05 20:42:00,,,,,,,,,,,,,,,,,,,,,0,39.04,-121.42,,,,,,,,,,,,,
39.0504,-123.3058,317.8,2020-05-09,2107,46,301.6,D,2020-05-09 21:07:00,,,,,,,,,,,,,,,,,,,,,0,39.05,-123.31,,,,,,,,,,,,,
39.0513,-121.5546,341.9,2020-05-30,2125,86,302.2,D,2020-05-30 21:25:00,,,,,,,,,,,,,,,,,,,,,0,39.05,-121.55,,,,,,,,,,,,,
39.0582,-122.9476,304.2,2020-01-02,1927,58,283.6,D,2020-01-02 19:27:00,17344.0,17346.0,1950.0,CA,CDF,LNU,PUBLIC DOMAIN #2,00000000,"Wed, 30 Aug 1950 07:00:00 GMT",,14.0,,1.0,4616.32,,,,00000063,,1950-1959,1,39.06,-122.95,,,,,,,,,,,,,
39.0663,-123.2933,348.4,2020-05-07,2119,93,306.2,D,2020-05-07 21:19:00,,,,,,,,,,,,,,,,,,,,,0,39.07,-123.29,,,,,,,,,,,,,
39.068,-123.2817,356.5,2020-05-07,2119,98,302.5,D,2020-05-07 21:19:00,,,,,,,,,,,,,,,,,,,,,0,39.07,-123.28,,,,,,,,,,,,,
39.0808,-122.1803,300.4,2020-01-02,2106,35,287.8,D,2020-01-02 21:06:00,,,,,,,,,,,,,,,,,,,,,0,39.08,-122.18,,,,,,,,,,,,,
39.0839,-121.4718,335.5,2020-03-12,1851,89,297.9,D,2020-03-12 18:51:00,,,,,,,,,,,,,,,,,,,,,0,39.08,-121.47,,,,,,,,,,,,,
39.1096,-121.8955,320.7,2020-05-21,2131,72,304.6,D,2020-05-21 21:31:00,,,,,,,,,,,,,,,,,,,,,0,39.11,-121.9,,,,,,,,,,,,,
39.1099,-121.8639,306.6,2020-02-14,1909,64,276.3,D,2020-02-14 19:09:00,,,,,,,,,,,,,,,,,,,,,0,39.11,-121.86,,,,,,,,,,,,,
39.1192,-121.614,317.3,2020-04-11,1903,61,298.2,D,2020-04-11 19:03:00,,,,,,,,,,,,,,,,,,,,,0,39.12,-121.61,,,,,,,,,,,,,
39.1305,-121.94,335.0,2020-12-01,2119,89,295.1,D,2020-12-01 21:19:00,,,,,,,,,,,,,,,,,,,,,0,39.13,-121.94,,,,,,,,,,,,,
39.141,-122.6551,310.0,2020-12-29,2143,69,284.9,D,2020-12-29 21:43:00,2354.0,2356.0,2018.0,CA,CDF,LNU,RANCH,00008646,"Fri, 27 Jul 2018 07:00:00 GMT","Wed, 19 Sep 2018 07:00:00 GMT",9.0,7.0,1.0,410202.5,,MENDOCINO COMPLEX,{25B938AB-3047-4D7B-ADE3-FD752F156F7C},,{E5297875-5551-479A-B839-93B16FF4EE6E},2010-2019,1,39.14,-122.66,,,,,,,,,,,,,
39.141,-122.6551,310.0,2020-12-29,2143,69,284.9,D,2020-12-29 21:43:00,8991.0,8993.0,1996.0,CA,USF,MNF,FORK,00000000,"Sun, 11 Aug 1996 07:00:00 GMT","Sat, 07 Sep 1996 07:00:00 GMT",7.0,8.0,1.0,83056.95,,,,00000011,,1990-1999,1,39.14,-122.66,,,,,,,,,,,,,
39.141,-122.6551,310.0,2020-12-29,2143,69,284.9,D,2020-12-29 21:43:00,13799.0,13801.0,1973.0,CA,USF,MNF,BARKERVILLE,00000000,"Sat, 01 Sep 1973 07:00:00 GMT","Tue, 04 Sep 1973 07:00:00 GMT",9.0,8.0,1.0,26427.54,,,,00000061,,1970-1979,1,39.14,-122.66,,,,,,,,,,,,,
39.141,-122.6551,310.0,2020-12-29,2143,69,284.9,D,2020-12-29 21:43:00,17204.0,17206.0,1951.0,CA,CDF,LNU,RUPPERT RIDGE,00000000,"Sun, 19 Aug 1951 07:00:00 GMT",,14.0,,1.0,417.8421,,,,00000012,,1950-1959,0,39.14,-122.66,,,,,,,,,,,,,
39.1502,-122.6595,328.8,2020-12-29,1825,86,279.6,D,2020-12-29 18:25:00,2354.0,2356.0,2018.0,CA,CDF,LNU,RANCH,00008646,"Fri, 27 Jul 2018 07:00:00 GMT","Wed, 19 Sep 2018 07:00:00 GMT",9.0,7.0,1.0,410202.5,,MENDOCINO COMPLEX,{25B938AB-3047-4D7B-ADE3-FD752F156F7C},,{E5297875-5551-479A-B839-93B16FF4EE6E},2010-2019,1,39.15,-122.66,,,,,,,,,,,,,
39.1502,-122.6595,328.8,2020-12-29,1825,86,279.6,D,2020-12-29 18:25:00,8991.0,8993.0,1996.0,CA,USF,MNF,FORK,00000000,"Sun, 11 Aug 1996 07:00:00 GMT","Sat, 07 Sep 1996 07:00:00 GMT",7.0,8.0,1.0,83056.95,,,,00000011,,1990-1999,1,39.15,-122.66,,,,,,,,,,,,,
39.1609,-122.9173,301.7,2020-12-31,2131,48,283.6,D,2020-12-31 21:31:00,,,,,,,,,,,,,,,,,,,,,0,39.16,-122.92,,,,,,,,,,,,,
39.1644,-121.5384,331.5,2020-04-27,1903,85,302.1,D,2020-04-27 19:03:00,,,,,,,,,,,,,,,,,,,,,0,39.16,-121.54,,,,,,,,,,,,,
39.1678,-122.2511,306.7,2020-11-16,2024,48,281.8,D,2020-11-16 20:24:00,,,,,,,,,,,,,,,,,,,,,0,39.17,-122.25,,,,,,,,,,,,,
39.1697,-121.624,341.7,2020-07-01,2125,88,316.0,D,2020-07-01 21:25:00,,,,,,,,,,,,,,,,,,,,,0,39.17,-121.62,,,,,,,,,,,,,
39.1704,-121.6102,325.2,2020-05-08,1844,77,305.4,D,2020-05-08 18:44:00,,,,,,,,,,,,,,,,,,,,,0,39.17,-121.61,,,,,,,,,,,,,
39.1784,-123.058,319.5,2020-03-13,2113,70,291.2,D,2020-03-13 21:13:00,,,,,,,,,,,,,,,,,,,,,0,39.18,-123.06,,,,,,,,,,,,,
39.1831,-122.2545,316.6,2020-11-16,2024,77,282.4,D,2020-11-16 20:24:00,,,,,,,,,,,,,,,,,,,,,0,39.18,-122.25,,,,,,,,,,,,,
39.1804,-121.6288,322.7,2020-06-30,2042,37,306.9,D,2020-06-30 20:42:00,,,,,,,,,,,,,,,,,,,,,0,39.18,-121.63,,,,,,,,,,,,,
39.1796,-121.6135,323.8,2020-08-08,1909,30,306.9,D,2020-08-08 19:09:00,,,,,,,,,,,,,,,,,,,,,0,39.18,-121.61,,,,,,,,,,,,,
39.1897,-123.1417,306.4,2020-02-11,2156,52,295.5,D,2020-02-11 21:56:00,9315.0,9317.0,1995.0,CA,CDF,MEU,GUNTLEY,00000000,"Thu, 05 Oct 1995 07:00:00 GMT",,14.0,,1.0,5186.788,,,,00000311,,1990-1999,1,39.19,-123.14,,,,,,,,,,,,,
39.1916,-121.6509,307.3,2020-11-06,2125,65,293.6,D,2020-11-06 21:25:00,,,,,,,,,,,,,,,,,,,,,0,39.19,-121.65,,,,,,,,,,,,,
39.2112,-121.6001,306.4,2020-11-10,2100,63,290.2,D,2020-11-10 21:00:00,,,,,,,,,,,,,,,,,,,,,0,39.21,-121.6,,,,,,,,,,,,,
39.2239,-122.2164,343.0,2020-12-10,2113,93,298.2,D,2020-12-10 21:13:00,,,,,,,,,,,,,,,,,,,,,0,39.22,-122.22,,,,,,,,,,,,,
39.2236,-122.0203,312.9,2020-04-19,1952,73,288.4,D,2020-04-19 19:52:00,,,,,,,,,,,,,,,,,,,,,0,39.22,-122.02,,,,,,,,,,,,,
39.2339,-123.0135,317.3,2020-02-22,2137,72,294.0,D,2020-02-22 21:37:00,2354.0,2356.0,2018.0,CA,CDF,LNU,RANCH,00008646,"Fri, 27 Jul 2018 07:00:00 GMT","Wed, 19 Sep 2018 07:00:00 GMT",9.0,7.0,1.0,410202.5,,MENDOCINO COMPLEX,{25B938AB-3047-4D7B-ADE3-FD752F156F7C},,{E5297875-5551-479A-B839-93B16FF4EE6E},2010-2019,1,39.23,-123.01,,,,,,,,,,,,,
39.2339,-123.0135,317.3,2020-02-22,2137,72,294.0,D,2020-02-22 21:37:00,20803.0,20805.0,1923.0,CA,USF,MNF,STREETER RIDGE,00000000,,,9.0,,1.0,14996.3,,,,00000049,,1950-1959,1,39.23,-123.01,,,,,,,,,,,,,
39.2276,-122.0155,342.8,2020-04-18,1909,80,295.6,D,2020-04-18 19:09:00,,,,,,,,,,,,,,,,,,,,,0,39.23,-122.02,,,,,,,,,,,,,
39.2342,-121.9248,305.1,2020-02-27,2156,34,292.4,D,2020-02-27 21:56:00,,,,,,,,,,,,,,,,,,,,,0,39.23,-121.92,,,,,,,,,,,,,
39.2417,-123.0024,308.3,2020-02-17,1940,67,287.2,D,2020-02-17 19:40:00,2354.0,2356.0,2018.0,CA,CDF,LNU,RANCH,00008646,"Fri, 27 Jul 2018 07:00:00 GMT","Wed, 19 Sep 2018 07:00:00 GMT",9.0,7.0,1.0,410202.5,,MENDOCINO COMPLEX,{25B938AB-3047-4D7B-ADE3-FD752F156F7C},,{E5297875-5551-479A-B839-93B16FF4EE6E},2010-2019,1,39.24,-123.0,,,,,,,,,,,,,
39.2417,-123.0024,308.3,2020-02-17,1940,67,287.2,D,2020-02-17 19:40:00,20803.0,20805.0,1923.0,CA,USF,MNF,STREETER RIDGE,00000000,,,9.0,,1.0,14996.3,,,,00000049,,1950-1959,1,39.24,-123.0,,,,,,,,,,,,,
39.237,-122.9808,315.3,2020-02-17,1940,76,288.4,D,2020-02-17 19:40:00,2354.0,2356.0,2018.0,CA,CDF,LNU,RANCH,00008646,"Fri, 27 Jul 2018 07:00:00 GMT","Wed, 19 Sep 2018 07:00:00 GMT",9.0,7.0,1.0,410202.5,,MENDOCINO COMPLEX,{25B938AB-3047-4D7B-ADE3-FD752F156F7C},,{E5297875-5551-479A-B839-93B16FF4EE6E},2010-2019,1,39.24,-122.98,,,,,,,,,,,,,
39.237,-122.9808,315.3,2020-02-17,1940,76,288.4,D,2020-02-17 19:40:00,17803.0,17805.0,1947.0,CA,CDF,LNU, ,00000000,,,14.0,,1.0,913.5476,,,,00000098,,1950-1959,1,39.24,-122.98,,,,,,,,,,,,,
39.2427,-121.8932,319.7,2020-04-21,1939,78,300.5,D,2020-04-21 19:39:00,,,,,,,,,,,,,,,,,,,,,0,39.24,-121.89,,,,,,,,,,,,,
39.2412,-121.4672,329.1,2020-04-28,2125,70,315.0,D,2020-04-28 21:25:00,,,,,,,,,,,,,,,,,,,,,0,39.24,-121.47,,,,,,,,,,,,,
39.2474,-122.9909,312.8,2020-02-27,1839,64,293.4,D,2020-02-27 18:39:00,2354.0,2356.0,2018.0,CA,CDF,LNU,RANCH,00008646,"Fri, 27 Jul 2018 07:00:00 GMT","Wed, 19 Sep 2018 07:00:00 GMT",9.0,7.0,1.0,410202.5,,MENDOCINO COMPLEX,{25B938AB-3047-4D7B-ADE3-FD752F156F7C},,{E5297875-5551-479A-B839-93B16FF4EE6E},2010-2019,1,39.25,-122.99,,,,,,,,,,,,,
39.2474,-122.9909,312.8,2020-02-27,1839,64,293.4,D,2020-02-27 18:39:00,20803.0,20805.0,1923.0,CA,USF,MNF,STREETER RIDGE,00000000,,,9.0,,1.0,14996.3,,,,00000049,,1950-1959,1,39.25,-122.99,,,,,,,,,,,,,
39.2499,-122.9941,319.2,2020-03-13,1934,79,291.4,D,2020-03-13 19:34:00,2354.0,2356.0,2018.0,CA,CDF,LNU,RANCH,00008646,"Fri, 27 Jul 2018 07:00:00 GMT","Wed, 19 Sep 2018 07:00:00 GMT",9.0,7.0,1.0,410202.5,,MENDOCINO COMPLEX,{25B938AB-3047-4D7B-ADE3-FD752F156F7C},,{E5297875-5551-479A-B839-93B16FF4EE6E},2010-2019,1,39.25,-122.99,,,,,,,,,,,,,
39.2499,-122.9941,319.2,2020-03-13,1934,79,291.4,D,2020-03-13 19:34:00,20803.0,20805.0,1923.0,CA,USF,MNF,STREETER RIDGE,00000000,,,9.0,,1.0,14996.3,,,,00000049,,1950-1959,1,39.25,-122.99,,,,,,,,,,,,,
39.2487,-122.9742,307.4,2020-02-17,1940,42,287.0,D,2020-02-17 19:40:00,2354.0,2356.0,2018.0,CA,CDF,LNU,RANCH,00008646,"Fri, 27 Jul 2018 07:00:00 GMT","Wed, 19 Sep 2018 07:00:00 GMT",9.0,7.0,1.0,410202.5,,MENDOCINO COMPLEX,{25B938AB-3047-4D7B-ADE3-FD752F156F7C},,{E5297875-5551-479A-B839-93B16FF4EE6E},2010-2019,1,39.25,-122.97,,,,,,,,,,,,,
39.2487,-122.9742,307.4,2020-02-17,1940,42,287.0,D,2020-02-17 19:40:00,22751.0,22753.0,,CA,USF,MNF, ,00000000,,,14.0,,1.0,678.7897,,,,00000000,,,1,39.25,-122.97,,,,,,,,,,,,,
39.2517,-122.2038,310.1,2020-02-13,2143,69,296.2,D,2020-02-13 21:43:00,,,,,,,,,,,,,,,,,,,,,0,39.25,-122.2,,,,,,,,,,,,,
39.2462,-121.1746,301.1,2020-12-24,2125,44,286.1,D,2020-12-24 21:25:00,10537.0,10539.0,1988.0,CA,CDF,NEU,49'ER,00004191,"Sun, 11 Sep 1988 07:00:00 GMT",,5.0,,1.0,36343.15,,,,00000920,,1980-1989,1,39.25,-121.17,,,,,,,,,,,,,
39.2565,-122.2123,303.1,2020-02-08,1946,55,290.9,D,2020-02-08 19:46:00,,,,,,,,,,,,,,,,,,,,,0,39.26,-122.21,,,,,,,,,,,,,
39.2585,-121.67,333.0,2020-07-02,1850,81,310.8,D,2020-07-02 18:50:00,,,,,,,,,,,,,,,,,,,,,0,39.26,-121.67,,,,,,,,,,,,,
39.2737,-122.2409,318.6,2020-02-15,2131,79,293.6,D,2020-02-15 21:31:00,,,,,,,,,,,,,,,,,,,,,0,39.27,-122.24,,,,,,,,,,,,,
39.2679,-121.6165,300.3,2020-01-02,2106,35,287.4,D,2020-01-02 21:06:00,,,,,,,,,,,,,,,,,,,,,0,39.27,-121.62,,,,,,,,,,,,,
39.2727,-121.4682,319.4,2020-03-22,2107,78,297.3,D,2020-03-22 21:07:00,,,,,,,,,,,,,,,,,,,,,0,39.27,-121.47,,,,,,,,,,,,,
39.2843,-121.832,304.1,2020-12-18,2202,58,287.6,D,2020-12-18 22:02:00,,,,,,,,,,,,,,,,,,,,,0,39.28,-121.83,,,,,,,,,,,,,
39.2784,-121.7687,300.2,2020-12-18,2024,31,284.9,D,2020-12-18 20:24:00,,,,,,,,,,,,,,,,,,,,,0,39.28,-121.77,,,,,,,,,,,,,
39.2826,-121.4777,306.6,2020-03-22,1927,64,293.7,D,2020-03-22 19:27:00,,,,,,,,,,,,,,,,,,,,,0,39.28,-121.48,,,,,,,,,,,,,
39.2891,-122.2499,315.3,2020-02-23,2042,68,288.8,D,2020-02-23 20:42:00,,,,,,,,,,,,,,,,,,,,,0,39.29,-122.25,,,,,,,,,,,,,
39.2863,-121.988,326.6,2020-04-17,2144,71,304.5,D,2020-04-17 21:44:00,,,,,,,,,,,,,,,,,,,,,0,39.29,-121.99,,,,,,,,,,,,,
39.2882,-121.9668,322.0,2020-04-17,2144,56,303.8,D,2020-04-17 21:44:00,,,,,,,,,,,,,,,,,,,,,0,39.29,-121.97,,,,,,,,,,,,,
39.2877,-121.7981,307.0,2020-12-12,2100,65,281.9,D,2020-12-12 21:00:00,,,,,,,,,,,,,,,,,,,,,0,39.29,-121.8,,,,,,,,,,,,,
39.2863,-121.7899,308.7,2020-12-18,2202,67,286.6,D,2020-12-18 22:02:00,,,,,,,,,,,,,,,,,,,,,0,39.29,-121.79,,,,,,,,,,,,,
39.3075,-121.6451,313.7,2020-03-12,1851,73,299.1,D,2020-03-12 18:51:00,,,,,,,,,,,,,,,,,,,,,0,39.31,-121.65,,,,,,,,,,,,,
39.3174,-121.6577,323.0,2020-06-03,1921,60,310.8,D,2020-06-03 19:21:00,,,,,,,,,,,,,,,,,,,,,0,39.32,-121.66,,,,,,,,,,,,,
39.3374,-123.2508,303.5,2020-12-28,1920,56,280.7,D,2020-12-28 19:20:00,2781.0,2783.0,2017.0,CA,CDF,LNU,REDWOOD VALLEY,00012172,"Sun, 08 Oct 2017 07:00:00 GMT","Wed, 25 Oct 2017 07:00:00 GMT",14.0,8.0,1.0,36522.95,Complex IRWIN ID not located,MENDOCINO LAKE COMPLEX,{A1C8250D-659A-4D05-AC6F-6A0445D0E237},,012169,2010-2019,1,39.34,-123.25,,,,,,,,,,,,,
39.3374,-123.2508,303.5,2020-12-28,1920,56,280.7,D,2020-12-28 19:20:00,17336.0,17338.0,1950.0,CA,CDF,MEU,N.W.P.RR #20A,00000000,"Sat, 02 Sep 1950 07:00:00 GMT",,14.0,,1.0,5185.083,,,,00000216,,1950-1959,1,39.34,-123.25,,,,,,,,,,,,,
39.3358,-123.2233,300.5,2020-03-26,1903,19,289.0,D,2020-03-26 19:03:00,2781.0,2783.0,2017.0,CA,CDF,LNU,REDWOOD VALLEY,00012172,"Sun, 08 Oct 2017 07:00:00 GMT","Wed, 25 Oct 2017 07:00:00 GMT",14.0,8.0,1.0,36522.95,Complex IRWIN ID not located,MENDOCINO LAKE COMPLEX,{A1C8250D-659A-4D05-AC6F-6A0445D0E237},,012169,2010-2019,1,39.34,-123.22,,,,,,,,,,,,,
39.339,-121.962,306.1,2020-11-11,2143,63,276.1,D,2020-11-11 21:43:00,,,,,,,,,,,,,,,,,,,,,0,39.34,-121.96,,,,,,,,,,,,,
39.3353,-121.7967,307.4,2020-11-27,2143,65,287.4,D,2020-11-27 21:43:00,,,,,,,,,,,,,,,,,,,,,0,39.34,-121.8,,,,,,,,,,,,,
39.3501,-122.237,339.8,2020-12-10,2113,92,298.2,D,2020-12-10 21:13:00,,,,,,,,,,,,,,,,,,,,,0,39.35,-122.24,,,,,,,,,,,,,
39.35,-121.9776,305.3,2020-02-14,1909,61,287.6,D,2020-02-14 19:09:00,,,,,,,,,,,,,,,,,,,,,0,39.35,-121.98,,,,,,,,,,,,,
39.3543,-121.9464,303.4,2020-11-29,2131,55,284.2,D,2020-11-29 21:31:00,,,,,,,,,,,,,,,,,,,,,0,39.35,-121.95,,,,,,,,,,,,,
39.3521,-121.7734,326.8,2020-11-12,2048,85,293.0,D,2020-11-12 20:48:00,,,,,,,,,,,,,,,,,,,,,0,39.35,-121.77,,,,,,,,,,,,,
39.359,-122.9463,327.7,2020-03-23,2150,61,283.0,D,2020-03-23 21:50:00,2354.0,2356.0,2018.0,CA,CDF,LNU,RANCH,00008646,"Fri, 27 Jul 2018 07:00:00 GMT","Wed, 19 Sep 2018 07:00:00 GMT",9.0,7.0,1.0,410202.5,,MENDOCINO COMPLEX,{25B938AB-3047-4D7B-ADE3-FD752F156F7C},,{E5297875-5551-479A-B839-93B16FF4EE6E},2010-2019,1,39.36,-122.95,,,,,,,,,,,,,
39.3556,-122.1507,303.4,2020-04-22,1844,38,275.7,D,2020-04-22 18:44:00,,,,,,,,,,,,,,,,,,,,,0,39.36,-122.15,,,,,,,,,,,,,
39.3589,-122.0584,353.7,2020-12-10,2113,92,295.6,D,2020-12-10 21:13:00,,,,,,,,,,,,,,,,,,,,,0,39.36,-122.06,,,,,,,,,,,,,
39.4,-122.2389,311.8,2020-11-07,2030,51,289.5,D,2020-11-07 20:30:00,,,,,,,,,,,,,,,,,,,,,0,39.4,-122.24,,,,,,,,,,,,,
39.3954,-121.6173,305.7,2020-12-01,2119,62,290.7,D,2020-12-01 21:19:00,,,,,,,,,,,,,,,,,,,,,0,39.4,-121.62,,,,,,,,,,,,,
39.4244,-122.0596,304.7,2020-12-02,2202,56,291.8,D,2020-12-02 22:02:00,,,,,,,,,,,,,,,,,,,,,0,39.42,-122.06,,,,,,,,,,,,,
39.4247,-121.387,328.9,2020-07-13,2150,61,309.4,D,2020-07-13 21:50:00,,,,,,,,,,,,,,,,,,,,,0,39.42,-121.39,,,,,,,,,,,,,
39.4307,-122.0381,317.1,2020-11-01,2107,72,303.7,D,2020-11-01 21:07:00,,,,,,,,,,,,,,,,,,,,,0,39.43,-122.04,,,,,,,,,,,,,
39.4378,-122.0379,307.5,2020-11-15,2119,65,293.0,D,2020-11-15 21:19:00,,,,,,,,,,,,,,,,,,,,,0,39.44,-122.04,,,,,,,,,,,,,
39.4624,-122.9273,419.2,2020-09-22,2156,94,308.4,D,2020-09-22 21:56:00,1532.0,1534.0,2020.0,CA,USF,MNF,AUGUST COMPLEX,00000753,"Sun, 16 Aug 2020 07:00:00 GMT","Wed, 11 Nov 2020 08:00:00 GMT",1.0,3.0,1.0,1032700.0,,AUGUST COMPLEX,{EE343B88-0ADB-4C25-B744-6B4CE9DCC6DA},,{EE343B88-0ADB-4C25-B744-6B4CE9DCC6DA},2020-January 2025,1,39.46,-122.93,,,,,,,,,,,,,
39.4624,-122.9273,419.2,2020-09-22,2156,94,308.4,D,2020-09-22 21:56:00,18148.0,18150.0,1944.0,CA,USF,MNF,BOARDMAN,00000000,,,2.0,,1.0,19510.32,,,,00000032,,1950-1959,1,39.46,-122.93,,,,,,,,,,,,,
39.4624,-122.9273,419.2,2020-09-22,2156,94,308.4,D,2020-09-22 21:56:00,20942.0,20944.0,1922.0,CA,USF,MNF,BOARDMAN RIDGE,00000000,,,9.0,,1.0,1812.321,,,,00000027,,1950-1959,1,39.46,-122.93,,,,,,,,,,,,,
39.4806,-120.2399,328.3,2020-12-02,1844,86,275.2,D,2020-12-02 18:44:00,20286.0,20288.0,1926.0,CA,USF,TNF, ,00000000,,,14.0,,1.0,3953.361,,,,00000006,,1950-1959,1,39.48,-120.24,,,,,,,,,,,,,
39.4881,-122.9978,315.6,2020-09-19,1020,68,286.9,N,2020-09-19 10:20:00,1532.0,1534.0,2020.0,CA,USF,MNF,AUGUST COMPLEX,00000753,"Sun, 16 Aug 2020 07:00:00 GMT","Wed, 11 Nov 2020 08:00:00 GMT",1.0,3.0,1.0,1032700.0,,AUGUST COMPLEX,{EE343B88-0ADB-4C25-B744-6B4CE9DCC6DA},,{EE343B88-0ADB-4C25-B744-6B4CE9DCC6DA},2020-January 2025,1,39.49,-123.0,,,,,,,,,,,,,
39.4926,-122.6073,307.6,2020-02-18,2024,66,288.3,D,2020-02-18 20:24:00,2354.0,2356.0,2018.0,CA,CDF,LNU,RANCH,00008646,"Fri, 27 Jul 2018 07:00:00 GMT","Wed, 19 Sep 2018 07:00:00 GMT",9.0,7.0,1.0,410202.5,,MENDOCINO COMPLEX,{25B938AB-3047-4D7B-ADE3-FD752F156F7C},,{E5297875-5551-479A-B839-93B16FF4EE6E},2010-2019,1,39.49,-122.61,,,,,,,,,,,,,
39.4976,-123.0076,353.3,2020-09-16,1915,97,302.1,D,2020-09-16 19:15:00,1532.0,1534.0,2020.0,CA,USF,MNF,AUGUST COMPLEX,00000753,"Sun, 16 Aug 2020 07:00:00 GMT","Wed, 11 Nov 2020 08:00:00 GMT",1.0,3.0,1.0,1032700.0,,AUGUST COMPLEX,{EE343B88-0ADB-4C25-B744-6B4CE9DCC6DA},,{EE343B88-0ADB-4C25-B744-6B4CE9DCC6DA},2020-January 2025,1,39.5,-123.01,,,,,,,,,,,,,
39.5052,-122.214,303.6,2020-08-17,0938,56,289.5,N,2020-08-17 09:38:00,,,,,,,,,,,,,,,,,,,,,0,39.51,-122.21,,,,,,,,,,,,,
39.5108,-122.211,317.1,2020-11-11,2143,77,284.5,D,2020-11-11 21:43:00,,,,,,,,,,,,,,,,,,,,,0,39.51,-122.21,,,,,,,,,,,,,
39.5191,-122.9857,320.1,2020-09-12,1939,42,299.0,D,2020-09-12 19:39:00,1532.0,1534.0,2020.0,CA,USF,MNF,AUGUST COMPLEX,00000753,"Sun, 16 Aug 2020 07:00:00 GMT","Wed, 11 Nov 2020 08:00:00 GMT",1.0,3.0,1.0,1032700.0,,AUGUST COMPLEX,{EE343B88-0ADB-4C25-B744-6B4CE9DCC6DA},,{EE343B88-0ADB-4C25-B744-6B4CE9DCC6DA},2020-January 2025,1,39.52,-122.99,,,,,,,,,,,,,
39.5191,-122.9857,320.1,2020-09-12,1939,42,299.0,D,2020-09-12 19:39:00,10794.0,10796.0,1987.0,CA,CDF,MEU,MENDENHALL,00001274,"Wed, 02 Sep 1987 07:00:00 GMT","Thu, 17 Sep 1987 07:00:00 GMT",1.0,8.0,1.0,65468.35,Local Number 053,,,00000311,,1980-1989,1,39.52,-122.99,,,,,,,,,,,,,
39.5203,-122.8897,326.6,2020-08-28,1844,78,300.6,D,2020-08-28 18:44:00,1532.0,1534.0,2020.0,CA,USF,MNF,AUGUST COMPLEX,00000753,"Sun, 16 Aug 2020 07:00:00 GMT","Wed, 11 Nov 2020 08:00:00 GMT",1.0,3.0,1.0,1032700.0,,AUGUST COMPLEX,{EE343B88-0ADB-4C25-B744-6B4CE9DCC6DA},,{EE343B88-0ADB-4C25-B744-6B4CE9DCC6DA},2020-January 2025,1,39.52,-122.89,,,,,,,,,,,,,
39.5203,-122.8897,326.6,2020-08-28,1844,78,300.6,D,2020-08-28 18:44:00,10794.0,10796.0,1987.0,CA,CDF,MEU,MENDENHALL,00001274,"Wed, 02 Sep 1987 07:00:00 GMT","Thu, 17 Sep 1987 07:00:00 GMT",1.0,8.0,1.0,65468.35,Local Number 053,,,00000311,,1980-1989,1,39.52,-122.89,,,,,,,,,,,,,
39.5162,-122.1486,315.7,2020-11-11,2143,76,280.7,D,2020-11-11 21:43:00,,,,,,,,,,,,,,,,,,,,,0,39.52,-122.15,,,,,,,,,,,,,
39.5195,-122.1269,316.2,2020-02-15,2131,76,289.7,D,2020-02-15 21:31:00,,,,,,,,,,,,,,,,,,,,,0,39.52,-122.13,,,,,,,,,,,,,
39.5161,-122.0601,322.2,2020-10-12,2131,75,305.0,D,2020-10-12 21:31:00,,,,,,,,,,,,,,,,,,,,,0,39.52,-122.06,,,,,,,,,,,,,
39.5203,-121.863,326.0,2020-04-03,2131,83,303.7,D,2020-04-03 21:31:00,,,,,,,,,,,,,,,,,,,,,0,39.52,-121.86,,,,,,,,,,,,,
39.5309,-122.9111,335.3,2020-08-22,2101,66,307.1,D,2020-08-22 21:01:00,1532.0,1534.0,2020.0,CA,USF,MNF,AUGUST COMPLEX,00000753,"Sun, 16 Aug 2020 07:00:00 GMT","Wed, 11 Nov 2020 08:00:00 GMT",1.0,3.0,1.0,1032700.0,,AUGUST COMPLEX,{EE343B88-0ADB-4C25-B744-6B4CE9DCC6DA},,{EE343B88-0ADB-4C25-B744-6B4CE9DCC6DA},2020-January 2025,1,39.53,-122.91,,,,,,,,,,,,,
39.5309,-122.9111,335.3,2020-08-22,2101,66,307.1,D,2020-08-22 21:01:00,10794.0,10796.0,1987.0,CA,CDF,MEU,MENDENHALL,00001274,"Wed, 02 Sep 1987 07:00:00 GMT","Thu, 17 Sep 1987 07:00:00 GMT",1.0,8.0,1.0,65468.35,Local Number 053,,,00000311,,1980-1989,1,39.53,-122.91,,,,,,,,,,,,,
39.5306,-122.7759,349.0,2020-08-27,2119,94,302.6,D,2020-08-27 21:19:00,1532.0,1534.0,2020.0,CA,USF,MNF,AUGUST COMPLEX,00000753,"Sun, 16 Aug 2020 07:00:00 GMT","Wed, 11 Nov 2020 08:00:00 GMT",1.0,3.0,1.0,1032700.0,,AUGUST COMPLEX,{EE343B88-0ADB-4C25-B744-6B4CE9DCC6DA},,{EE343B88-0ADB-4C25-B744-6B4CE9DCC6DA},2020-January 2025,1,39.53,-122.78,,,,,,,,,,,,,
39.5337,-118.5783,357.6,2020-12-21,2054,86,289.5,D,2020-12-21 20:54:00,,,,,,,,,,,,,,,,,,,,,0,39.53,-118.58,,,,,,,,,,,,,
39.5298,-118.5663,311.7,2020-01-04,2054,68,289.3,D,2020-01-04 20:54:00,,,,,,,,,,,,,,,,,,,,,0,39.53,-118.57,,,,,,,,,,,,,
39.5318,-118.5637,302.8,2020-11-14,1856,37,284.9,D,2020-11-14 18:56:00,,,,,,,,,,,,,,,,,,,,,0,39.53,-118.56,,,,,,,,,,,,,
39.5318,-118.5542,302.1,2020-01-04,2054,48,289.0,D,2020-01-04 20:54:00,,,,,,,,,,,,,,,,,,,,,0,39.53,-118.55,,,,,,,,,,,,,
39.5415,-122.0882,306.8,2020-12-02,2024,64,293.2,D,2020-12-02 20:24:00,,,,,,,,,,,,,,,,,,,,,0,39.54,-122.09,,,,,,,,,,,,,
39.536,-122.0776,344.2,2020-02-26,2113,93,306.6,D,2020-02-26 21:13:00,,,,,,,,,,,,,,,,,,,,,0,39.54,-122.08,,,,,,,,,,,,,
39.5633,-122.1116,366.1,2020-02-22,2137,100,306.4,D,2020-02-22 21:37:00,,,,,,,,,,,,,,,,,,,,,0,39.56,-122.11,,,,,,,,,,,,,
39.5632,-121.2454,309.7,2020-09-12,1014,74,292.1,N,2020-09-12 10:14:00,1535.0,1537.0,2020.0,CA,USF,PNF,NORTH COMPLEX,00001308,"Mon, 17 Aug 2020 07:00:00 GMT","Thu, 03 Dec 2020 08:00:00 GMT",1.0,1.0,1.0,318797.3,,NORTH COMPLEX,{6701B25B-7005-4C57-8577-96E15AC213C4},,{6701B25B-7005-4C57-8577-96E15AC213C4},2020-January 2025,1,39.56,-121.25,,,,,,,,,,,,,
39.5632,-121.2454,309.7,2020-09-12,1014,74,292.1,N,2020-09-12 10:14:00,17615.0,17617.0,1949.0,CA,USF,PNF, ,00000000,,,9.0,,1.0,238.8094,,,,00000007,,1950-1959,0,39.56,-121.25,,,,,,,,,,,,,
39.5733,-119.9386,356.5,2020-06-27,2150,98,300.2,D,2020-06-27 21:50:00,,,,,,,,,,,,,,,,,,,,,0,39.57,-119.94,,,,,,,,,,,,,
39.5763,-123.1567,321.5,2020-09-19,2125,52,301.1,D,2020-09-19 21:25:00,1532.0,1534.0,2020.0,CA,USF,MNF,AUGUST COMPLEX,00000753,"Sun, 16 Aug 2020 07:00:00 GMT","Wed, 11 Nov 2020 08:00:00 GMT",1.0,3.0,1.0,1032700.0,,AUGUST COMPLEX,{EE343B88-0ADB-4C25-B744-6B4CE9DCC6DA},,{EE343B88-0ADB-4C25-B744-6B4CE9DCC6DA},2020-January 2025,1,39.58,-123.16,,,,,,,,,,,,,
39.5763,-123.1567,321.5,2020-09-19,2125,52,301.1,D,2020-09-19 21:25:00,10794.0,10796.0,1987.0,CA,CDF,MEU,MENDENHALL,00001274,"Wed, 02 Sep 1987 07:00:00 GMT","Thu, 17 Sep 1987 07:00:00 GMT",1.0,8.0,1.0,65468.35,Local Number 053,,,00000311,,1980-1989,1,39.58,-123.16,,,,,,,,,,,,,
39.579,-122.9454,332.2,2020-09-05,1933,70,301.1,D,2020-09-05 19:33:00,1532.0,1534.0,2020.0,CA,USF,MNF,AUGUST COMPLEX,00000753,"Sun, 16 Aug 2020 07:00:00 GMT","Wed, 11 Nov 2020 08:00:00 GMT",1.0,3.0,1.0,1032700.0,,AUGUST COMPLEX,{EE343B88-0ADB-4C25-B744-6B4CE9DCC6DA},,{EE343B88-0ADB-4C25-B744-6B4CE9DCC6DA},2020-January 2025,1,39.58,-122.95,,,,,,,,,,,,,
39.5768,-122.8682,348.4,2020-09-03,2125,94,303.6,D,2020-09-03 21:25:00,1532.0,1534.0,2020.0,CA,USF,MNF,AUGUST COMPLEX,00000753,"Sun, 16 Aug 2020 07:00:00 GMT","Wed, 11 Nov 2020 08:00:00 GMT",1.0,3.0,1.0,1032700.0,,AUGUST COMPLEX,{EE343B88-0ADB-4C25-B744-6B4CE9DCC6DA},,{EE343B88-0ADB-4C25-B744-6B4CE9DCC6DA},2020-January 2025,1,39.58,-122.87,,,,,,,,,,,,,
39.5823,-122.8071,350.2,2020-08-27,2119,95,300.6,D,2020-08-27 21:19:00,1532.0,1534.0,2020.0,CA,USF,MNF,AUGUST COMPLEX,00000753,"Sun, 16 Aug 2020 07:00:00 GMT","Wed, 11 Nov 2020 08:00:00 GMT",1.0,3.0,1.0,1032700.0,,AUGUST COMPLEX,{EE343B88-0ADB-4C25-B744-6B4CE9DCC6DA},,{EE343B88-0ADB-4C25-B744-6B4CE9DCC6DA},2020-January 2025,1,39.58,-122.81,,,,,,,,,,,,,
39.5799,-122.0786,308.5,2020-11-28,2048,67,294.3,D,2020-11-28 20:48:00,,,,,,,,,,,,,,,,,,,,,0,39.58,-122.08,,,,,,,,,,,,,
39.5754,-119.8988,459.8,2020-06-27,2150,75,317.0,D,2020-06-27 21:50:00,,,,,,,,,,,,,,,,,,,,,0,39.58,-119.9,,,,,,,,,,,,,
39.5894,-122.1152,335.8,2020-10-12,1951,89,302.5,D,2020-10-12 19:51:00,,,,,,,,,,,,,,,,,,,,,0,39.59,-122.12,,,,,,,,,,,,,
39.5905,-119.8992,353.9,2020-06-27,2150,73,291.8,D,2020-06-27 21:50:00,,,,,,,,,,,,,,,,,,,,,0,39.59,-119.9,,,,,,,,,,,,,
39.5993,-123.0069,305.4,2020-09-13,0644,17,290.7,N,2020-09-13 06:44:00,1532.0,1534.0,2020.0,CA,USF,MNF,AUGUST COMPLEX,00000753,"Sun, 16 Aug 2020 07:00:00 GMT","Wed, 11 Nov 2020 08:00:00 GMT",1.0,3.0,1.0,1032700.0,,AUGUST COMPLEX,{EE343B88-0ADB-4C25-B744-6B4CE9DCC6DA},,{EE343B88-0ADB-4C25-B744-6B4CE9DCC6DA},2020-January 2025,1,39.6,-123.01,,,,,,,,,,,,,
39.596,-122.7873,308.3,2020-08-23,1039,43,291.5,N,2020-08-23 10:39:00,1532.0,1534.0,2020.0,CA,USF,MNF,AUGUST COMPLEX,00000753,"Sun, 16 Aug 2020 07:00:00 GMT","Wed, 11 Nov 2020 08:00:00 GMT",1.0,3.0,1.0,1032700.0,,AUGUST COMPLEX,{EE343B88-0ADB-4C25-B744-6B4CE9DCC6DA},,{EE343B88-0ADB-4C25-B744-6B4CE9DCC6DA},2020-January 2025,1,39.6,-122.79,,,,,,,,,,,,,
39.596,-122.1229,315.2,2020-11-11,2143,75,290.6,D,2020-11-11 21:43:00,,,,,,,,,,,,,,,,,,,,,0,39.6,-122.12,,,,,,,,,,,,,
39.6031,-121.8091,306.4,2020-04-18,1909,33,283.9,D,2020-04-18 19:09:00,,,,,,,,,,,,,,,,,,,,,0,39.6,-121.81,,,,,,,,,,,,,
39.6011,-121.8081,322.8,2020-05-07,2119,48,311.3,D,2020-05-07 21:19:00,,,,,,,,,,,,,,,,,,,,,0,39.6,-121.81,,,,,,,,,,,,,
39.6005,-121.8102,315.5,2020-05-07,1939,53,304.3,D,2020-05-07 19:39:00,,,,,,,,,,,,,,,,,,,,,0,39.6,-121.81,,,,,,,,,,,,,
39.6007,-118.4804,344.2,2020-07-13,1832,71,318.9,D,2020-07-13 18:32:00,,,,,,,,,,,,,,,,,,,,,0,39.6,-118.48,,,,,,,,,,,,,
39.6124,-122.8828,333.8,2020-09-04,1850,76,302.2,D,2020-09-04 18:50:00,1532.0,1534.0,2020.0,CA,USF,MNF,AUGUST COMPLEX,00000753,"Sun, 16 Aug 2020 07:00:00 GMT","Wed, 11 Nov 2020 08:00:00 GMT",1.0,3.0,1.0,1032700.0,,AUGUST COMPLEX,{EE343B88-0ADB-4C25-B744-6B4CE9DCC6DA},,{EE343B88-0ADB-4C25-B744-6B4CE9DCC6DA},2020-January 2025,1,39.61,-122.88,,,,,,,,,,,,,
39.6124,-122.8828,333.8,2020-09-04,1850,76,302.2,D,2020-09-04 18:50:00,7533.0,7535.0,2003.0,CA,USF,MNF,LOGAN (LEE LOGAN),00000934,"Wed, 03 Sep 2003 07:00:00 GMT","Wed, 10 Sep 2003 07:00:00 GMT",1.0,2.0,1.0,200.2145,,GRINDSTONE COMPLEX,,00000030,AYQ8,2000-2009,0,39.61,-122.88,,,,,,,,,,,,,
39.6104,-122.8313,324.9,2020-08-30,2150,65,296.3,D,2020-08-30 21:50:00,1532.0,1534.0,2020.0,CA,USF,MNF,AUGUST COMPLEX,00000753,"Sun, 16 Aug 2020 07:00:00 GMT","Wed, 11 Nov 2020 08:00:00 GMT",1.0,3.0,1.0,1032700.0,,AUGUST COMPLEX,{EE343B88-0ADB-4C25-B744-6B4CE9DCC6DA},,{EE343B88-0ADB-4C25-B744-6B4CE9DCC6DA},2020-January 2025,1,39.61,-122.83,,,,,,,,,,,,,
39.6106,-119.8909,317.7,2020-06-28,0536,74,285.3,N,2020-06-28 05:36:00,,,,,,,,,,,,,,,,,,,,,0,39.61,-119.89,,,,,,,,,,,,,
39.6118,-119.8768,344.1,2020-06-28,0536,100,285.9,N,2020-06-28 05:36:00,,,,,,,,,,,,,,,,,,,,,0,39.61,-119.88,,,,,,,,,,,,,
39.6223,-122.1131,308.6,2020-02-13,2144,48,293.8,D,2020-02-13 21:44:00,,,,,,,,,,,,,,,,,,,,,0,39.62,-122.11,,,,,,,,,,,,,
39.6313,-122.7392,317.8,2020-09-01,0619,96,294.2,N,2020-09-01 06:19:00,1532.0,1534.0,2020.0,CA,USF,MNF,AUGUST COMPLEX,00000753,"Sun, 16 Aug 2020 07:00:00 GMT","Wed, 11 Nov 2020 08:00:00 GMT",1.0,3.0,1.0,1032700.0,,AUGUST COMPLEX,{EE343B88-0ADB-4C25-B744-6B4CE9DCC6DA},,{EE343B88-0ADB-4C25-B744-6B4CE9DCC6DA},2020-January 2025,1,39.63,-122.74,,,,,,,,,,,,,
39.6288,-122.7299,317.5,2020-08-31,1915,64,298.2,D,2020-08-31 19:15:00,1532.0,1534.0,2020.0,CA,USF,MNF,AUGUST COMPLEX,00000753,"Sun, 16 Aug 2020 07:00:00 GMT","Wed, 11 Nov 2020 08:00:00 GMT",1.0,3.0,1.0,1032700.0,,AUGUST COMPLEX,{EE343B88-0ADB-4C25-B744-6B4CE9DCC6DA},,{EE343B88-0ADB-4C25-B744-6B4CE9DCC6DA},2020-January 2025,1,39.63,-122.73,,,,,,,,,,,,,
39.6302,-122.2491,305.9,2020-03-05,1845,62,295.6,D,2020-03-05 18:45:00,,,,,,,,,,,,,,,,,,,,,0,39.63,-122.25,,,,,,,,,,,,,
39.6307,-122.1241,312.3,2020-02-15,2131,71,291.3,D,2020-02-15 21:31:00,,,,,,,,,,,,,,,,,,,,,0,39.63,-122.12,,,,,,,,,,,,,
39.6274,-122.1133,308.3,2020-02-05,1915,67,285.1,D,2020-02-05 19:15:00,,,,,,,,,,,,,,,,,,,,,0,39.63,-122.11,,,,,,,,,,,,,
39.633,-121.9804,322.9,2020-03-04,2119,70,303.6,D,2020-03-04 21:19:00,,,,,,,,,,,,,,,,,,,,,0,39.63,-121.98,,,,,,,,,,,,,
39.6296,-121.9461,313.0,2020-12-17,2119,73,286.6,D,2020-12-17 21:19:00,,,,,,,,,,,,,,,,,,,,,0,39.63,-121.95,,,,,,,,,,,,,
39.6393,-122.1965,318.2,2020-04-14,2113,54,307.0,D,2020-04-14 21:13:00,,,,,,,,,,,,,,,,,,,,,0,39.64,-122.2,,,,,,,,,,,,,
39.6485,-122.2053,332.8,2020-03-09,2138,88,294.2,D,2020-03-09 21:38:00,,,,,,,,,,,,,,,,,,,,,0,39.65,-122.21,,,,,,,,,,,,,
39.6467,-122.2083,328.2,2020-03-26,2043,85,293.5,D,2020-03-26 20:43:00,,,,,,,,,,,,,,,,,,,,,0,39.65,-122.21,,,,,,,,,,,,,
39.6526,-122.2121,324.9,2020-04-07,1927,83,293.4,D,2020-04-07 19:27:00,,,,,,,,,,,,,,,,,,,,,0,39.65,-122.21,,,,,,,,,,,,,
39.6468,-122.1959,324.1,2020-03-26,1903,83,293.7,D,2020-03-26 19:03:00,,,,,,,,,,,,,,,,,,,,,0,39.65,-122.2,,,,,,,,,,,,,
39.6486,-122.1984,323.2,2020-04-14,1933,81,302.0,D,2020-04-14 19:33:00,,,,,,,,,,,,,,,,,,,,,0,39.65,-122.2,,,,,,,,,,,,,
39.6529,-122.1661,327.6,2020-05-06,1856,82,307.7,D,2020-05-06 18:56:00,,,,,,,,,,,,,,,,,,,,,0,39.65,-122.17,,,,,,,,,,,,,
39.6636,-122.3128,313.1,2020-04-03,2131,35,301.2,D,2020-04-03 21:31:00,,,,,,,,,,,,,,,,,,,,,0,39.66,-122.31,,,,,,,,,,,,,
39.6603,-122.2148,336.6,2020-10-13,1856,88,301.3,D,2020-10-13 18:56:00,,,,,,,,,,,,,,,,,,,,,0,39.66,-122.21,,,,,,,,,,,,,
39.6566,-122.1995,314.4,2020-03-26,1903,55,293.8,D,2020-03-26 19:03:00,,,,,,,,,,,,,,,,,,,,,0,39.66,-122.2,,,,,,,,,,,,,
39.6627,-121.8915,307.0,2020-12-04,2150,65,292.1,D,2020-12-04 21:50:00,,,,,,,,,,,,,,,,,,,,,0,39.66,-121.89,,,,,,,,,,,,,
39.6594,-121.8142,324.4,2020-05-28,2137,51,312.4,D,2020-05-28 21:37:00,,,,,,,,,,,,,,,,,,,,,0,39.66,-121.81,,,,,,,,,,,,,
39.6715,-122.3351,308.6,2020-03-09,2138,64,294.5,D,2020-03-09 21:38:00,,,,,,,,,,,,,,,,,,,,,0,39.67,-122.34,,,,,,,,,,,,,
39.6747,-122.324,318.6,2020-03-20,2119,79,296.6,D,2020-03-20 21:19:00,,,,,,,,,,,,,,,,,,,,,0,39.67,-122.32,,,,,,,,,,,,,
39.6685,-120.1296,313.8,2020-08-17,0938,81,284.3,N,2020-08-17 09:38:00,1549.0,1551.0,2020.0,CA,USF,TNF,LOYALTON,00001600,"Fri, 14 Aug 2020 07:00:00 GMT","Thu, 27 Aug 2020 07:00:00 GMT",1.0,8.0,1.0,46720.91,,,{0896AFFE-7839-40D4-BA6D-407F47E4CAA6},,,2020-January 2025,1,39.67,-120.13,,,,,,,,,,,,,
39.6847,-122.3403,307.2,2020-02-24,2125,59,296.3,D,2020-02-24 21:25:00,,,,,,,,,,,,,,,,,,,,,0,39.68,-122.34,,,,,,,,,,,,,
39.6774,-122.2496,324.8,2020-01-29,1909,72,267.5,D,2020-01-29 19:09:00,,,,,,,,,,,,,,,,,,,,,0,39.68,-122.25,,,,,,,,,,,,,
39.676,-122.2391,310.4,2020-01-29,2048,37,282.2,D,2020-01-29 20:48:00,,,,,,,,,,,,,,,,,,,,,0,39.68,-122.24,,,,,,,,,,,,,
39.6909,-122.2709,304.8,2020-12-24,2125,60,278.5,D,2020-12-24 21:25:00,,,,,,,,,,,,,,,,,,,,,0,39.69,-122.27,,,,,,,,,,,,,
39.6924,-122.2585,302.8,2020-12-24,2125,54,282.1,D,2020-12-24 21:25:00,,,,,,,,,,,,,,,,,,,,,0,39.69,-122.26,,,,,,,,,,,,,
39.6867,-121.8376,306.5,2020-11-07,1850,64,289.5,D,2020-11-07 18:50:00,,,,,,,,,,,,,,,,,,,,,0,39.69,-121.84,,,,,,,,,,,,,
39.689,-120.1184,488.3,2020-08-15,2055,87,321.1,D,2020-08-15 20:55:00,1549.0,1551.0,2020.0,CA,USF,TNF,LOYALTON,00001600,"Fri, 14 Aug 2020 07:00:00 GMT","Thu, 27 Aug 2020 07:00:00 GMT",1.0,8.0,1.0,46720.91,,,{0896AFFE-7839-40D4-BA6D-407F47E4CAA6},,,2020-January 2025,1,39.69,-120.12,,,,,,,,,,,,,
39.7034,-122.2755,328.2,2020-04-06,1844,47,284.9,D,2020-04-06 18:44:00,,,,,,,,,,,,,,,,,,,,,0,39.7,-122.28,,,,,,,,,,,,,
39.7042,-122.2718,361.2,2020-03-19,1857,100,289.7,D,2020-03-19 18:57:00,,,,,,,,,,,,,,,,,,,,,0,39.7,-122.27,,,,,,,,,,,,,
39.7026,-122.2593,326.2,2020-03-19,1857,84,288.7,D,2020-03-19 18:57:00,,,,,,,,,,,,,,,,,,,,,0,39.7,-122.26,,,,,,,,,,,,,
39.6961,-122.2554,313.4,2020-03-21,1845,33,291.8,D,2020-03-21 18:45:00,,,,,,,,,,,,,,,,,,,,,0,39.7,-122.26,,,,,,,,,,,,,
39.6981,-121.8356,313.5,2020-03-31,1921,72,293.9,D,2020-03-31 19:21:00,,,,,,,,,,,,,,,,,,,,,0,39.7,-121.84,,,,,,,,,,,,,
39.6954,-121.8209,308.3,2020-03-31,1921,29,293.7,D,2020-03-31 19:21:00,,,,,,,,,,,,,,,,,,,,,0,39.7,-121.82,,,,,,,,,,,,,
39.7121,-122.2936,300.4,2020-12-31,2131,35,286.2,D,2020-12-31 21:31:00,,,,,,,,,,,,,,,,,,,,,0,39.71,-122.29,,,,,,,,,,,,,
39.707,-122.2844,342.7,2020-04-10,2138,92,306.2,D,2020-04-10 21:38:00,,,,,,,,,,,,,,,,,,,,,0,39.71,-122.28,,,,,,,,,,,,,
39.7052,-122.2809,331.0,2020-04-17,1826,86,299.3,D,2020-04-17 18:26:00,,,,,,,,,,,,,,,,,,,,,0,39.71,-122.28,,,,,,,,,,,,,
39.7076,-122.2657,328.7,2020-03-21,2024,86,294.4,D,2020-03-21 20:24:00,,,,,,,,,,,,,,,,,,,,,0,39.71,-122.27,,,,,,,,,,,,,
39.7082,-122.2714,310.3,2020-04-10,1820,47,293.8,D,2020-04-10 18:20:00,,,,,,,,,,,,,,,,,,,,,0,39.71,-122.27,,,,,,,,,,,,,
39.7133,-122.2526,310.8,2020-12-12,1920,70,280.5,D,2020-12-12 19:20:00,,,,,,,,,,,,,,,,,,,,,0,39.71,-122.25,,,,,,,,,,,,,
39.7068,-122.2413,302.2,2020-12-14,1908,51,283.4,D,2020-12-14 19:08:00,,,,,,,,,,,,,,,,,,,,,0,39.71,-122.24,,,,,,,,,,,,,
39.7196,-122.3367,323.7,2020-11-25,2156,83,291.4,D,2020-11-25 21:56:00,,,,,,,,,,,,,,,,,,,,,0,39.72,-122.34,,,,,,,,,,,,,
39.7172,-122.2918,305.7,2020-11-24,0555,65,281.5,N,2020-11-24 05:55:00,,,,,,,,,,,,,,,,,,,,,0,39.72,-122.29,,,,,,,,,,,,,
39.7172,-122.28,328.0,2020-11-23,2030,85,290.6,D,2020-11-23 20:30:00,,,,,,,,,,,,,,,,,,,,,0,39.72,-122.28,,,,,,,,,,,,,
39.7218,-122.2682,306.0,2020-03-22,0549,67,281.4,N,2020-03-22 05:49:00,,,,,,,,,,,,,,,,,,,,,0,39.72,-122.27,,,,,,,,,,,,,
39.7173,-122.1785,314.6,2020-04-11,1903,49,297.7,D,2020-04-11 19:03:00,,,,,,,,,,,,,,,,,,,,,0,39.72,-122.18,,,,,,,,,,,,,
39.7305,-122.111,310.9,2020-10-29,1856,63,295.7,D,2020-10-29 18:56:00,,,,,,,,,,,,,,,,,,,,,0,39.73,-122.11,,,,,,,,,,,,,
39.7435,-122.302,319.8,2020-12-19,1926,59,271.7,D,2020-12-19 19:26:00,,,,,,,,,,,,,,,,,,,,,0,39.74,-122.3,,,,,,,,,,,,,
39.743,-122.3002,327.3,2020-12-30,1908,85,284.1,D,2020-12-30 19:08:00,,,,,,,,,,,,,,,,,,,,,0,39.74,-122.3,,,,,,,,,,,,,
39.7408,-122.2825,337.8,2020-12-12,1920,91,283.7,D,2020-12-12 19:20:00,,,,,,,,,,,,,,,,,,,,,0,39.74,-122.28,,,,,,,,,,,,,
39.7383,-122.2685,328.3,2020-12-12,1920,86,280.4,D,2020-12-12 19:20:00,,,,,,,,,,,,,,,,,,,,,0,39.74,-122.27,,,,,,,,,,,,,
39.7543,-122.9244,307.6,2020-02-25,1851,65,284.4,D,2020-02-25 18:51:00,1532.0,1534.0,2020.0,CA,USF,MNF,AUGUST COMPLEX,00000753,"Sun, 16 Aug 2020 07:00:00 GMT","Wed, 11 Nov 2020 08:00:00 GMT",1.0,3.0,1.0,1032700.0,,AUGUST COMPLEX,{EE343B88-0ADB-4C25-B744-6B4CE9DCC6DA},,{EE343B88-0ADB-4C25-B744-6B4CE9DCC6DA},2020-January 2025,1,39.75,-122.92,,,,,,,,,,,,,
39.7543,-122.9244,307.6,2020-02-25,1851,65,284.4,D,2020-02-25 18:51:00,1661.0,1663.0,2020.0,CA,USF,MNF,BASEBALL,00000144,"Tue, 25 Feb 2020 08:00:00 GMT","Tue, 03 Mar 2020 08:00:00 GMT",18.0,8.0,1.0,215.5255,,,{F5F75E09-2582-4A05-99C2-E8395888D091},,,2020-January 2025,0,39.75,-122.92,,,,,,,,,,,,,
39.7467,-122.3732,319.4,2020-03-02,2131,52,297.7,D,2020-03-02 21:31:00,,,,,,,,,,,,,,,,,,,,,0,39.75,-122.37,,,,,,,,,,,,,
39.7467,-122.2966,315.6,2020-12-21,1914,76,285.8,D,2020-12-21 19:14:00,,,,,,,,,,,,,,,,,,,,,0,39.75,-122.3,,,,,,,,,,,,,
39.7536,-122.2956,309.2,2020-12-29,0625,77,276.7,N,2020-12-29 06:25:00,,,,,,,,,,,,,,,,,,,,,0,39.75,-122.3,,,,,,,,,,,,,
39.7612,-122.1845,301.1,2020-02-23,1903,36,288.9,D,2020-02-23 19:03:00,,,,,,,,,,,,,,,,,,,,,0,39.76,-122.18,,,,,,,,,,,,,
39.771,-122.6631,306.9,2020-08-17,0525,44,286.4,N,2020-08-17 05:25:00,1532.0,1534.0,2020.0,CA,USF,MNF,AUGUST COMPLEX,00000753,"Sun, 16 Aug 2020 07:00:00 GMT","Wed, 11 Nov 2020 08:00:00 GMT",1.0,3.0,1.0,1032700.0,,AUGUST COMPLEX,{EE343B88-0ADB-4C25-B744-6B4CE9DCC6DA},,{EE343B88-0ADB-4C25-B744-6B4CE9DCC6DA},2020-January 2025,1,39.77,-122.66,,,,,,,,,,,,,
39.771,-122.6631,306.9,2020-08-17,0525,44,286.4,N,2020-08-17 05:25:00,20925.0,20927.0,1922.0,CA,USF,MNF,GRINDSTONE,00000000,,,9.0,,1.0,39805.59,,,,00000025,,1950-1959,1,39.77,-122.66,,,,,,,,,,,,,
39.7788,-122.6235,362.0,2020-08-19,1850,100,298.4,D,2020-08-19 18:50:00,1532.0,1534.0,2020.0,CA,USF,MNF,AUGUST COMPLEX,00000753,"Sun, 16 Aug 2020 07:00:00 GMT","Wed, 11 Nov 2020 08:00:00 GMT",1.0,3.0,1.0,1032700.0,,AUGUST COMPLEX,{EE343B88-0ADB-4C25-B744-6B4CE9DCC6DA},,{EE343B88-0ADB-4C25-B744-6B4CE9DCC6DA},2020-January 2025,1,39.78,-122.62,,,,,,,,,,,,,
39.7911,-122.1785,311.2,2020-11-05,2042,56,298.3,D,2020-11-05 20:42:00,,,,,,,,,,,,,,,,,,,,,0,39.79,-122.18,,,,,,,,,,,,,
39.794,-122.0955,300.7,2020-11-14,1856,39,275.8,D,2020-11-14 18:56:00,,,,,,,,,,,,,,,,,,,,,0,39.79,-122.1,,,,,,,,,,,,,
39.8008,-122.7084,324.9,2020-08-22,0543,67,293.2,N,2020-08-22 05:43:00,1532.0,1534.0,2020.0,CA,USF,MNF,AUGUST COMPLEX,00000753,"Sun, 16 Aug 2020 07:00:00 GMT","Wed, 11 Nov 2020 08:00:00 GMT",1.0,3.0,1.0,1032700.0,,AUGUST COMPLEX,{EE343B88-0ADB-4C25-B744-6B4CE9DCC6DA},,{EE343B88-0ADB-4C25-B744-6B4CE9DCC6DA},2020-January 2025,1,39.8,-122.71,,,,,,,,,,,,,
39.8008,-122.7084,324.9,2020-08-22,0543,67,293.2,N,2020-08-22 05:43:00,20925.0,20927.0,1922.0,CA,USF,MNF,GRINDSTONE,00000000,,,9.0,,1.0,39805.59,,,,00000025,,1950-1959,1,39.8,-122.71,,,,,,,,,,,,,
39.798,-122.1702,318.8,2020-11-04,2137,75,300.4,D,2020-11-04 21:37:00,,,,,,,,,,,,,,,,,,,,,0,39.8,-122.17,,,,,,,,,,,,,
39.8006,-122.1608,316.2,2020-11-03,2054,74,300.0,D,2020-11-03 20:54:00,,,,,,,,,,,,,,,,,,,,,0,39.8,-122.16,,,,,,,,,,,,,
39.8063,-122.6817,316.2,2020-08-25,1026,75,291.8,N,2020-08-25 10:26:00,1532.0,1534.0,2020.0,CA,USF,MNF,AUGUST COMPLEX,00000753,"Sun, 16 Aug 2020 07:00:00 GMT","Wed, 11 Nov 2020 08:00:00 GMT",1.0,3.0,1.0,1032700.0,,AUGUST COMPLEX,{EE343B88-0ADB-4C25-B744-6B4CE9DCC6DA},,{EE343B88-0ADB-4C25-B744-6B4CE9DCC6DA},2020-January 2025,1,39.81,-122.68,,,,,,,,,,,,,
39.8063,-122.6817,316.2,2020-08-25,1026,75,291.8,N,2020-08-25 10:26:00,20573.0,20575.0,1924.0,CA,USF,MNF,THOMS CREEK,00000000,,,14.0,,1.0,6170.402,,,,00000021,,1950-1959,1,39.81,-122.68,,,,,,,,,,,,,
39.8105,-121.2088,326.0,2020-09-26,2131,77,291.0,D,2020-09-26 21:31:00,1535.0,1537.0,2020.0,CA,USF,PNF,NORTH COMPLEX,00001308,"Mon, 17 Aug 2020 07:00:00 GMT","Thu, 03 Dec 2020 08:00:00 GMT",1.0,1.0,1.0,318797.3,,NORTH COMPLEX,{6701B25B-7005-4C57-8577-96E15AC213C4},,{6701B25B-7005-4C57-8577-96E15AC213C4},2020-January 2025,1,39.81,-121.21,,,,,,,,,,,,,
39.8129,-120.2177,327.7,2020-06-18,2156,76,307.5,D,2020-06-18 21:56:00,,,,,,,,,,,,,,,,,,,,,0,39.81,-120.22,,,,,,,,,,,,,
39.8243,-122.939,317.9,2020-09-07,0543,62,286.3,N,2020-09-07 05:43:00,1532.0,1534.0,2020.0,CA,USF,MNF,AUGUST COMPLEX,00000753,"Sun, 16 Aug 2020 07:00:00 GMT","Wed, 11 Nov 2020 08:00:00 GMT",1.0,3.0,1.0,1032700.0,,AUGUST COMPLEX,{EE343B88-0ADB-4C25-B744-6B4CE9DCC6DA},,{EE343B88-0ADB-4C25-B744-6B4CE9DCC6DA},2020-January 2025,1,39.82,-122.94,,,,,,,,,,,,,
39.8236,-122.0125,303.4,2020-11-06,2125,56,290.8,D,2020-11-06 21:25:00,,,,,,,,,,,,,,,,,,,,,0,39.82,-122.01,,,,,,,,,,,,,
39.8211,-121.8715,300.1,2020-02-01,2119,25,286.8,D,2020-02-01 21:19:00,,,,,,,,,,,,,,,,,,,,,0,39.82,-121.87,,,,,,,,,,,,,
39.8212,-121.2516,372.3,2020-09-15,1832,100,304.8,D,2020-09-15 18:32:00,1535.0,1537.0,2020.0,CA,USF,PNF,NORTH COMPLEX,00001308,"Mon, 17 Aug 2020 07:00:00 GMT","Thu, 03 Dec 2020 08:00:00 GMT",1.0,1.0,1.0,318797.3,,NORTH COMPLEX,{6701B25B-7005-4C57-8577-96E15AC213C4},,{6701B25B-7005-4C57-8577-96E15AC213C4},2020-January 2025,1,39.82,-121.25,,,,,,,,,,,,,
39.8216,-121.195,386.1,2020-09-30,2107,100,311.8,D,2020-09-30 21:07:00,1535.0,1537.0,2020.0,CA,USF,PNF,NORTH COMPLEX,00001308,"Mon, 17 Aug 2020 07:00:00 GMT","Thu, 03 Dec 2020 08:00:00 GMT",1.0,1.0,1.0,318797.3,,NORTH COMPLEX,{6701B25B-7005-4C57-8577-96E15AC213C4},,{6701B25B-7005-4C57-8577-96E15AC213C4},2020-January 2025,1,39.82,-121.2,,,,,,,,,,,,,
39.8266,-123.0385,314.5,2020-09-10,1026,44,289.8,N,2020-09-10 10:26:00,2406.0,2408.0,2018.0,CA,USF,MNF,EEL,00000874,"Tue, 31 Jul 2018 07:00:00 GMT","Thu, 11 Oct 2018 07:00:00 GMT",9.0,1.0,1.0,939.2842,TOTAL_ACRES_BURNED is incorrect in FIRESTAT,,{13D13B58-F216-4FE0-98C9-D5463C4AB12D},,,2010-2019,1,39.83,-123.04,,,,,,,,,,,,,
39.8266,-123.0385,314.5,2020-09-10,1026,44,289.8,N,2020-09-10 10:26:00,4590.0,4592.0,2012.0,CA,USF,MNF,NORTH PASS,00001446,"Mon, 18 Jun 2012 07:00:00 GMT","Thu, 27 Sep 2012 07:00:00 GMT",1.0,7.0,1.0,41812.52,,,,,,2010-2019,1,39.83,-123.04,,,,,,,,,,,,,
39.8293,-120.517,302.5,2020-01-09,2113,53,273.2,D,2020-01-09 21:13:00,,,,,,,,,,,,,,,,,,,,,0,39.83,-120.52,,,,,,,,,,,,,
39.833,-119.97,311.9,2020-08-03,0512,84,289.5,N,2020-08-03 05:12:00,1570.0,1572.0,2020.0,CA,BLM,CCD,NORTH,00030547,"Sun, 02 Aug 2020 07:00:00 GMT","Mon, 10 Aug 2020 07:00:00 GMT",10.0,7.0,1.0,6882.293,,,{CD8D2F6A-BA50-43CF-A62F-894091D839CC},,,2020-January 2025,1,39.83,-119.97,,,,,,,,,,,,,
39.8346,-119.9522,352.0,2020-08-03,0650,100,292.0,N,2020-08-03 06:50:00,1570.0,1572.0,2020.0,CA,BLM,CCD,NORTH,00030547,"Sun, 02 Aug 2020 07:00:00 GMT","Mon, 10 Aug 2020 07:00:00 GMT",10.0,7.0,1.0,6882.293,,,{CD8D2F6A-BA50-43CF-A62F-894091D839CC},,,2020-January 2025,1,39.83,-119.95,,,,,,,,,,,,,
39.8533,-121.1789,317.2,2020-02-24,2125,77,279.5,D,2020-02-24 21:25:00,,,,,,,,,,,,,,,,,,,,,0,39.85,-121.18,,,,,,,,,,,,,
39.8469,-120.8723,301.1,2020-09-23,0956,33,270.3,N,2020-09-23 09:56:00,1535.0,1537.0,2020.0,CA,USF,PNF,NORTH COMPLEX,00001308,"Mon, 17 Aug 2020 07:00:00 GMT","Thu, 03 Dec 2020 08:00:00 GMT",1.0,1.0,1.0,318797.3,,NORTH COMPLEX,{6701B25B-7005-4C57-8577-96E15AC213C4},,{6701B25B-7005-4C57-8577-96E15AC213C4},2020-January 2025,1,39.85,-120.87,,,,,,,,,,,,,
39.8524,-120.8381,327.0,2020-08-28,2202,78,298.2,D,2020-08-28 22:02:00,1535.0,1537.0,2020.0,CA,USF,PNF,NORTH COMPLEX,00001308,"Mon, 17 Aug 2020 07:00:00 GMT","Thu, 03 Dec 2020 08:00:00 GMT",1.0,1.0,1.0,318797.3,,NORTH COMPLEX,{6701B25B-7005-4C57-8577-96E15AC213C4},,{6701B25B-7005-4C57-8577-96E15AC213C4},2020-January 2025,1,39.85,-120.84,,,,,,,,,,,,,
39.8561,-122.9134,357.6,2020-09-05,2113,98,306.7,D,2020-09-05 21:13:00,1532.0,1534.0,2020.0,CA,USF,MNF,AUGUST COMPLEX,00000753,"Sun, 16 Aug 2020 07:00:00 GMT","Wed, 11 Nov 2020 08:00:00 GMT",1.0,3.0,1.0,1032700.0,,AUGUST COMPLEX,{EE343B88-0ADB-4C25-B744-6B4CE9DCC6DA},,{EE343B88-0ADB-4C25-B744-6B4CE9DCC6DA},2020-January 2025,1,39.86,-122.91,,,,,,,,,,,,,
39.8629,-122.8286,314.7,2020-08-25,0613,81,291.7,N,2020-08-25 06:13:00,1532.0,1534.0,2020.0,CA,USF,MNF,AUGUST COMPLEX,00000753,"Sun, 16 Aug 2020 07:00:00 GMT","Wed, 11 Nov 2020 08:00:00 GMT",1.0,3.0,1.0,1032700.0,,AUGUST COMPLEX,{EE343B88-0ADB-4C25-B744-6B4CE9DCC6DA},,{EE343B88-0ADB-4C25-B744-6B4CE9DCC6DA},2020-January 2025,1,39.86,-122.83,,,,,,,,,,,,,
39.8629,-122.721,315.6,2020-09-01,0620,60,296.3,N,2020-09-01 06:20:00,1532.0,1534.0,2020.0,CA,USF,MNF,AUGUST COMPLEX,00000753,"Sun, 16 Aug 2020 07:00:00 GMT","Wed, 11 Nov 2020 08:00:00 GMT",1.0,3.0,1.0,1032700.0,,AUGUST COMPLEX,{EE343B88-0ADB-4C25-B744-6B4CE9DCC6DA},,{EE343B88-0ADB-4C25-B744-6B4CE9DCC6DA},2020-January 2025,1,39.86,-122.72,,,,,,,,,,,,,
39.8629,-122.721,315.6,2020-09-01,0620,60,296.3,N,2020-09-01 06:20:00,14110.0,14112.0,1971.0,CA,USF,MNF,TOP,00000000,"Mon, 13 Sep 1971 07:00:00 GMT","Fri, 17 Sep 1971 07:00:00 GMT",3.0,8.0,1.0,1853.892,,,,00000027,,1970-1979,1,39.86,-122.72,,,,,,,,,,,,,
39.8644,-121.3224,343.8,2020-09-29,0644,100,298.1,N,2020-09-29 06:44:00,1535.0,1537.0,2020.0,CA,USF,PNF,NORTH COMPLEX,00001308,"Mon, 17 Aug 2020 07:00:00 GMT","Thu, 03 Dec 2020 08:00:00 GMT",1.0,1.0,1.0,318797.3,,NORTH COMPLEX,{6701B25B-7005-4C57-8577-96E15AC213C4},,{6701B25B-7005-4C57-8577-96E15AC213C4},2020-January 2025,1,39.86,-121.32,,,,,,,,,,,,,
39.8644,-121.3224,343.8,2020-09-29,0644,100,298.1,N,2020-09-29 06:44:00,8371.0,8373.0,1999.0,CA,USF,PNF,BUCKS,00000000,"Mon, 23 Aug 1999 07:00:00 GMT","Sun, 10 Oct 1999 07:00:00 GMT",1.0,8.0,1.0,34236.26,,,,00000111,,1990-1999,1,39.86,-121.32,,,,,,,,,,,,,
39.8644,-121.3224,343.8,2020-09-29,0644,100,298.1,N,2020-09-29 06:44:00,17166.0,17168.0,1951.0,CA,USF,PNF, ,00000000,,,9.0,,1.0,802.6357,,,,00000011,,1950-1959,1,39.86,-121.32,,,,,,,,,,,,,
39.8644,-121.3224,343.8,2020-09-29,0644,100,298.1,N,2020-09-29 06:44:00,20179.0,20181.0,1927.0,CA,USF,PNF, ,00000000,,,14.0,,1.0,8541.182,,,,00000004,,1950-1959,1,39.86,-121.32,,,,,,,,,,,,,
39.8639,-121.2867,334.1,2020-09-29,2202,83,297.5,D,2020-09-29 22:02:00,1535.0,1537.0,2020.0,CA,USF,PNF,NORTH COMPLEX,00001308,"Mon, 17 Aug 2020 07:00:00 GMT","Thu, 03 Dec 2020 08:00:00 GMT",1.0,1.0,1.0,318797.3,,NORTH COMPLEX,{6701B25B-7005-4C57-8577-96E15AC213C4},,{6701B25B-7005-4C57-8577-96E15AC213C4},2020-January 2025,1,39.86,-121.29,,,,,,,,,,,,,
39.8639,-121.2867,334.1,2020-09-29,2202,83,297.5,D,2020-09-29 22:02:00,8371.0,8373.0,1999.0,CA,USF,PNF,BUCKS,00000000,"Mon, 23 Aug 1999 07:00:00 GMT","Sun, 10 Oct 1999 07:00:00 GMT",1.0,8.0,1.0,34236.26,,,,00000111,,1990-1999,1,39.86,-121.29,,,,,,,,,,,,,
39.8588,-119.7267,301.2,2020-03-25,2138,19,283.6,D,2020-03-25 21:38:00,,,,,,,,,,,,,,,,,,,,,0,39.86,-119.73,,,,,,,,,,,,,
39.8714,-122.9618,356.3,2020-09-02,1902,96,302.0,D,2020-09-02 19:02:00,1532.0,1534.0,2020.0,CA,USF,MNF,AUGUST COMPLEX,00000753,"Sun, 16 Aug 2020 07:00:00 GMT","Wed, 11 Nov 2020 08:00:00 GMT",1.0,3.0,1.0,1032700.0,,AUGUST COMPLEX,{EE343B88-0ADB-4C25-B744-6B4CE9DCC6DA},,{EE343B88-0ADB-4C25-B744-6B4CE9DCC6DA},2020-January 2025,1,39.87,-122.96,,,,,,,,,,,,,
39.8722,-121.3194,347.1,2020-09-30,0549,100,295.8,N,2020-09-30 05:49:00,1535.0,1537.0,2020.0,CA,USF,PNF,NORTH COMPLEX,00001308,"Mon, 17 Aug 2020 07:00:00 GMT","Thu, 03 Dec 2020 08:00:00 GMT",1.0,1.0,1.0,318797.3,,NORTH COMPLEX,{6701B25B-7005-4C57-8577-96E15AC213C4},,{6701B25B-7005-4C57-8577-96E15AC213C4},2020-January 2025,1,39.87,-121.32,,,,,,,,,,,,,
39.8722,-121.3194,347.1,2020-09-30,0549,100,295.8,N,2020-09-30 05:49:00,8371.0,8373.0,1999.0,CA,USF,PNF,BUCKS,00000000,"Mon, 23 Aug 1999 07:00:00 GMT","Sun, 10 Oct 1999 07:00:00 GMT",1.0,8.0,1.0,34236.26,,,,00000111,,1990-1999,1,39.87,-121.32,,,,,,,,,,,,,
39.8697,-120.9867,323.0,2020-09-02,0938,100,290.5,N,2020-09-02 09:38:00,,,,,,,,,,,,,,,,,,,,,0,39.87,-120.99,,,,,,,,,,,,,
39.8723,-120.0015,368.6,2020-08-03,0650,100,295.9,N,2020-08-03 06:50:00,1570.0,1572.0,2020.0,CA,BLM,CCD,NORTH,00030547,"Sun, 02 Aug 2020 07:00:00 GMT","Mon, 10 Aug 2020 07:00:00 GMT",10.0,7.0,1.0,6882.293,,,{CD8D2F6A-BA50-43CF-A62F-894091D839CC},,,2020-January 2025,1,39.87,-120.0,,,,,,,,,,,,,
39.8801,-122.1997,309.7,2020-03-12,1851,69,297.0,D,2020-03-12 18:51:00,,,,,,,,,,,,,,,,,,,,,0,39.88,-122.2,,,,,,,,,,,,,
39.8797,-122.1819,310.5,2020-11-02,1832,63,296.7,D,2020-11-02 18:32:00,,,,,,,,,,,,,,,,,,,,,0,39.88,-122.18,,,,,,,,,,,,,
39.8834,-122.0437,312.1,2020-02-06,2137,55,293.5,D,2020-02-06 21:37:00,,,,,,,,,,,,,,,,,,,,,0,39.88,-122.04,,,,,,,,,,,,,
39.8786,-121.2571,321.5,2020-09-27,1856,49,295.6,D,2020-09-27 18:56:00,1535.0,1537.0,2020.0,CA,USF,PNF,NORTH COMPLEX,00001308,"Mon, 17 Aug 2020 07:00:00 GMT","Thu, 03 Dec 2020 08:00:00 GMT",1.0,1.0,1.0,318797.3,,NORTH COMPLEX,{6701B25B-7005-4C57-8577-96E15AC213C4},,{6701B25B-7005-4C57-8577-96E15AC213C4},2020-January 2025,1,39.88,-121.26,,,,,,,,,,,,,
39.8758,-120.8009,302.3,2020-08-26,0518,48,289.9,N,2020-08-26 05:18:00,1535.0,1537.0,2020.0,CA,USF,PNF,NORTH COMPLEX,00001308,"Mon, 17 Aug 2020 07:00:00 GMT","Thu, 03 Dec 2020 08:00:00 GMT",1.0,1.0,1.0,318797.3,,NORTH COMPLEX,{6701B25B-7005-4C57-8577-96E15AC213C4},,{6701B25B-7005-4C57-8577-96E15AC213C4},2020-January 2025,1,39.88,-120.8,,,,,,,,,,,,,
39.8817,-120.0065,309.5,2020-08-03,0925,78,286.4,N,2020-08-03 09:25:00,1570.0,1572.0,2020.0,CA,BLM,CCD,NORTH,00030547,"Sun, 02 Aug 2020 07:00:00 GMT","Mon, 10 Aug 2020 07:00:00 GMT",10.0,7.0,1.0,6882.293,,,{CD8D2F6A-BA50-43CF-A62F-894091D839CC},,,2020-January 2025,1,39.88,-120.01,,,,,,,,,,,,,
39.8862,-122.7162,360.8,2020-08-31,1915,100,298.8,D,2020-08-31 19:15:00,1532.0,1534.0,2020.0,CA,USF,MNF,AUGUST COMPLEX,00000753,"Sun, 16 Aug 2020 07:00:00 GMT","Wed, 11 Nov 2020 08:00:00 GMT",1.0,3.0,1.0,1032700.0,,AUGUST COMPLEX,{EE343B88-0ADB-4C25-B744-6B4CE9DCC6DA},,{EE343B88-0ADB-4C25-B744-6B4CE9DCC6DA},2020-January 2025,1,39.89,-122.72,,,,,,,,,,,,,
39.8917,-121.1255,306.1,2020-02-19,2107,63,277.7,D,2020-02-19 21:07:00,20296.0,20298.0,1926.0,CA,USF,PNF, ,00000000,,,14.0,,1.0,2396.861,,,,00000009,,1950-1959,1,39.89,-121.13,,,,,,,,,,,,,
39.9024,-123.1419,324.0,2020-10-09,0543,69,286.7,N,2020-10-09 05:43:00,4590.0,4592.0,2012.0,CA,USF,MNF,NORTH PASS,00001446,"Mon, 18 Jun 2012 07:00:00 GMT","Thu, 27 Sep 2012 07:00:00 GMT",1.0,7.0,1.0,41812.52,,,,,,2010-2019,1,39.9,-123.14,,,,,,,,,,,,,
39.9032,-123.0804,440.7,2020-10-07,2113,100,311.5,D,2020-10-07 21:13:00,1532.0,1534.0,2020.0,CA,USF,MNF,AUGUST COMPLEX,00000753,"Sun, 16 Aug 2020 07:00:00 GMT","Wed, 11 Nov 2020 08:00:00 GMT",1.0,3.0,1.0,1032700.0,,AUGUST COMPLEX,{EE343B88-0ADB-4C25-B744-6B4CE9DCC6DA},,{EE343B88-0ADB-4C25-B744-6B4CE9DCC6DA},2020-January 2025,1,39.9,-123.08,,,,,,,,,,,,,
39.9032,-123.0804,440.7,2020-10-07,2113,100,311.5,D,2020-10-07 21:13:00,4590.0,4592.0,2012.0,CA,USF,MNF,NORTH PASS,00001446,"Mon, 18 Jun 2012 07:00:00 GMT","Thu, 27 Sep 2012 07:00:00 GMT",1.0,7.0,1.0,41812.52,,,,,,2010-2019,1,39.9,-123.08,,,,,,,,,,,,,
39.9017,-122.2358,311.0,2020-11-03,2054,64,301.0,D,2020-11-03 20:54:00,,,,,,,,,,,,,,,,,,,,,0,39.9,-122.24,,,,,,,,,,,,,
39.9076,-123.0659,315.3,2020-10-08,1838,53,295.1,D,2020-10-08 18:38:00,4590.0,4592.0,2012.0,CA,USF,MNF,NORTH PASS,00001446,"Mon, 18 Jun 2012 07:00:00 GMT","Thu, 27 Sep 2012 07:00:00 GMT",1.0,7.0,1.0,41812.52,,,,,,2010-2019,1,39.91,-123.07,,,,,,,,,,,,,
39.9089,-122.9854,325.9,2020-09-07,1921,67,305.2,D,2020-09-07 19:21:00,1532.0,1534.0,2020.0,CA,USF,MNF,AUGUST COMPLEX,00000753,"Sun, 16 Aug 2020 07:00:00 GMT","Wed, 11 Nov 2020 08:00:00 GMT",1.0,3.0,1.0,1032700.0,,AUGUST COMPLEX,{EE343B88-0ADB-4C25-B744-6B4CE9DCC6DA},,{EE343B88-0ADB-4C25-B744-6B4CE9DCC6DA},2020-January 2025,1,39.91,-122.99,,,,,,,,,,,,,
39.9062,-122.8965,341.8,2020-08-24,1909,90,296.4,D,2020-08-24 19:09:00,1532.0,1534.0,2020.0,CA,USF,MNF,AUGUST COMPLEX,00000753,"Sun, 16 Aug 2020 07:00:00 GMT","Wed, 11 Nov 2020 08:00:00 GMT",1.0,3.0,1.0,1032700.0,,AUGUST COMPLEX,{EE343B88-0ADB-4C25-B744-6B4CE9DCC6DA},,{EE343B88-0ADB-4C25-B744-6B4CE9DCC6DA},2020-January 2025,1,39.91,-122.9,,,,,,,,,,,,,
39.9105,-122.2332,302.4,2020-11-28,1908,52,289.6,D,2020-11-28 19:08:00,,,,,,,,,,,,,,,,,,,,,0,39.91,-122.23,,,,,,,,,,,,,
39.9072,-122.2232,317.7,2020-11-25,1838,78,288.0,D,2020-11-25 18:38:00,,,,,,,,,,,,,,,,,,,,,0,39.91,-122.22,,,,,,,,,,,,,
39.9088,-122.2216,306.8,2020-11-28,1908,64,288.9,D,2020-11-28 19:08:00,,,,,,,,,,,,,,,,,,,,,0,39.91,-122.22,,,,,,,,,,,,,
39.9189,-122.7792,332.2,2020-09-02,0703,100,293.7,N,2020-09-02 07:03:00,1532.0,1534.0,2020.0,CA,USF,MNF,AUGUST COMPLEX,00000753,"Sun, 16 Aug 2020 07:00:00 GMT","Wed, 11 Nov 2020 08:00:00 GMT",1.0,3.0,1.0,1032700.0,,AUGUST COMPLEX,{EE343B88-0ADB-4C25-B744-6B4CE9DCC6DA},,{EE343B88-0ADB-4C25-B744-6B4CE9DCC6DA},2020-January 2025,1,39.92,-122.78,,,,,,,,,,,,,
39.9396,-122.7633,304.9,2020-09-09,0531,54,288.5,N,2020-09-09 05:31:00,1532.0,1534.0,2020.0,CA,USF,MNF,AUGUST COMPLEX,00000753,"Sun, 16 Aug 2020 07:00:00 GMT","Wed, 11 Nov 2020 08:00:00 GMT",1.0,3.0,1.0,1032700.0,,AUGUST COMPLEX,{EE343B88-0ADB-4C25-B744-6B4CE9DCC6DA},,{EE343B88-0ADB-4C25-B744-6B4CE9DCC6DA},2020-January 2025,1,39.94,-122.76,,,,,,,,,,,,,
39.9488,-122.934,311.3,2020-08-27,0601,82,288.9,N,2020-08-27 06:01:00,1532.0,1534.0,2020.0,CA,USF,MNF,AUGUST COMPLEX,00000753,"Sun, 16 Aug 2020 07:00:00 GMT","Wed, 11 Nov 2020 08:00:00 GMT",1.0,3.0,1.0,1032700.0,,AUGUST COMPLEX,{EE343B88-0ADB-4C25-B744-6B4CE9DCC6DA},,{EE343B88-0ADB-4C25-B744-6B4CE9DCC6DA},2020-January 2025,1,39.95,-122.93,,,,,,,,,,,,,
39.9515,-122.9125,317.6,2020-08-29,1002,95,294.6,N,2020-08-29 10:02:00,1532.0,1534.0,2020.0,CA,USF,MNF,AUGUST COMPLEX,00000753,"Sun, 16 Aug 2020 07:00:00 GMT","Wed, 11 Nov 2020 08:00:00 GMT",1.0,3.0,1.0,1032700.0,,AUGUST COMPLEX,{EE343B88-0ADB-4C25-B744-6B4CE9DCC6DA},,{EE343B88-0ADB-4C25-B744-6B4CE9DCC6DA},2020-January 2025,1,39.95,-122.91,,,,,,,,,,,,,
39.9563,-122.9045,318.3,2020-08-29,1927,38,296.8,D,2020-08-29 19:27:00,1532.0,1534.0,2020.0,CA,USF,MNF,AUGUST COMPLEX,00000753,"Sun, 16 Aug 2020 07:00:00 GMT","Wed, 11 Nov 2020 08:00:00 GMT",1.0,3.0,1.0,1032700.0,,AUGUST COMPLEX,{EE343B88-0ADB-4C25-B744-6B4CE9DCC6DA},,{EE343B88-0ADB-4C25-B744-6B4CE9DCC6DA},2020-January 2025,1,39.96,-122.9,,,,,,,,,,,,,
39.9684,-122.9065,303.9,2020-08-30,1045,55,289.8,N,2020-08-30 10:45:00,1532.0,1534.0,2020.0,CA,USF,MNF,AUGUST COMPLEX,00000753,"Sun, 16 Aug 2020 07:00:00 GMT","Wed, 11 Nov 2020 08:00:00 GMT",1.0,3.0,1.0,1032700.0,,AUGUST COMPLEX,{EE343B88-0ADB-4C25-B744-6B4CE9DCC6DA},,{EE343B88-0ADB-4C25-B744-6B4CE9DCC6DA},2020-January 2025,1,39.97,-122.91,,,,,,,,,,,,,
39.9917,-122.8825,393.4,2020-09-05,2113,100,311.7,D,2020-09-05 21:13:00,1532.0,1534.0,2020.0,CA,USF,MNF,AUGUST COMPLEX,00000753,"Sun, 16 Aug 2020 07:00:00 GMT","Wed, 11 Nov 2020 08:00:00 GMT",1.0,3.0,1.0,1032700.0,,AUGUST COMPLEX,{EE343B88-0ADB-4C25-B744-6B4CE9DCC6DA},,{EE343B88-0ADB-4C25-B744-6B4CE9DCC6DA},2020-January 2025,1,39.99,-122.88,,,,,,,,,,,,,
40.0132,-123.1486,332.6,2020-09-29,2202,85,294.8,D,2020-09-29 22:02:00,1532.0,1534.0,2020.0,CA,USF,MNF,AUGUST COMPLEX,00000753,"Sun, 16 Aug 2020 07:00:00 GMT","Wed, 11 Nov 2020 08:00:00 GMT",1.0,3.0,1.0,1032700.0,,AUGUST COMPLEX,{EE343B88-0ADB-4C25-B744-6B4CE9DCC6DA},,{EE343B88-0ADB-4C25-B744-6B4CE9DCC6DA},2020-January 2025,1,40.01,-123.15,,,,,,,,,,,,,
40.0449,-123.0827,372.9,2020-09-15,1832,100,302.5,D,2020-09-15 18:32:00,1532.0,1534.0,2020.0,CA,USF,MNF,AUGUST COMPLEX,00000753,"Sun, 16 Aug 2020 07:00:00 GMT","Wed, 11 Nov 2020 08:00:00 GMT",1.0,3.0,1.0,1032700.0,,AUGUST COMPLEX,{EE343B88-0ADB-4C25-B744-6B4CE9DCC6DA},,{EE343B88-0ADB-4C25-B744-6B4CE9DCC6DA},2020-January 2025,1,40.04,-123.08,,,,,,,,,,,,,
40.0449,-123.0827,372.9,2020-09-15,1832,100,302.5,D,2020-09-15 18:32:00,5725.0,5727.0,2008.0,CA,USF,MNF,YELLOW,00000047,"Sat, 21 Jun 2008 07:00:00 GMT","Thu, 20 Nov 2008 08:00:00 GMT",1.0,8.0,1.0,31932.87,,YOLLA BOLLY COMPLEX,,00000047,D85T,2000-2009,1,40.04,-123.08,,,,,,,,,,,,,
40.0383,-120.1096,370.5,2020-11-17,2107,100,286.3,D,2020-11-17 21:07:00,1582.0,1584.0,2020.0,CA,BLM,NOD,LAURA 2,00006431,"Tue, 17 Nov 2020 08:00:00 GMT","Mon, 23 Nov 2020 08:00:00 GMT",14.0,7.0,1.0,2729.027,,,{640FD5AB-A721-41FB-97AF-64D45210D561},,,2020-January 2025,1,40.04,-120.11,,,,,,,,,,,,,
40.0545,-123.0905,339.6,2020-09-20,1850,89,299.3,D,2020-09-20 18:50:00,1532.0,1534.0,2020.0,CA,USF,MNF,AUGUST COMPLEX,00000753,"Sun, 16 Aug 2020 07:00:00 GMT","Wed, 11 Nov 2020 08:00:00 GMT",1.0,3.0,1.0,1032700.0,,AUGUST COMPLEX,{EE343B88-0ADB-4C25-B744-6B4CE9DCC6DA},,{EE343B88-0ADB-4C25-B744-6B4CE9DCC6DA},2020-January 2025,1,40.05,-123.09,,,,,,,,,,,,,
40.0545,-123.0905,339.6,2020-09-20,1850,89,299.3,D,2020-09-20 18:50:00,5725.0,5727.0,2008.0,CA,USF,MNF,YELLOW,00000047,"Sat, 21 Jun 2008 07:00:00 GMT","Thu, 20 Nov 2008 08:00:00 GMT",1.0,8.0,1.0,31932.87,,YOLLA BOLLY COMPLEX,,00000047,D85T,2000-2009,1,40.05,-123.09,,,,,,,,,,,,,
40.0491,-122.9466,313.5,2020-09-15,1045,55,285.3,N,2020-09-15 10:45:00,1532.0,1534.0,2020.0,CA,USF,MNF,AUGUST COMPLEX,00000753,"Sun, 16 Aug 2020 07:00:00 GMT","Wed, 11 Nov 2020 08:00:00 GMT",1.0,3.0,1.0,1032700.0,,AUGUST COMPLEX,{EE343B88-0ADB-4C25-B744-6B4CE9DCC6DA},,{EE343B88-0ADB-4C25-B744-6B4CE9DCC6DA},2020-January 2025,1,40.05,-122.95,,,,,,,,,,,,,
40.0491,-122.9466,313.5,2020-09-15,1045,55,285.3,N,2020-09-15 10:45:00,5740.0,5742.0,2008.0,CA,USF,MNF,VINEGAR,00000030,"Sun, 22 Jun 2008 07:00:00 GMT","Wed, 25 Jun 2008 07:00:00 GMT",1.0,8.0,1.0,14544.0,,YOLLA BOLLY COMPLEX,,00000030,D85T,2000-2009,1,40.05,-122.95,,,,,,,,,,,,,
40.0497,-122.9302,305.8,2020-09-25,0531,66,281.5,N,2020-09-25 05:31:00,1532.0,1534.0,2020.0,CA,USF,MNF,AUGUST COMPLEX,00000753,"Sun, 16 Aug 2020 07:00:00 GMT","Wed, 11 Nov 2020 08:00:00 GMT",1.0,3.0,1.0,1032700.0,,AUGUST COMPLEX,{EE343B88-0ADB-4C25-B744-6B4CE9DCC6DA},,{EE343B88-0ADB-4C25-B744-6B4CE9DCC6DA},2020-January 2025,1,40.05,-122.93,,,,,,,,,,,,,
40.0497,-122.9302,305.8,2020-09-25,0531,66,281.5,N,2020-09-25 05:31:00,5740.0,5742.0,2008.0,CA,USF,MNF,VINEGAR,00000030,"Sun, 22 Jun 2008 07:00:00 GMT","Wed, 25 Jun 2008 07:00:00 GMT",1.0,8.0,1.0,14544.0,,YOLLA BOLLY COMPLEX,,00000030,D85T,2000-2009,1,40.05,-122.93,,,,,,,,,,,,,
40.0463,-122.9182,309.3,2020-09-25,0709,66,281.6,N,2020-09-25 07:09:00,1532.0,1534.0,2020.0,CA,USF,MNF,AUGUST COMPLEX,00000753,"Sun, 16 Aug 2020 07:00:00 GMT","Wed, 11 Nov 2020 08:00:00 GMT",1.0,3.0,1.0,1032700.0,,AUGUST COMPLEX,{EE343B88-0ADB-4C25-B744-6B4CE9DCC6DA},,{EE343B88-0ADB-4C25-B744-6B4CE9DCC6DA},2020-January 2025,1,40.05,-122.92,,,,,,,,,,,,,
40.0463,-122.9182,309.3,2020-09-25,0709,66,281.6,N,2020-09-25 07:09:00,5740.0,5742.0,2008.0,CA,USF,MNF,VINEGAR,00000030,"Sun, 22 Jun 2008 07:00:00 GMT","Wed, 25 Jun 2008 07:00:00 GMT",1.0,8.0,1.0,14544.0,,YOLLA BOLLY COMPLEX,,00000030,D85T,2000-2009,1,40.05,-122.92,,,,,,,,,,,,,
40.0463,-122.9182,309.3,2020-09-25,0709,66,281.6,N,2020-09-25 07:09:00,6555.0,6557.0,2006.0,CA,USF,MNF,YOLLA BOLLY COMPLEX,00000705,"Mon, 26 Jun 2006 07:00:00 GMT","Mon, 27 Nov 2006 08:00:00 GMT",1.0,7.0,2.0,1246.917,WFU,YOLLA BOLLY COMPLEX,,00000005,CR81,2000-2009,1,40.05,-122.92,,,,,,,,,,,,,
40.0508,-122.8283,325.0,2020-09-08,2144,56,301.5,D,2020-09-08 21:44:00,1532.0,1534.0,2020.0,CA,USF,MNF,AUGUST COMPLEX,00000753,"Sun, 16 Aug 2020 07:00:00 GMT","Wed, 11 Nov 2020 08:00:00 GMT",1.0,3.0,1.0,1032700.0,,AUGUST COMPLEX,{EE343B88-0ADB-4C25-B744-6B4CE9DCC6DA},,{EE343B88-0ADB-4C25-B744-6B4CE9DCC6DA},2020-January 2025,1,40.05,-122.83,,,,,,,,,,,,,
40.0642,-122.7342,331.1,2020-08-23,2144,78,296.4,D,2020-08-23 21:44:00,1532.0,1534.0,2020.0,CA,USF,MNF,AUGUST COMPLEX,00000753,"Sun, 16 Aug 2020 07:00:00 GMT","Wed, 11 Nov 2020 08:00:00 GMT",1.0,3.0,1.0,1032700.0,,AUGUST COMPLEX,{EE343B88-0ADB-4C25-B744-6B4CE9DCC6DA},,{EE343B88-0ADB-4C25-B744-6B4CE9DCC6DA},2020-January 2025,1,40.06,-122.73,,,,,,,,,,,,,
40.0642,-122.7342,331.1,2020-08-23,2144,78,296.4,D,2020-08-23 21:44:00,13250.0,13252.0,1976.0,CA,CDF,TGU,SKINNER MILL,00000000,"Sun, 27 Jun 1976 07:00:00 GMT",,9.0,,1.0,89133.28,,,,00000093,,1970-1979,1,40.06,-122.73,,,,,,,,,,,,,
40.0611,-120.0793,379.2,2020-11-17,2107,75,275.3,D,2020-11-17 21:07:00,1582.0,1584.0,2020.0,CA,BLM,NOD,LAURA 2,00006431,"Tue, 17 Nov 2020 08:00:00 GMT","Mon, 23 Nov 2020 08:00:00 GMT",14.0,7.0,1.0,2729.027,,,{640FD5AB-A721-41FB-97AF-64D45210D561},,,2020-January 2025,1,40.06,-120.08,,,,,,,,,,,,,
40.072,-122.9032,317.9,2020-10-04,1902,60,296.8,D,2020-10-04 19:02:00,1532.0,1534.0,2020.0,CA,USF,MNF,AUGUST COMPLEX,00000753,"Sun, 16 Aug 2020 07:00:00 GMT","Wed, 11 Nov 2020 08:00:00 GMT",1.0,3.0,1.0,1032700.0,,AUGUST COMPLEX,{EE343B88-0ADB-4C25-B744-6B4CE9DCC6DA},,{EE343B88-0ADB-4C25-B744-6B4CE9DCC6DA},2020-January 2025,1,40.07,-122.9,,,,,,,,,,,,,
40.072,-122.9032,317.9,2020-10-04,1902,60,296.8,D,2020-10-04 19:02:00,5740.0,5742.0,2008.0,CA,USF,MNF,VINEGAR,00000030,"Sun, 22 Jun 2008 07:00:00 GMT","Wed, 25 Jun 2008 07:00:00 GMT",1.0,8.0,1.0,14544.0,,YOLLA BOLLY COMPLEX,,00000030,D85T,2000-2009,1,40.07,-122.9,,,,,,,,,,,,,
40.0704,-122.8911,334.5,2020-10-04,1902,86,301.2,D,2020-10-04 19:02:00,1532.0,1534.0,2020.0,CA,USF,MNF,AUGUST COMPLEX,00000753,"Sun, 16 Aug 2020 07:00:00 GMT","Wed, 11 Nov 2020 08:00:00 GMT",1.0,3.0,1.0,1032700.0,,AUGUST COMPLEX,{EE343B88-0ADB-4C25-B744-6B4CE9DCC6DA},,{EE343B88-0ADB-4C25-B744-6B4CE9DCC6DA},2020-January 2025,1,40.07,-122.89,,,,,,,,,,,,,
40.0704,-122.8911,334.5,2020-10-04,1902,86,301.2,D,2020-10-04 19:02:00,5740.0,5742.0,2008.0,CA,USF,MNF,VINEGAR,00000030,"Sun, 22 Jun 2008 07:00:00 GMT","Wed, 25 Jun 2008 07:00:00 GMT",1.0,8.0,1.0,14544.0,,YOLLA BOLLY COMPLEX,,00000030,D85T,2000-2009,1,40.07,-122.89,,,,,,,,,,,,,
40.0789,-123.2857,315.6,2020-04-13,2209,64,291.6,D,2020-04-13 22:09:00,1532.0,1534.0,2020.0,CA,USF,MNF,AUGUST COMPLEX,00000753,"Sun, 16 Aug 2020 07:00:00 GMT","Wed, 11 Nov 2020 08:00:00 GMT",1.0,3.0,1.0,1032700.0,,AUGUST COMPLEX,{EE343B88-0ADB-4C25-B744-6B4CE9DCC6DA},,{EE343B88-0ADB-4C25-B744-6B4CE9DCC6DA},2020-January 2025,1,40.08,-123.29,,,,,,,,,,,,,
40.0773,-123.2776,317.9,2020-04-13,1850,77,296.7,D,2020-04-13 18:50:00,1532.0,1534.0,2020.0,CA,USF,MNF,AUGUST COMPLEX,00000753,"Sun, 16 Aug 2020 07:00:00 GMT","Wed, 11 Nov 2020 08:00:00 GMT",1.0,3.0,1.0,1032700.0,,AUGUST COMPLEX,{EE343B88-0ADB-4C25-B744-6B4CE9DCC6DA},,{EE343B88-0ADB-4C25-B744-6B4CE9DCC6DA},2020-January 2025,1,40.08,-123.28,,,,,,,,,,,,,
40.0966,-123.1575,322.6,2020-09-11,1856,78,292.7,D,2020-09-11 18:56:00,1532.0,1534.0,2020.0,CA,USF,MNF,AUGUST COMPLEX,00000753,"Sun, 16 Aug 2020 07:00:00 GMT","Wed, 11 Nov 2020 08:00:00 GMT",1.0,3.0,1.0,1032700.0,,AUGUST COMPLEX,{EE343B88-0ADB-4C25-B744-6B4CE9DCC6DA},,{EE343B88-0ADB-4C25-B744-6B4CE9DCC6DA},2020-January 2025,1,40.1,-123.16,,,,,,,,,,,,,
40.1322,-123.1392,324.0,2020-09-01,1957,58,296.8,D,2020-09-01 19:57:00,1532.0,1534.0,2020.0,CA,USF,MNF,AUGUST COMPLEX,00000753,"Sun, 16 Aug 2020 07:00:00 GMT","Wed, 11 Nov 2020 08:00:00 GMT",1.0,3.0,1.0,1032700.0,,AUGUST COMPLEX,{EE343B88-0ADB-4C25-B744-6B4CE9DCC6DA},,{EE343B88-0ADB-4C25-B744-6B4CE9DCC6DA},2020-January 2025,1,40.13,-123.14,,,,,,,,,,,,,
40.1305,-122.8166,306.9,2020-08-21,0638,14,289.0,N,2020-08-21 06:38:00,,,,,,,,,,,,,,,,,,,,,0,40.13,-122.82,,,,,,,,,,,,,
40.1285,-122.2133,308.3,2020-03-11,2125,57,297.6,D,2020-03-11 21:25:00,,,,,,,,,,,,,,,,,,,,,0,40.13,-122.21,,,,,,,,,,,,,
40.1431,-123.0603,309.0,2020-08-25,0613,59,290.2,N,2020-08-25 06:13:00,1532.0,1534.0,2020.0,CA,USF,MNF,AUGUST COMPLEX,00000753,"Sun, 16 Aug 2020 07:00:00 GMT","Wed, 11 Nov 2020 08:00:00 GMT",1.0,3.0,1.0,1032700.0,,AUGUST COMPLEX,{EE343B88-0ADB-4C25-B744-6B4CE9DCC6DA},,{EE343B88-0ADB-4C25-B744-6B4CE9DCC6DA},2020-January 2025,1,40.14,-123.06,,,,,,,,,,,,,
40.1509,-122.8319,339.5,2020-08-29,1927,89,299.2,D,2020-08-29 19:27:00,1532.0,1534.0,2020.0,CA,USF,MNF,AUGUST COMPLEX,00000753,"Sun, 16 Aug 2020 07:00:00 GMT","Wed, 11 Nov 2020 08:00:00 GMT",1.0,3.0,1.0,1032700.0,,AUGUST COMPLEX,{EE343B88-0ADB-4C25-B744-6B4CE9DCC6DA},,{EE343B88-0ADB-4C25-B744-6B4CE9DCC6DA},2020-January 2025,1,40.15,-122.83,,,,,,,,,,,,,
40.1549,-122.8117,304.8,2020-08-29,1002,1,291.7,N,2020-08-29 10:02:00,1532.0,1534.0,2020.0,CA,USF,MNF,AUGUST COMPLEX,00000753,"Sun, 16 Aug 2020 07:00:00 GMT","Wed, 11 Nov 2020 08:00:00 GMT",1.0,3.0,1.0,1032700.0,,AUGUST COMPLEX,{EE343B88-0ADB-4C25-B744-6B4CE9DCC6DA},,{EE343B88-0ADB-4C25-B744-6B4CE9DCC6DA},2020-January 2025,1,40.15,-122.81,,,,,,,,,,,,,
40.1629,-122.3326,308.9,2020-02-24,2125,68,297.8,D,2020-02-24 21:25:00,,,,,,,,,,,,,,,,,,,,,0,40.16,-122.33,,,,,,,,,,,,,
40.1734,-122.8288,369.5,2020-08-28,1844,100,309.0,D,2020-08-28 18:44:00,1532.0,1534.0,2020.0,CA,USF,MNF,AUGUST COMPLEX,00000753,"Sun, 16 Aug 2020 07:00:00 GMT","Wed, 11 Nov 2020 08:00:00 GMT",1.0,3.0,1.0,1032700.0,,AUGUST COMPLEX,{EE343B88-0ADB-4C25-B744-6B4CE9DCC6DA},,{EE343B88-0ADB-4C25-B744-6B4CE9DCC6DA},2020-January 2025,1,40.17,-122.83,,,,,,,,,,,,,
40.1783,-123.3714,333.5,2020-09-10,2131,87,294.2,D,2020-09-10 21:31:00,1532.0,1534.0,2020.0,CA,USF,MNF,AUGUST COMPLEX,00000753,"Sun, 16 Aug 2020 07:00:00 GMT","Wed, 11 Nov 2020 08:00:00 GMT",1.0,3.0,1.0,1032700.0,,AUGUST COMPLEX,{EE343B88-0ADB-4C25-B744-6B4CE9DCC6DA},,{EE343B88-0ADB-4C25-B744-6B4CE9DCC6DA},2020-January 2025,1,40.18,-123.37,,,,,,,,,,,,,
40.201,-123.4516,308.6,2020-10-08,0638,75,288.3,N,2020-10-08 06:38:00,1532.0,1534.0,2020.0,CA,USF,MNF,AUGUST COMPLEX,00000753,"Sun, 16 Aug 2020 07:00:00 GMT","Wed, 11 Nov 2020 08:00:00 GMT",1.0,3.0,1.0,1032700.0,,AUGUST COMPLEX,{EE343B88-0ADB-4C25-B744-6B4CE9DCC6DA},,{EE343B88-0ADB-4C25-B744-6B4CE9DCC6DA},2020-January 2025,1,40.2,-123.45,,,,,,,,,,,,,
40.1958,-123.4024,314.0,2020-10-09,0956,88,285.1,N,2020-10-09 09:56:00,1532.0,1534.0,2020.0,CA,USF,MNF,AUGUST COMPLEX,00000753,"Sun, 16 Aug 2020 07:00:00 GMT","Wed, 11 Nov 2020 08:00:00 GMT",1.0,3.0,1.0,1032700.0,,AUGUST COMPLEX,{EE343B88-0ADB-4C25-B744-6B4CE9DCC6DA},,{EE343B88-0ADB-4C25-B744-6B4CE9DCC6DA},2020-January 2025,1,40.2,-123.4,,,,,,,,,,,,,
40.2397,-123.2605,328.7,2020-09-12,1014,97,292.6,N,2020-09-12 10:14:00,1532.0,1534.0,2020.0,CA,USF,MNF,AUGUST COMPLEX,00000753,"Sun, 16 Aug 2020 07:00:00 GMT","Wed, 11 Nov 2020 08:00:00 GMT",1.0,3.0,1.0,1032700.0,,AUGUST COMPLEX,{EE343B88-0ADB-4C25-B744-6B4CE9DCC6DA},,{EE343B88-0ADB-4C25-B744-6B4CE9DCC6DA},2020-January 2025,1,40.24,-123.26,,,,,,,,,,,,,
40.2397,-123.2605,328.7,2020-09-12,1014,97,292.6,N,2020-09-12 10:14:00,20612.0,20614.0,1924.0,CA,USF,SRF, ,00000000,"Mon, 01 Sep 1924 07:00:00 GMT",,14.0,,1.0,1593.291,,,,00400862,,1950-1959,1,40.24,-123.26,,,,,,,,,,,,,
40.2409,-123.1394,300.6,2020-09-12,0601,17,287.6,N,2020-09-12 06:01:00,1532.0,1534.0,2020.0,CA,USF,MNF,AUGUST COMPLEX,00000753,"Sun, 16 Aug 2020 07:00:00 GMT","Wed, 11 Nov 2020 08:00:00 GMT",1.0,3.0,1.0,1032700.0,,AUGUST COMPLEX,{EE343B88-0ADB-4C25-B744-6B4CE9DCC6DA},,{EE343B88-0ADB-4C25-B744-6B4CE9DCC6DA},2020-January 2025,1,40.24,-123.14,,,,,,,,,,,,,
40.2466,-123.0939,325.6,2020-10-17,2150,77,302.8,D,2020-10-17 21:50:00,1532.0,1534.0,2020.0,CA,USF,MNF,AUGUST COMPLEX,00000753,"Sun, 16 Aug 2020 07:00:00 GMT","Wed, 11 Nov 2020 08:00:00 GMT",1.0,3.0,1.0,1032700.0,,AUGUST COMPLEX,{EE343B88-0ADB-4C25-B744-6B4CE9DCC6DA},,{EE343B88-0ADB-4C25-B744-6B4CE9DCC6DA},2020-January 2025,1,40.25,-123.09,,,,,,,,,,,,,
40.2516,-123.0392,301.6,2020-10-10,0626,13,281.9,N,2020-10-10 06:26:00,1532.0,1534.0,2020.0,CA,USF,MNF,AUGUST COMPLEX,00000753,"Sun, 16 Aug 2020 07:00:00 GMT","Wed, 11 Nov 2020 08:00:00 GMT",1.0,3.0,1.0,1032700.0,,AUGUST COMPLEX,{EE343B88-0ADB-4C25-B744-6B4CE9DCC6DA},,{EE343B88-0ADB-4C25-B744-6B4CE9DCC6DA},2020-January 2025,1,40.25,-123.04,,,,,,,,,,,,,
40.2615,-123.508,301.4,2020-10-06,0650,21,290.2,N,2020-10-06 06:50:00,1532.0,1534.0,2020.0,CA,USF,MNF,AUGUST COMPLEX,00000753,"Sun, 16 Aug 2020 07:00:00 GMT","Wed, 11 Nov 2020 08:00:00 GMT",1.0,3.0,1.0,1032700.0,,AUGUST COMPLEX,{EE343B88-0ADB-4C25-B744-6B4CE9DCC6DA},,{EE343B88-0ADB-4C25-B744-6B4CE9DCC6DA},2020-January 2025,1,40.26,-123.51,,,,,,,,,,,,,
40.2565,-123.0798,306.8,2020-10-10,0626,53,282.9,N,2020-10-10 06:26:00,1532.0,1534.0,2020.0,CA,USF,MNF,AUGUST COMPLEX,00000753,"Sun, 16 Aug 2020 07:00:00 GMT","Wed, 11 Nov 2020 08:00:00 GMT",1.0,3.0,1.0,1032700.0,,AUGUST COMPLEX,{EE343B88-0ADB-4C25-B744-6B4CE9DCC6DA},,{EE343B88-0ADB-4C25-B744-6B4CE9DCC6DA},2020-January 2025,1,40.26,-123.08,,,,,,,,,,,,,
40.2586,-123.0649,324.2,2020-10-14,2119,78,299.1,D,2020-10-14 21:19:00,1532.0,1534.0,2020.0,CA,USF,MNF,AUGUST COMPLEX,00000753,"Sun, 16 Aug 2020 07:00:00 GMT","Wed, 11 Nov 2020 08:00:00 GMT",1.0,3.0,1.0,1032700.0,,AUGUST COMPLEX,{EE343B88-0ADB-4C25-B744-6B4CE9DCC6DA},,{EE343B88-0ADB-4C25-B744-6B4CE9DCC6DA},2020-January 2025,1,40.26,-123.06,,,,,,,,,,,,,
40.2978,-123.2827,321.0,2020-09-15,0632,60,292.2,N,2020-09-15 06:32:00,1532.0,1534.0,2020.0,CA,USF,MNF,AUGUST COMPLEX,00000753,"Sun, 16 Aug 2020 07:00:00 GMT","Wed, 11 Nov 2020 08:00:00 GMT",1.0,3.0,1.0,1032700.0,,AUGUST COMPLEX,{EE343B88-0ADB-4C25-B744-6B4CE9DCC6DA},,{EE343B88-0ADB-4C25-B744-6B4CE9DCC6DA},2020-January 2025,1,40.3,-123.28,,,,,,,,,,,,,
40.2993,-123.1162,329.4,2020-09-30,1927,79,301.4,D,2020-09-30 19:27:00,1532.0,1534.0,2020.0,CA,USF,MNF,AUGUST COMPLEX,00000753,"Sun, 16 Aug 2020 07:00:00 GMT","Wed, 11 Nov 2020 08:00:00 GMT",1.0,3.0,1.0,1032700.0,,AUGUST COMPLEX,{EE343B88-0ADB-4C25-B744-6B4CE9DCC6DA},,{EE343B88-0ADB-4C25-B744-6B4CE9DCC6DA},2020-January 2025,1,40.3,-123.12,,,,,,,,,,,,,
40.3032,-123.0842,320.9,2020-10-03,1032,100,290.8,N,2020-10-03 10:32:00,1149.0,1151.0,2021.0,CA,USF,SHF,MCFARLAND,00001175,"Fri, 30 Jul 2021 07:00:00 GMT","Tue, 26 Oct 2021 07:00:00 GMT",1.0,3.0,1.0,122447.7,,,{938686BB-0F52-47B2-B077-EB307941D939},,,2020-January 2025,1,40.3,-123.08,,,,,,,,,,,,,
40.3032,-123.0842,320.9,2020-10-03,1032,100,290.8,N,2020-10-03 10:32:00,1532.0,1534.0,2020.0,CA,USF,MNF,AUGUST COMPLEX,00000753,"Sun, 16 Aug 2020 07:00:00 GMT","Wed, 11 Nov 2020 08:00:00 GMT",1.0,3.0,1.0,1032700.0,,AUGUST COMPLEX,{EE343B88-0ADB-4C25-B744-6B4CE9DCC6DA},,{EE343B88-0ADB-4C25-B744-6B4CE9DCC6DA},2020-January 2025,1,40.3,-123.08,,,,,,,,,,,,,
40.3225,-122.8605,324.3,2020-02-23,0525,100,284.7,N,2020-02-23 05:25:00,1149.0,1151.0,2021.0,CA,USF,SHF,MCFARLAND,00001175,"Fri, 30 Jul 2021 07:00:00 GMT","Tue, 26 Oct 2021 07:00:00 GMT",1.0,3.0,1.0,122447.7,,,{938686BB-0F52-47B2-B077-EB307941D939},,,2020-January 2025,1,40.32,-122.86,,,,,,,,,,,,,
40.3225,-122.8605,324.3,2020-02-23,0525,100,284.7,N,2020-02-23 05:25:00,5745.0,5747.0,2008.0,CA,USF,SHF,NOBLE,,"Sat, 21 Jun 2008 07:00:00 GMT","Tue, 08 Jul 2008 07:00:00 GMT",1.0,7.0,1.0,12984.7,,LIME COMPLEX,,00000119,D8HC,2000-2009,1,40.32,-122.86,,,,,,,,,,,,,
40.3631,-123.4609,311.9,2020-10-08,2156,62,295.2,D,2020-10-08 21:56:00,3759.0,3761.0,2015.0,CA,USF,SRF,GOBBLER,001510,"Thu, 30 Jul 2015 07:00:00 GMT","Tue, 01 Sep 2015 07:00:00 GMT",1.0,7.0,1.0,8305.019,No containment date in firestat,MAD RIVER COMPLEX,{B1F65040-16C0-454D-8E19-78DFB6D0DDF4},00000090,{F7197F47-AE99-4808-8776-6898B6ED999E},2010-2019,1,40.36,-123.46,,,,,,,,,,,,,
40.3587,-123.37,302.7,2020-10-02,0537,42,291.1,N,2020-10-02 05:37:00,3756.0,3758.0,2015.0,CA,USF,SRF,PICKETT,001369,"Thu, 30 Jul 2015 07:00:00 GMT","Tue, 01 Sep 2015 07:00:00 GMT",1.0,7.0,1.0,11012.8,No containment date in firestat,MAD RIVER COMPLEX,{B6DC3782-E6FA-4B2E-A7D3-DAA2F352797E},00000051,{F7197F47-AE99-4808-8776-6898B6ED999E},2010-2019,1,40.36,-123.37,,,,,,,,,,,,,
40.3819,-122.188,310.3,2020-02-13,1826,70,286.3,D,2020-02-13 18:26:00,,,,,,,,,,,,,,,,,,,,,0,40.38,-122.19,,,,,,,,,,,,,
40.4106,-120.8431,308.0,2020-07-20,0913,56,288.2,N,2020-07-20 09:13:00,,,,,,,,,,,,,,,,,,,,,0,40.41,-120.84,,,,,,,,,,,,,
40.4068,-120.8161,313.0,2020-07-21,0956,86,290.9,N,2020-07-21 09:56:00,1563.0,1565.0,2020.0,CA,CDF,LMU,HOG,00003874,"Sat, 18 Jul 2020 07:00:00 GMT","Fri, 28 Aug 2020 07:00:00 GMT",14.0,7.0,1.0,9566.36,,,{795DCBB1-F228-4F7B-9C92-14999DC4B397},,,2020-January 2025,1,40.41,-120.82,,,,,,,,,,,,,
40.4109,-120.8,384.0,2020-07-20,0638,100,305.1,N,2020-07-20 06:38:00,1563.0,1565.0,2020.0,CA,CDF,LMU,HOG,00003874,"Sat, 18 Jul 2020 07:00:00 GMT","Fri, 28 Aug 2020 07:00:00 GMT",14.0,7.0,1.0,9566.36,,,{795DCBB1-F228-4F7B-9C92-14999DC4B397},,,2020-January 2025,1,40.41,-120.8,,,,,,,,,,,,,
40.4074,-120.767,337.9,2020-07-20,2156,78,297.7,D,2020-07-20 21:56:00,,,,,,,,,,,,,,,,,,,,,0,40.41,-120.77,,,,,,,,,,,,,
40.4169,-123.3579,314.7,2020-10-04,1902,68,290.6,D,2020-10-04 19:02:00,1532.0,1534.0,2020.0,CA,USF,MNF,AUGUST COMPLEX,00000753,"Sun, 16 Aug 2020 07:00:00 GMT","Wed, 11 Nov 2020 08:00:00 GMT",1.0,3.0,1.0,1032700.0,,AUGUST COMPLEX,{EE343B88-0ADB-4C25-B744-6B4CE9DCC6DA},,{EE343B88-0ADB-4C25-B744-6B4CE9DCC6DA},2020-January 2025,1,40.42,-123.36,,,,,,,,,,,,,
40.4169,-123.3579,314.7,2020-10-04,1902,68,290.6,D,2020-10-04 19:02:00,10809.0,10811.0,1987.0,CA,USF,SHF,FLUME,00000000,"Sun, 30 Aug 1987 07:00:00 GMT","Thu, 10 Sep 1987 07:00:00 GMT",1.0,8.0,1.0,12616.72,,,,00000290,,1980-1989,1,40.42,-123.36,,,,,,,,,,,,,
40.4152,-123.3599,326.5,2020-10-07,2113,81,297.6,D,2020-10-07 21:13:00,1532.0,1534.0,2020.0,CA,USF,MNF,AUGUST COMPLEX,00000753,"Sun, 16 Aug 2020 07:00:00 GMT","Wed, 11 Nov 2020 08:00:00 GMT",1.0,3.0,1.0,1032700.0,,AUGUST COMPLEX,{EE343B88-0ADB-4C25-B744-6B4CE9DCC6DA},,{EE343B88-0ADB-4C25-B744-6B4CE9DCC6DA},2020-January 2025,1,40.42,-123.36,,,,,,,,,,,,,
40.4152,-123.3599,326.5,2020-10-07,2113,81,297.6,D,2020-10-07 21:13:00,10809.0,10811.0,1987.0,CA,USF,SHF,FLUME,00000000,"Sun, 30 Aug 1987 07:00:00 GMT","Thu, 10 Sep 1987 07:00:00 GMT",1.0,8.0,1.0,12616.72,,,,00000290,,1980-1989,1,40.42,-123.36,,,,,,,,,,,,,
40.438,-123.3776,300.5,2020-10-10,0626,12,282.2,N,2020-10-10 06:26:00,,,,,,,,,,,,,,,,,,,,,0,40.44,-123.38,,,,,,,,,,,,,
40.463,-122.8133,336.4,2020-04-24,2150,89,296.5,D,2020-04-24 21:50:00,,,,,,,,,,,,,,,,,,,,,0,40.46,-122.81,,,,,,,,,,,,,
40.4645,-122.8122,309.3,2020-04-24,1832,40,291.8,D,2020-04-24 18:32:00,,,,,,,,,,,,,,,,,,,,,0,40.46,-122.81,,,,,,,,,,,,,
40.4681,-122.6886,385.9,2020-09-30,1002,100,300.2,N,2020-09-30 10:02:00,1546.0,1548.0,2020.0,CA,CDF,SHU,ZOGG,00009978,"Sun, 27 Sep 2020 07:00:00 GMT","Tue, 13 Oct 2020 07:00:00 GMT",14.0,3.0,1.0,56338.05,,,{50253DF3-A05D-4951-8D9A-E8E8658A57B5},,,2020-January 2025,1,40.47,-122.69,,,,,,,,,,,,,
40.4681,-122.6886,385.9,2020-09-30,1002,100,300.2,N,2020-09-30 10:02:00,17316.0,17318.0,1950.0,CA,CDF,SHU,RAINBOW,00000000,"Sat, 02 Sep 1950 07:00:00 GMT",,14.0,,1.0,25291.77,,,,00000281,,1950-1959,1,40.47,-122.69,,,,,,,,,,,,,
40.4813,-122.5195,312.3,2020-11-05,1902,71,301.3,D,2020-11-05 19:02:00,2402.0,2404.0,2018.0,CA,CDF,SHU,DUMP,00006586,"Sun, 24 Jun 2018 07:00:00 GMT","Wed, 27 Jun 2018 07:00:00 GMT",7.0,1.0,1.0,1220.089,,,,,,2010-2019,1,40.48,-122.52,,,,,,,,,,,,,
40.4813,-122.5195,312.3,2020-11-05,1902,71,301.3,D,2020-11-05 19:02:00,4302.0,4304.0,2013.0,CA,CDF,SHU,CLOVER,00008265,"Mon, 09 Sep 2013 07:00:00 GMT","Sun, 15 Sep 2013 07:00:00 GMT",7.0,7.0,1.0,8075.774,,,,,,2010-2019,1,40.48,-122.52,,,,,,,,,,,,,
40.4813,-122.5195,312.3,2020-11-05,1902,71,301.3,D,2020-11-05 19:02:00,17896.0,17898.0,1946.0,CA,CDF,SHU,MULETOWN,00000000,,,14.0,,1.0,25992.85,,,,00000000,,1950-1959,1,40.48,-122.52,,,,,,,,,,,,,
40.5338,-122.5381,389.4,2020-09-28,1014,100,309.5,N,2020-09-28 10:14:00,1546.0,1548.0,2020.0,CA,CDF,SHU,ZOGG,00009978,"Sun, 27 Sep 2020 07:00:00 GMT","Tue, 13 Oct 2020 07:00:00 GMT",14.0,3.0,1.0,56338.05,,,{50253DF3-A05D-4951-8D9A-E8E8658A57B5},,,2020-January 2025,1,40.53,-122.54,,,,,,,,,,,,,
40.5338,-122.5381,389.4,2020-09-28,1014,100,309.5,N,2020-09-28 10:14:00,2355.0,2357.0,2018.0,CA,CDF,SHU,CARR ,00007808,"Mon, 23 Jul 2018 07:00:00 GMT","Sat, 01 Sep 2018 07:00:00 GMT",10.0,1.0,1.0,229651.4,,,,,,2010-2019,1,40.53,-122.54,,,,,,,,,,,,,
40.5338,-122.5381,389.4,2020-09-28,1014,100,309.5,N,2020-09-28 10:14:00,17343.0,17345.0,1950.0,CA,CDF,SHU,KANAKA CREEK,00000000,,,14.0,,1.0,4827.514,,,,00000000,,1950-1959,1,40.53,-122.54,,,,,,,,,,,,,
40.5455,-122.5541,350.2,2020-09-28,1939,95,310.7,D,2020-09-28 19:39:00,1546.0,1548.0,2020.0,CA,CDF,SHU,ZOGG,00009978,"Sun, 27 Sep 2020 07:00:00 GMT","Tue, 13 Oct 2020 07:00:00 GMT",14.0,3.0,1.0,56338.05,,,{50253DF3-A05D-4951-8D9A-E8E8658A57B5},,,2020-January 2025,1,40.55,-122.55,,,,,,,,,,,,,
40.5455,-122.5541,350.2,2020-09-28,1939,95,310.7,D,2020-09-28 19:39:00,2355.0,2357.0,2018.0,CA,CDF,SHU,CARR ,00007808,"Mon, 23 Jul 2018 07:00:00 GMT","Sat, 01 Sep 2018 07:00:00 GMT",10.0,1.0,1.0,229651.4,,,,,,2010-2019,1,40.55,-122.55,,,,,,,,,,,,,
40.5455,-122.5541,350.2,2020-09-28,1939,95,310.7,D,2020-09-28 19:39:00,10204.0,10206.0,1990.0,CA,CDF,SHU,KANAKA,00004380,"Wed, 08 Aug 1990 07:00:00 GMT",,1.0,,1.0,2900.713,,,,00000502,,1990-1999,1,40.55,-122.55,,,,,,,,,,,,,
40.5455,-122.5541,350.2,2020-09-28,1939,95,310.7,D,2020-09-28 19:39:00,17343.0,17345.0,1950.0,CA,CDF,SHU,KANAKA CREEK,00000000,,,14.0,,1.0,4827.514,,,,00000000,,1950-1959,1,40.55,-122.55,,,,,,,,,,,,,
40.5542,-120.4682,333.4,2020-08-11,0601,100,287.4,N,2020-08-11 06:01:00,,,,,,,,,,,,,,,,,,,,,0,40.55,-120.47,,,,,,,,,,,,,
40.5709,-122.4687,320.2,2020-02-28,1921,80,292.8,D,2020-02-28 19:21:00,2355.0,2357.0,2018.0,CA,CDF,SHU,CARR ,00007808,"Mon, 23 Jul 2018 07:00:00 GMT","Sat, 01 Sep 2018 07:00:00 GMT",10.0,1.0,1.0,229651.4,,,,,,2010-2019,1,40.57,-122.47,,,,,,,,,,,,,
40.5709,-122.4687,320.2,2020-02-28,1921,80,292.8,D,2020-02-28 19:21:00,16270.0,16272.0,1956.0,CA,CDF,SHU,SUGAR LOAF MINE,00000000,"Sat, 11 Aug 1956 07:00:00 GMT",,14.0,,1.0,709.9699,,,,00000131,,1950-1959,1,40.57,-122.47,,,,,,,,,,,,,
40.6682,-120.7854,305.1,2020-02-11,1838,0,280.1,D,2020-02-11 18:38:00,,,,,,,,,,,,,,,,,,,,,0,40.67,-120.79,,,,,,,,,,,,,
40.7788,-122.7003,300.2,2020-01-07,0607,21,271.9,N,2020-01-07 06:07:00,2355.0,2357.0,2018.0,CA,CDF,SHU,CARR ,00007808,"Mon, 23 Jul 2018 07:00:00 GMT","Sat, 01 Sep 2018 07:00:00 GMT",10.0,1.0,1.0,229651.4,,,,,,2010-2019,1,40.78,-122.7,,,,,,,,,,,,,
40.7818,-122.1521,304.3,2020-03-05,1844,38,290.4,D,2020-03-05 18:44:00,,,,,,,,,,,,,,,,,,,,,0,40.78,-122.15,,,,,,,,,,,,,
40.8041,-122.6595,308.4,2020-01-07,2125,0,271.2,D,2020-01-07 21:25:00,2355.0,2357.0,2018.0,CA,CDF,SHU,CARR ,00007808,"Mon, 23 Jul 2018 07:00:00 GMT","Sat, 01 Sep 2018 07:00:00 GMT",10.0,1.0,1.0,229651.4,,,,,,2010-2019,1,40.8,-122.66,,,,,,,,,,,,,
40.8278,-119.6074,326.5,2020-08-14,2012,55,308.9,D,2020-08-14 20:12:00,,,,,,,,,,,,,,,,,,,,,0,40.83,-119.61,,,,,,,,,,,,,
40.8382,-119.634,345.3,2020-08-13,2107,89,321.2,D,2020-08-13 21:07:00,,,,,,,,,,,,,,,,,,,,,0,40.84,-119.63,,,,,,,,,,,,,
40.8716,-121.0312,320.8,2020-04-21,2119,75,304.8,D,2020-04-21 21:19:00,,,,,,,,,,,,,,,,,,,,,0,40.87,-121.03,,,,,,,,,,,,,
40.867,-120.2327,321.5,2020-02-26,2113,79,299.6,D,2020-02-26 21:13:00,,,,,,,,,,,,,,,,,,,,,0,40.87,-120.23,,,,,,,,,,,,,
40.8867,-122.6083,316.0,2020-11-24,1932,76,280.9,D,2020-11-24 19:32:00,,,,,,,,,,,,,,,,,,,,,0,40.89,-122.61,,,,,,,,,,,,,
40.959,-123.8998,309.6,2020-12-14,2049,60,275.3,D,2020-12-14 20:49:00,,,,,,,,,,,,,,,,,,,,,0,40.96,-123.9,,,,,,,,,,,,,
40.9826,-122.3951,304.3,2020-11-19,1914,59,278.8,D,2020-11-19 19:14:00,2360.0,2362.0,2018.0,CA,USF,SHF,DELTA,00001444,"Wed, 05 Sep 2018 07:00:00 GMT",,9.0,3.0,1.0,63505.61,,,{A93E1B54-65CD-4C63-BD08-10697F88A250},,,2010-2019,1,40.98,-122.4,,,,,,,,,,,,,
40.9782,-122.3513,335.6,2020-01-02,2107,90,281.4,D,2020-01-02 21:07:00,2360.0,2362.0,2018.0,CA,USF,SHF,DELTA,00001444,"Wed, 05 Sep 2018 07:00:00 GMT",,9.0,3.0,1.0,63505.61,,,{A93E1B54-65CD-4C63-BD08-10697F88A250},,,2010-2019,1,40.98,-122.35,,,,,,,,,,,,,
40.9782,-122.3513,335.6,2020-01-02,2107,90,281.4,D,2020-01-02 21:07:00,8405.0,8407.0,1999.0,CA,USF,SHF,HIGH,00000000,"Mon, 23 Aug 1999 07:00:00 GMT","Tue, 05 Oct 1999 07:00:00 GMT",1.0,8.0,1.0,3084.816,,,,00000110,,1990-1999,1,40.98,-122.35,,,,,,,,,,,,,
41.0025,-123.3292,317.4,2020-09-29,2202,72,296.6,D,2020-09-29 22:02:00,1539.0,1541.0,2020.0,CA,USF,SRF,RED SALMON COMPLEX,00000656,"Mon, 27 Jul 2020 07:00:00 GMT","Thu, 19 Nov 2020 08:00:00 GMT",1.0,8.0,1.0,143836.4,,RED SALMON COMPLEX,{843FC86F-D6D2-4E49-93EA-96F6B0720C3D},,{843FC86F-D6D2-4E49-93EA-96F6B0720C3D},2020-January 2025,1,41.0,-123.33,,,,,,,,,,,,,
41.0025,-123.3292,317.4,2020-09-29,2202,72,296.6,D,2020-09-29 22:02:00,6503.0,6505.0,2006.0,CA,USF,SHF,BAKE-OVEN,00001693,"Sun, 23 Jul 2006 07:00:00 GMT","Thu, 30 Nov 2006 08:00:00 GMT",1.0,7.0,1.0,65050.05,,BAR COMPLEX,,00000165,C1FQ,2000-2009,1,41.0,-123.33,,,,,,,,,,,,,
41.0038,-123.3222,353.4,2020-10-01,0632,100,297.7,N,2020-10-01 06:32:00,1539.0,1541.0,2020.0,CA,USF,SRF,RED SALMON COMPLEX,00000656,"Mon, 27 Jul 2020 07:00:00 GMT","Thu, 19 Nov 2020 08:00:00 GMT",1.0,8.0,1.0,143836.4,,RED SALMON COMPLEX,{843FC86F-D6D2-4E49-93EA-96F6B0720C3D},,{843FC86F-D6D2-4E49-93EA-96F6B0720C3D},2020-January 2025,1,41.0,-123.32,,,,,,,,,,,,,
41.0038,-123.3222,353.4,2020-10-01,0632,100,297.7,N,2020-10-01 06:32:00,6503.0,6505.0,2006.0,CA,USF,SHF,BAKE-OVEN,00001693,"Sun, 23 Jul 2006 07:00:00 GMT","Thu, 30 Nov 2006 08:00:00 GMT",1.0,7.0,1.0,65050.05,,BAR COMPLEX,,00000165,C1FQ,2000-2009,1,41.0,-123.32,,,,,,,,,,,,,
41.0064,-123.4794,325.6,2020-09-11,1856,57,294.3,D,2020-09-11 18:56:00,4300.0,4302.0,2013.0,CA,USF,SRF,CORRAL,00000044,"Sat, 10 Aug 2013 07:00:00 GMT","Wed, 02 Oct 2013 07:00:00 GMT",1.0,3.0,1.0,12541.42,"Corral, Graveyard, Ladder, Meadows, Patterson, Swamps, and Trail merged to become complex",CORRAL COMPLEX,,,00001494,2010-2019,1,41.01,-123.48,,,,,,,,,,,,,
41.0064,-123.4794,325.6,2020-09-11,1856,57,294.3,D,2020-09-11 18:56:00,8366.0,8368.0,1999.0,CA,USF,SHF,MEGRAM,00000000,"Mon, 23 Aug 1999 07:00:00 GMT","Wed, 03 Nov 1999 08:00:00 GMT",1.0,8.0,1.0,125072.5,,,,00000123,,1990-1999,1,41.01,-123.48,,,,,,,,,,,,,
41.0065,-120.7304,320.0,2020-07-25,0519,100,290.7,N,2020-07-25 05:19:00,1556.0,1558.0,2020.0,CA,CDF,LMU,GOLD,00003917,"Mon, 20 Jul 2020 07:00:00 GMT","Thu, 29 Oct 2020 07:00:00 GMT",14.0,7.0,1.0,22652.56,,,{E180DEC7-DA19-459B-9727-B2AE2C2BE0DE},,,2020-January 2025,1,41.01,-120.73,,,,,,,,,,,,,
41.0202,-123.6086,319.1,2020-09-23,2101,78,294.5,D,2020-09-23 21:01:00,576.0,577.0,2023.0,CA,USF,SRF,LONE PINE,00000931,"Tue, 15 Aug 2023 07:00:00 GMT","Fri, 15 Sep 2023 07:00:00 GMT",1.0,3.0,1.0,1684.73,,2023 SRF LIGHTNING COMPLEX,{D91D2FCB-C4C4-4015-A7AC-15B5B7071716},,{16890FB5-5004-4114-B056-1760AD7EB6C1},2020-January 2025,1,41.02,-123.61,,,,,,,,,,,,,
41.0227,-123.5755,313.8,2020-09-28,2119,38,299.6,D,2020-09-28 21:19:00,1539.0,1541.0,2020.0,CA,USF,SRF,RED SALMON COMPLEX,00000656,"Mon, 27 Jul 2020 07:00:00 GMT","Thu, 19 Nov 2020 08:00:00 GMT",1.0,8.0,1.0,143836.4,,RED SALMON COMPLEX,{843FC86F-D6D2-4E49-93EA-96F6B0720C3D},,{843FC86F-D6D2-4E49-93EA-96F6B0720C3D},2020-January 2025,1,41.02,-123.58,,,,,,,,,,,,,
41.0152,-123.3014,325.6,2020-10-02,0537,100,293.3,N,2020-10-02 05:37:00,1539.0,1541.0,2020.0,CA,USF,SRF,RED SALMON COMPLEX,00000656,"Mon, 27 Jul 2020 07:00:00 GMT","Thu, 19 Nov 2020 08:00:00 GMT",1.0,8.0,1.0,143836.4,,RED SALMON COMPLEX,{843FC86F-D6D2-4E49-93EA-96F6B0720C3D},,{843FC86F-D6D2-4E49-93EA-96F6B0720C3D},2020-January 2025,1,41.02,-123.3,,,,,,,,,,,,,
41.0152,-123.3014,325.6,2020-10-02,0537,100,293.3,N,2020-10-02 05:37:00,6503.0,6505.0,2006.0,CA,USF,SHF,BAKE-OVEN,00001693,"Sun, 23 Jul 2006 07:00:00 GMT","Thu, 30 Nov 2006 08:00:00 GMT",1.0,7.0,1.0,65050.05,,BAR COMPLEX,,00000165,C1FQ,2000-2009,1,41.02,-123.3,,,,,,,,,,,,,
41.0198,-123.2772,310.8,2020-11-02,2150,66,297.9,D,2020-11-02 21:50:00,6503.0,6505.0,2006.0,CA,USF,SHF,BAKE-OVEN,00001693,"Sun, 23 Jul 2006 07:00:00 GMT","Thu, 30 Nov 2006 08:00:00 GMT",1.0,7.0,1.0,65050.05,,BAR COMPLEX,,00000165,C1FQ,2000-2009,1,41.02,-123.28,,,,,,,,,,,,,
41.0241,-122.5724,319.9,2020-11-20,2138,77,285.3,D,2020-11-20 21:38:00,2360.0,2362.0,2018.0,CA,USF,SHF,DELTA,00001444,"Wed, 05 Sep 2018 07:00:00 GMT",,9.0,3.0,1.0,63505.61,,,{A93E1B54-65CD-4C63-BD08-10697F88A250},,,2010-2019,1,41.02,-122.57,,,,,,,,,,,,,
41.0245,-120.7466,415.9,2020-07-24,0614,100,307.1,N,2020-07-24 06:14:00,1556.0,1558.0,2020.0,CA,CDF,LMU,GOLD,00003917,"Mon, 20 Jul 2020 07:00:00 GMT","Thu, 29 Oct 2020 07:00:00 GMT",14.0,7.0,1.0,22652.56,,,{E180DEC7-DA19-459B-9727-B2AE2C2BE0DE},,,2020-January 2025,1,41.02,-120.75,,,,,,,,,,,,,
41.027,-123.2929,314.8,2020-10-23,2113,75,291.8,D,2020-10-23 21:13:00,1539.0,1541.0,2020.0,CA,USF,SRF,RED SALMON COMPLEX,00000656,"Mon, 27 Jul 2020 07:00:00 GMT","Thu, 19 Nov 2020 08:00:00 GMT",1.0,8.0,1.0,143836.4,,RED SALMON COMPLEX,{843FC86F-D6D2-4E49-93EA-96F6B0720C3D},,{843FC86F-D6D2-4E49-93EA-96F6B0720C3D},2020-January 2025,1,41.03,-123.29,,,,,,,,,,,,,
41.027,-123.2929,314.8,2020-10-23,2113,75,291.8,D,2020-10-23 21:13:00,6503.0,6505.0,2006.0,CA,USF,SHF,BAKE-OVEN,00001693,"Sun, 23 Jul 2006 07:00:00 GMT","Thu, 30 Nov 2006 08:00:00 GMT",1.0,7.0,1.0,65050.05,,BAR COMPLEX,,00000165,C1FQ,2000-2009,1,41.03,-123.29,,,,,,,,,,,,,
41.0436,-123.3198,315.5,2020-10-01,0632,75,293.3,N,2020-10-01 06:32:00,1539.0,1541.0,2020.0,CA,USF,SRF,RED SALMON COMPLEX,00000656,"Mon, 27 Jul 2020 07:00:00 GMT","Thu, 19 Nov 2020 08:00:00 GMT",1.0,8.0,1.0,143836.4,,RED SALMON COMPLEX,{843FC86F-D6D2-4E49-93EA-96F6B0720C3D},,{843FC86F-D6D2-4E49-93EA-96F6B0720C3D},2020-January 2025,1,41.04,-123.32,,,,,,,,,,,,,
41.0436,-123.3198,315.5,2020-10-01,0632,75,293.3,N,2020-10-01 06:32:00,6503.0,6505.0,2006.0,CA,USF,SHF,BAKE-OVEN,00001693,"Sun, 23 Jul 2006 07:00:00 GMT","Thu, 30 Nov 2006 08:00:00 GMT",1.0,7.0,1.0,65050.05,,BAR COMPLEX,,00000165,C1FQ,2000-2009,1,41.04,-123.32,,,,,,,,,,,,,
41.0374,-121.4527,302.8,2020-12-04,2150,54,282.7,D,2020-12-04 21:50:00,,,,,,,,,,,,,,,,,,,,,0,41.04,-121.45,,,,,,,,,,,,,
41.0443,-120.0598,352.0,2020-09-03,2126,94,320.8,D,2020-09-03 21:26:00,1543.0,1545.0,2020.0,CA,BLM,NOD,W-5 COLD SPRINGS,00004727,"Tue, 18 Aug 2020 07:00:00 GMT","Sun, 13 Sep 2020 07:00:00 GMT",1.0,7.0,1.0,84817.6,,,{0AFEBC32-36EE-4FA8-AEC5-419C9C6BA51D},,,2020-January 2025,1,41.04,-120.06,,,,,,,,,,,,,
41.046,-123.5035,376.8,2020-09-10,2132,100,315.3,D,2020-09-10 21:32:00,1539.0,1541.0,2020.0,CA,USF,SRF,RED SALMON COMPLEX,00000656,"Mon, 27 Jul 2020 07:00:00 GMT","Thu, 19 Nov 2020 08:00:00 GMT",1.0,8.0,1.0,143836.4,,RED SALMON COMPLEX,{843FC86F-D6D2-4E49-93EA-96F6B0720C3D},,{843FC86F-D6D2-4E49-93EA-96F6B0720C3D},2020-January 2025,1,41.05,-123.5,,,,,,,,,,,,,
41.046,-123.5035,376.8,2020-09-10,2132,100,315.3,D,2020-09-10 21:32:00,4300.0,4302.0,2013.0,CA,USF,SRF,CORRAL,00000044,"Sat, 10 Aug 2013 07:00:00 GMT","Wed, 02 Oct 2013 07:00:00 GMT",1.0,3.0,1.0,12541.42,"Corral, Graveyard, Ladder, Meadows, Patterson, Swamps, and Trail merged to become complex",CORRAL COMPLEX,,,00001494,2010-2019,1,41.05,-123.5,,,,,,,,,,,,,
41.046,-123.5035,376.8,2020-09-10,2132,100,315.3,D,2020-09-10 21:32:00,8366.0,8368.0,1999.0,CA,USF,SHF,MEGRAM,00000000,"Mon, 23 Aug 1999 07:00:00 GMT","Wed, 03 Nov 1999 08:00:00 GMT",1.0,8.0,1.0,125072.5,,,,00000123,,1990-1999,1,41.05,-123.5,,,,,,,,,,,,,
41.063,-120.8267,350.5,2020-07-21,1920,94,299.5,D,2020-07-21 19:20:00,1556.0,1558.0,2020.0,CA,CDF,LMU,GOLD,00003917,"Mon, 20 Jul 2020 07:00:00 GMT","Thu, 29 Oct 2020 07:00:00 GMT",14.0,7.0,1.0,22652.56,,,{E180DEC7-DA19-459B-9727-B2AE2C2BE0DE},,,2020-January 2025,1,41.06,-120.83,,,,,,,,,,,,,
41.0578,-120.7857,386.1,2020-07-21,1920,100,308.5,D,2020-07-21 19:20:00,1556.0,1558.0,2020.0,CA,CDF,LMU,GOLD,00003917,"Mon, 20 Jul 2020 07:00:00 GMT","Thu, 29 Oct 2020 07:00:00 GMT",14.0,7.0,1.0,22652.56,,,{E180DEC7-DA19-459B-9727-B2AE2C2BE0DE},,,2020-January 2025,1,41.06,-120.79,,,,,,,,,,,,,
41.0738,-124.0797,301.1,2020-12-29,2144,45,283.0,D,2020-12-29 21:44:00,18000.0,18002.0,1945.0,CA,CDF,HUU, ,00000000,"Fri, 21 Sep 1945 07:00:00 GMT",,14.0,,1.0,15791.7,,,,00000000,,1950-1959,1,41.07,-124.08,,,,,,,,,,,,,
41.0738,-124.0797,301.1,2020-12-29,2144,45,283.0,D,2020-12-29 21:44:00,19009.0,19011.0,1936.0,CA,CDF,HUU,A-LINE,00000000,,,14.0,,1.0,17530.75,,,,00000000,,1950-1959,1,41.07,-124.08,,,,,,,,,,,,,
41.0729,-123.3983,308.6,2020-09-09,0709,17,291.3,N,2020-09-09 07:09:00,1539.0,1541.0,2020.0,CA,USF,SRF,RED SALMON COMPLEX,00000656,"Mon, 27 Jul 2020 07:00:00 GMT","Thu, 19 Nov 2020 08:00:00 GMT",1.0,8.0,1.0,143836.4,,RED SALMON COMPLEX,{843FC86F-D6D2-4E49-93EA-96F6B0720C3D},,{843FC86F-D6D2-4E49-93EA-96F6B0720C3D},2020-January 2025,1,41.07,-123.4,,,,,,,,,,,,,
41.0729,-123.3983,308.6,2020-09-09,0709,17,291.3,N,2020-09-09 07:09:00,8366.0,8368.0,1999.0,CA,USF,SHF,MEGRAM,00000000,"Mon, 23 Aug 1999 07:00:00 GMT","Wed, 03 Nov 1999 08:00:00 GMT",1.0,8.0,1.0,125072.5,,,,00000123,,1990-1999,1,41.07,-123.4,,,,,,,,,,,,,
41.0734,-123.3275,301.0,2020-09-14,0549,37,281.3,N,2020-09-14 05:49:00,1539.0,1541.0,2020.0,CA,USF,SRF,RED SALMON COMPLEX,00000656,"Mon, 27 Jul 2020 07:00:00 GMT","Thu, 19 Nov 2020 08:00:00 GMT",1.0,8.0,1.0,143836.4,,RED SALMON COMPLEX,{843FC86F-D6D2-4E49-93EA-96F6B0720C3D},,{843FC86F-D6D2-4E49-93EA-96F6B0720C3D},2020-January 2025,1,41.07,-123.33,,,,,,,,,,,,,
41.0734,-123.3275,301.0,2020-09-14,0549,37,281.3,N,2020-09-14 05:49:00,5777.0,5779.0,2008.0,CA,USF,SHF,CAREY,,"Sat, 21 Jun 2008 07:00:00 GMT","Thu, 31 Jul 2008 07:00:00 GMT",1.0,7.0,1.0,3714.323,,IRON COMPLEX,,00000175,D8HV,2000-2009,1,41.07,-123.33,,,,,,,,,,,,,
41.0734,-123.3275,301.0,2020-09-14,0549,37,281.3,N,2020-09-14 05:49:00,8366.0,8368.0,1999.0,CA,USF,SHF,MEGRAM,00000000,"Mon, 23 Aug 1999 07:00:00 GMT","Wed, 03 Nov 1999 08:00:00 GMT",1.0,8.0,1.0,125072.5,,,,00000123,,1990-1999,1,41.07,-123.33,,,,,,,,,,,,,
41.0702,-120.1948,339.6,2020-08-26,2037,72,308.9,D,2020-08-26 20:37:00,1543.0,1545.0,2020.0,CA,BLM,NOD,W-5 COLD SPRINGS,00004727,"Tue, 18 Aug 2020 07:00:00 GMT","Sun, 13 Sep 2020 07:00:00 GMT",1.0,7.0,1.0,84817.6,,,{0AFEBC32-36EE-4FA8-AEC5-419C9C6BA51D},,,2020-January 2025,1,41.07,-120.19,,,,,,,,,,,,,
41.0654,-120.1665,490.5,2020-08-22,2101,100,400.1,D,2020-08-22 21:01:00,1543.0,1545.0,2020.0,CA,BLM,NOD,W-5 COLD SPRINGS,00004727,"Tue, 18 Aug 2020 07:00:00 GMT","Sun, 13 Sep 2020 07:00:00 GMT",1.0,7.0,1.0,84817.6,,,{0AFEBC32-36EE-4FA8-AEC5-419C9C6BA51D},,,2020-January 2025,1,41.07,-120.17,,,,,,,,,,,,,
41.0768,-120.814,365.7,2020-07-21,0543,100,289.7,N,2020-07-21 05:43:00,1556.0,1558.0,2020.0,CA,CDF,LMU,GOLD,00003917,"Mon, 20 Jul 2020 07:00:00 GMT","Thu, 29 Oct 2020 07:00:00 GMT",14.0,7.0,1.0,22652.56,,,{E180DEC7-DA19-459B-9727-B2AE2C2BE0DE},,,2020-January 2025,1,41.08,-120.81,,,,,,,,,,,,,
41.0784,-120.0158,318.9,2020-08-30,0632,98,288.9,N,2020-08-30 06:32:00,1543.0,1545.0,2020.0,CA,BLM,NOD,W-5 COLD SPRINGS,00004727,"Tue, 18 Aug 2020 07:00:00 GMT","Sun, 13 Sep 2020 07:00:00 GMT",1.0,7.0,1.0,84817.6,,,{0AFEBC32-36EE-4FA8-AEC5-419C9C6BA51D},,,2020-January 2025,1,41.08,-120.02,,,,,,,,,,,,,
41.0941,-120.8645,320.2,2020-07-21,0543,94,290.4,N,2020-07-21 05:43:00,1556.0,1558.0,2020.0,CA,CDF,LMU,GOLD,00003917,"Mon, 20 Jul 2020 07:00:00 GMT","Thu, 29 Oct 2020 07:00:00 GMT",14.0,7.0,1.0,22652.56,,,{E180DEC7-DA19-459B-9727-B2AE2C2BE0DE},,,2020-January 2025,1,41.09,-120.86,,,,,,,,,,,,,
41.1,-123.2515,310.9,2020-10-04,1902,56,294.5,D,2020-10-04 19:02:00,1539.0,1541.0,2020.0,CA,USF,SRF,RED SALMON COMPLEX,00000656,"Mon, 27 Jul 2020 07:00:00 GMT","Thu, 19 Nov 2020 08:00:00 GMT",1.0,8.0,1.0,143836.4,,RED SALMON COMPLEX,{843FC86F-D6D2-4E49-93EA-96F6B0720C3D},,{843FC86F-D6D2-4E49-93EA-96F6B0720C3D},2020-January 2025,1,41.1,-123.25,,,,,,,,,,,,,
41.1069,-123.4668,321.9,2020-09-04,2031,36,300.8,D,2020-09-04 20:31:00,1539.0,1541.0,2020.0,CA,USF,SRF,RED SALMON COMPLEX,00000656,"Mon, 27 Jul 2020 07:00:00 GMT","Thu, 19 Nov 2020 08:00:00 GMT",1.0,8.0,1.0,143836.4,,RED SALMON COMPLEX,{843FC86F-D6D2-4E49-93EA-96F6B0720C3D},,{843FC86F-D6D2-4E49-93EA-96F6B0720C3D},2020-January 2025,1,41.11,-123.47,,,,,,,,,,,,,
41.1069,-123.4668,321.9,2020-09-04,2031,36,300.8,D,2020-09-04 20:31:00,8366.0,8368.0,1999.0,CA,USF,SHF,MEGRAM,00000000,"Mon, 23 Aug 1999 07:00:00 GMT","Wed, 03 Nov 1999 08:00:00 GMT",1.0,8.0,1.0,125072.5,,,,00000123,,1990-1999,1,41.11,-123.47,,,,,,,,,,,,,
41.1131,-123.4458,326.4,2020-08-31,1914,56,294.8,D,2020-08-31 19:14:00,1539.0,1541.0,2020.0,CA,USF,SRF,RED SALMON COMPLEX,00000656,"Mon, 27 Jul 2020 07:00:00 GMT","Thu, 19 Nov 2020 08:00:00 GMT",1.0,8.0,1.0,143836.4,,RED SALMON COMPLEX,{843FC86F-D6D2-4E49-93EA-96F6B0720C3D},,{843FC86F-D6D2-4E49-93EA-96F6B0720C3D},2020-January 2025,1,41.11,-123.45,,,,,,,,,,,,,
41.1131,-123.4458,326.4,2020-08-31,1914,56,294.8,D,2020-08-31 19:14:00,8366.0,8368.0,1999.0,CA,USF,SHF,MEGRAM,00000000,"Mon, 23 Aug 1999 07:00:00 GMT","Wed, 03 Nov 1999 08:00:00 GMT",1.0,8.0,1.0,125072.5,,,,00000123,,1990-1999,1,41.11,-123.45,,,,,,,,,,,,,
41.1249,-123.4895,390.4,2020-09-04,2209,100,303.0,D,2020-09-04 22:09:00,1539.0,1541.0,2020.0,CA,USF,SRF,RED SALMON COMPLEX,00000656,"Mon, 27 Jul 2020 07:00:00 GMT","Thu, 19 Nov 2020 08:00:00 GMT",1.0,8.0,1.0,143836.4,,RED SALMON COMPLEX,{843FC86F-D6D2-4E49-93EA-96F6B0720C3D},,{843FC86F-D6D2-4E49-93EA-96F6B0720C3D},2020-January 2025,1,41.12,-123.49,,,,,,,,,,,,,
41.1249,-123.4895,390.4,2020-09-04,2209,100,303.0,D,2020-09-04 22:09:00,8366.0,8368.0,1999.0,CA,USF,SHF,MEGRAM,00000000,"Mon, 23 Aug 1999 07:00:00 GMT","Wed, 03 Nov 1999 08:00:00 GMT",1.0,8.0,1.0,125072.5,,,,00000123,,1990-1999,1,41.12,-123.49,,,,,,,,,,,,,
41.1199,-123.3382,311.6,2020-09-10,0614,34,289.2,N,2020-09-10 06:14:00,1539.0,1541.0,2020.0,CA,USF,SRF,RED SALMON COMPLEX,00000656,"Mon, 27 Jul 2020 07:00:00 GMT","Thu, 19 Nov 2020 08:00:00 GMT",1.0,8.0,1.0,143836.4,,RED SALMON COMPLEX,{843FC86F-D6D2-4E49-93EA-96F6B0720C3D},,{843FC86F-D6D2-4E49-93EA-96F6B0720C3D},2020-January 2025,1,41.12,-123.34,,,,,,,,,,,,,
41.1199,-123.3382,311.6,2020-09-10,0614,34,289.2,N,2020-09-10 06:14:00,8366.0,8368.0,1999.0,CA,USF,SHF,MEGRAM,00000000,"Mon, 23 Aug 1999 07:00:00 GMT","Wed, 03 Nov 1999 08:00:00 GMT",1.0,8.0,1.0,125072.5,,,,00000123,,1990-1999,1,41.12,-123.34,,,,,,,,,,,,,
41.133,-123.4028,327.1,2020-09-06,1838,64,304.7,D,2020-09-06 18:38:00,1539.0,1541.0,2020.0,CA,USF,SRF,RED SALMON COMPLEX,00000656,"Mon, 27 Jul 2020 07:00:00 GMT","Thu, 19 Nov 2020 08:00:00 GMT",1.0,8.0,1.0,143836.4,,RED SALMON COMPLEX,{843FC86F-D6D2-4E49-93EA-96F6B0720C3D},,{843FC86F-D6D2-4E49-93EA-96F6B0720C3D},2020-January 2025,1,41.13,-123.4,,,,,,,,,,,,,
41.133,-123.4028,327.1,2020-09-06,1838,64,304.7,D,2020-09-06 18:38:00,8366.0,8368.0,1999.0,CA,USF,SHF,MEGRAM,00000000,"Mon, 23 Aug 1999 07:00:00 GMT","Wed, 03 Nov 1999 08:00:00 GMT",1.0,8.0,1.0,125072.5,,,,00000123,,1990-1999,1,41.13,-123.4,,,,,,,,,,,,,
41.1535,-123.3995,300.9,2020-07-31,0620,33,287.1,N,2020-07-31 06:20:00,1539.0,1541.0,2020.0,CA,USF,SRF,RED SALMON COMPLEX,00000656,"Mon, 27 Jul 2020 07:00:00 GMT","Thu, 19 Nov 2020 08:00:00 GMT",1.0,8.0,1.0,143836.4,,RED SALMON COMPLEX,{843FC86F-D6D2-4E49-93EA-96F6B0720C3D},,{843FC86F-D6D2-4E49-93EA-96F6B0720C3D},2020-January 2025,1,41.15,-123.4,,,,,,,,,,,,,
41.1535,-123.3995,300.9,2020-07-31,0620,33,287.1,N,2020-07-31 06:20:00,5496.0,5498.0,2009.0,CA,USF,SHF,REDSPOT,000071,"Wed, 01 Jul 2009 07:00:00 GMT","Sun, 26 Jul 2009 07:00:00 GMT",1.0,8.0,1.0,1129.536,FIMT,,,000071,,2000-2009,1,41.15,-123.4,,,,,,,,,,,,,
41.1535,-123.3995,300.9,2020-07-31,0620,33,287.1,N,2020-07-31 06:20:00,8366.0,8368.0,1999.0,CA,USF,SHF,MEGRAM,00000000,"Mon, 23 Aug 1999 07:00:00 GMT","Wed, 03 Nov 1999 08:00:00 GMT",1.0,8.0,1.0,125072.5,,,,00000123,,1990-1999,1,41.15,-123.4,,,,,,,,,,,,,
41.1456,-123.2775,301.3,2020-09-18,0937,36,279.8,N,2020-09-18 09:37:00,1539.0,1541.0,2020.0,CA,USF,SRF,RED SALMON COMPLEX,00000656,"Mon, 27 Jul 2020 07:00:00 GMT","Thu, 19 Nov 2020 08:00:00 GMT",1.0,8.0,1.0,143836.4,,RED SALMON COMPLEX,{843FC86F-D6D2-4E49-93EA-96F6B0720C3D},,{843FC86F-D6D2-4E49-93EA-96F6B0720C3D},2020-January 2025,1,41.15,-123.28,,,,,,,,,,,,,
41.1532,-123.2777,317.3,2020-10-02,0537,95,291.8,N,2020-10-02 05:37:00,1539.0,1541.0,2020.0,CA,USF,SRF,RED SALMON COMPLEX,00000656,"Mon, 27 Jul 2020 07:00:00 GMT","Thu, 19 Nov 2020 08:00:00 GMT",1.0,8.0,1.0,143836.4,,RED SALMON COMPLEX,{843FC86F-D6D2-4E49-93EA-96F6B0720C3D},,{843FC86F-D6D2-4E49-93EA-96F6B0720C3D},2020-January 2025,1,41.15,-123.28,,,,,,,,,,,,,
41.1632,-123.5018,330.0,2020-08-10,1856,81,299.9,D,2020-08-10 18:56:00,1539.0,1541.0,2020.0,CA,USF,SRF,RED SALMON COMPLEX,00000656,"Mon, 27 Jul 2020 07:00:00 GMT","Thu, 19 Nov 2020 08:00:00 GMT",1.0,8.0,1.0,143836.4,,RED SALMON COMPLEX,{843FC86F-D6D2-4E49-93EA-96F6B0720C3D},,{843FC86F-D6D2-4E49-93EA-96F6B0720C3D},2020-January 2025,1,41.16,-123.5,,,,,,,,,,,,,
41.1632,-123.5018,330.0,2020-08-10,1856,81,299.9,D,2020-08-10 18:56:00,15433.0,15435.0,1961.0,CA,USF,SRF,MILE,00000000,"Sat, 19 Aug 1961 07:00:00 GMT",,1.0,,1.0,3073.668,,,,00200471,,1960-1969,1,41.16,-123.5,,,,,,,,,,,,,
41.1632,-123.5018,330.0,2020-08-10,1856,81,299.9,D,2020-08-10 18:56:00,18846.0,18848.0,1938.0,CA,USF,SRF,RED CAP,00000000,"Mon, 08 Aug 1938 07:00:00 GMT",,14.0,,1.0,14867.95,,,,00101521,,1950-1959,1,41.16,-123.5,,,,,,,,,,,,,
41.161,-123.4146,338.5,2020-07-29,2150,87,303.7,D,2020-07-29 21:50:00,1539.0,1541.0,2020.0,CA,USF,SRF,RED SALMON COMPLEX,00000656,"Mon, 27 Jul 2020 07:00:00 GMT","Thu, 19 Nov 2020 08:00:00 GMT",1.0,8.0,1.0,143836.4,,RED SALMON COMPLEX,{843FC86F-D6D2-4E49-93EA-96F6B0720C3D},,{843FC86F-D6D2-4E49-93EA-96F6B0720C3D},2020-January 2025,1,41.16,-123.41,,,,,,,,,,,,,
41.161,-123.4146,338.5,2020-07-29,2150,87,303.7,D,2020-07-29 21:50:00,5496.0,5498.0,2009.0,CA,USF,SHF,REDSPOT,000071,"Wed, 01 Jul 2009 07:00:00 GMT","Sun, 26 Jul 2009 07:00:00 GMT",1.0,8.0,1.0,1129.536,FIMT,,,000071,,2000-2009,1,41.16,-123.41,,,,,,,,,,,,,
41.161,-123.4146,338.5,2020-07-29,2150,87,303.7,D,2020-07-29 21:50:00,8366.0,8368.0,1999.0,CA,USF,SHF,MEGRAM,00000000,"Mon, 23 Aug 1999 07:00:00 GMT","Wed, 03 Nov 1999 08:00:00 GMT",1.0,8.0,1.0,125072.5,,,,00000123,,1990-1999,1,41.16,-123.41,,,,,,,,,,,,,
41.1562,-123.369,348.2,2020-09-08,0626,100,295.0,N,2020-09-08 06:26:00,1539.0,1541.0,2020.0,CA,USF,SRF,RED SALMON COMPLEX,00000656,"Mon, 27 Jul 2020 07:00:00 GMT","Thu, 19 Nov 2020 08:00:00 GMT",1.0,8.0,1.0,143836.4,,RED SALMON COMPLEX,{843FC86F-D6D2-4E49-93EA-96F6B0720C3D},,{843FC86F-D6D2-4E49-93EA-96F6B0720C3D},2020-January 2025,1,41.16,-123.37,,,,,,,,,,,,,
41.1562,-123.369,348.2,2020-09-08,0626,100,295.0,N,2020-09-08 06:26:00,8366.0,8368.0,1999.0,CA,USF,SHF,MEGRAM,00000000,"Mon, 23 Aug 1999 07:00:00 GMT","Wed, 03 Nov 1999 08:00:00 GMT",1.0,8.0,1.0,125072.5,,,,00000123,,1990-1999,1,41.16,-123.37,,,,,,,,,,,,,
41.1591,-123.2144,306.7,2020-10-18,2055,54,296.2,D,2020-10-18 20:55:00,1539.0,1541.0,2020.0,CA,USF,SRF,RED SALMON COMPLEX,00000656,"Mon, 27 Jul 2020 07:00:00 GMT","Thu, 19 Nov 2020 08:00:00 GMT",1.0,8.0,1.0,143836.4,,RED SALMON COMPLEX,{843FC86F-D6D2-4E49-93EA-96F6B0720C3D},,{843FC86F-D6D2-4E49-93EA-96F6B0720C3D},2020-January 2025,1,41.16,-123.21,,,,,,,,,,,,,
41.1591,-123.2144,306.7,2020-10-18,2055,54,296.2,D,2020-10-18 20:55:00,10804.0,10806.0,1987.0,CA,USF,KNF,HOTELLING,00000000,"Sun, 30 Aug 1987 07:00:00 GMT","Sat, 17 Oct 1987 07:00:00 GMT",1.0,8.0,1.0,16646.89,,,,00000224,,1980-1989,1,41.16,-123.21,,,,,,,,,,,,,
41.1658,-123.7083,336.3,2020-07-20,2156,85,304.5,D,2020-07-20 21:56:00,22608.0,22610.0,1910.0,CA,USF,SRF,MILL CREEK,00000000,"Mon, 15 Aug 1910 07:00:00 GMT",,4.0,,1.0,398.2932,,,,00200017,,1950-1959,0,41.17,-123.71,,,,,,,,,,,,,
41.1718,-123.5255,345.4,2020-08-10,2215,93,300.9,D,2020-08-10 22:15:00,1539.0,1541.0,2020.0,CA,USF,SRF,RED SALMON COMPLEX,00000656,"Mon, 27 Jul 2020 07:00:00 GMT","Thu, 19 Nov 2020 08:00:00 GMT",1.0,8.0,1.0,143836.4,,RED SALMON COMPLEX,{843FC86F-D6D2-4E49-93EA-96F6B0720C3D},,{843FC86F-D6D2-4E49-93EA-96F6B0720C3D},2020-January 2025,1,41.17,-123.53,,,,,,,,,,,,,
41.1718,-123.5255,345.4,2020-08-10,2215,93,300.9,D,2020-08-10 22:15:00,18846.0,18848.0,1938.0,CA,USF,SRF,RED CAP,00000000,"Mon, 08 Aug 1938 07:00:00 GMT",,14.0,,1.0,14867.95,,,,00101521,,1950-1959,1,41.17,-123.53,,,,,,,,,,,,,
41.1726,-123.5189,322.8,2020-08-11,2119,67,300.8,D,2020-08-11 21:19:00,1539.0,1541.0,2020.0,CA,USF,SRF,RED SALMON COMPLEX,00000656,"Mon, 27 Jul 2020 07:00:00 GMT","Thu, 19 Nov 2020 08:00:00 GMT",1.0,8.0,1.0,143836.4,,RED SALMON COMPLEX,{843FC86F-D6D2-4E49-93EA-96F6B0720C3D},,{843FC86F-D6D2-4E49-93EA-96F6B0720C3D},2020-January 2025,1,41.17,-123.52,,,,,,,,,,,,,
41.1726,-123.5189,322.8,2020-08-11,2119,67,300.8,D,2020-08-11 21:19:00,18846.0,18848.0,1938.0,CA,USF,SRF,RED CAP,00000000,"Mon, 08 Aug 1938 07:00:00 GMT",,14.0,,1.0,14867.95,,,,00101521,,1950-1959,1,41.17,-123.52,,,,,,,,,,,,,
41.1726,-123.5189,322.8,2020-08-11,2119,67,300.8,D,2020-08-11 21:19:00,22598.0,22600.0,1910.0,CA,USF,SRF,MILL CREEK,00000000,"Mon, 12 Sep 1910 07:00:00 GMT",,14.0,,1.0,597.4611,,,,00200023,,1950-1959,1,41.17,-123.52,,,,,,,,,,,,,
41.1718,-123.4744,312.4,2020-08-10,2215,30,297.8,D,2020-08-10 22:15:00,1539.0,1541.0,2020.0,CA,USF,SRF,RED SALMON COMPLEX,00000656,"Mon, 27 Jul 2020 07:00:00 GMT","Thu, 19 Nov 2020 08:00:00 GMT",1.0,8.0,1.0,143836.4,,RED SALMON COMPLEX,{843FC86F-D6D2-4E49-93EA-96F6B0720C3D},,{843FC86F-D6D2-4E49-93EA-96F6B0720C3D},2020-January 2025,1,41.17,-123.47,,,,,,,,,,,,,
41.1718,-123.4744,312.4,2020-08-10,2215,30,297.8,D,2020-08-10 22:15:00,18846.0,18848.0,1938.0,CA,USF,SRF,RED CAP,00000000,"Mon, 08 Aug 1938 07:00:00 GMT",,14.0,,1.0,14867.95,,,,00101521,,1950-1959,1,41.17,-123.47,,,,,,,,,,,,,
41.1673,-123.4099,318.8,2020-08-08,1908,52,305.7,D,2020-08-08 19:08:00,1539.0,1541.0,2020.0,CA,USF,SRF,RED SALMON COMPLEX,00000656,"Mon, 27 Jul 2020 07:00:00 GMT","Thu, 19 Nov 2020 08:00:00 GMT",1.0,8.0,1.0,143836.4,,RED SALMON COMPLEX,{843FC86F-D6D2-4E49-93EA-96F6B0720C3D},,{843FC86F-D6D2-4E49-93EA-96F6B0720C3D},2020-January 2025,1,41.17,-123.41,,,,,,,,,,,,,
41.1673,-123.4099,318.8,2020-08-08,1908,52,305.7,D,2020-08-08 19:08:00,5496.0,5498.0,2009.0,CA,USF,SHF,REDSPOT,000071,"Wed, 01 Jul 2009 07:00:00 GMT","Sun, 26 Jul 2009 07:00:00 GMT",1.0,8.0,1.0,1129.536,FIMT,,,000071,,2000-2009,1,41.17,-123.41,,,,,,,,,,,,,
41.1673,-123.4099,318.8,2020-08-08,1908,52,305.7,D,2020-08-08 19:08:00,8366.0,8368.0,1999.0,CA,USF,SHF,MEGRAM,00000000,"Mon, 23 Aug 1999 07:00:00 GMT","Wed, 03 Nov 1999 08:00:00 GMT",1.0,8.0,1.0,125072.5,,,,00000123,,1990-1999,1,41.17,-123.41,,,,,,,,,,,,,
41.172,-123.41,349.4,2020-08-16,0620,100,293.2,N,2020-08-16 06:20:00,1539.0,1541.0,2020.0,CA,USF,SRF,RED SALMON COMPLEX,00000656,"Mon, 27 Jul 2020 07:00:00 GMT","Thu, 19 Nov 2020 08:00:00 GMT",1.0,8.0,1.0,143836.4,,RED SALMON COMPLEX,{843FC86F-D6D2-4E49-93EA-96F6B0720C3D},,{843FC86F-D6D2-4E49-93EA-96F6B0720C3D},2020-January 2025,1,41.17,-123.41,,,,,,,,,,,,,
41.1653,-123.39,323.5,2020-07-28,1002,100,290.4,N,2020-07-28 10:02:00,1539.0,1541.0,2020.0,CA,USF,SRF,RED SALMON COMPLEX,00000656,"Mon, 27 Jul 2020 07:00:00 GMT","Thu, 19 Nov 2020 08:00:00 GMT",1.0,8.0,1.0,143836.4,,RED SALMON COMPLEX,{843FC86F-D6D2-4E49-93EA-96F6B0720C3D},,{843FC86F-D6D2-4E49-93EA-96F6B0720C3D},2020-January 2025,1,41.17,-123.39,,,,,,,,,,,,,
41.1816,-123.5078,309.9,2020-08-09,0614,79,293.2,N,2020-08-09 06:14:00,1539.0,1541.0,2020.0,CA,USF,SRF,RED SALMON COMPLEX,00000656,"Mon, 27 Jul 2020 07:00:00 GMT","Thu, 19 Nov 2020 08:00:00 GMT",1.0,8.0,1.0,143836.4,,RED SALMON COMPLEX,{843FC86F-D6D2-4E49-93EA-96F6B0720C3D},,{843FC86F-D6D2-4E49-93EA-96F6B0720C3D},2020-January 2025,1,41.18,-123.51,,,,,,,,,,,,,
41.1816,-123.5078,309.9,2020-08-09,0614,79,293.2,N,2020-08-09 06:14:00,18846.0,18848.0,1938.0,CA,USF,SRF,RED CAP,00000000,"Mon, 08 Aug 1938 07:00:00 GMT",,14.0,,1.0,14867.95,,,,00101521,,1950-1959,1,41.18,-123.51,,,,,,,,,,,,,
41.1753,-123.4989,304.1,2020-08-10,0931,59,293.0,N,2020-08-10 09:31:00,1539.0,1541.0,2020.0,CA,USF,SRF,RED SALMON COMPLEX,00000656,"Mon, 27 Jul 2020 07:00:00 GMT","Thu, 19 Nov 2020 08:00:00 GMT",1.0,8.0,1.0,143836.4,,RED SALMON COMPLEX,{843FC86F-D6D2-4E49-93EA-96F6B0720C3D},,{843FC86F-D6D2-4E49-93EA-96F6B0720C3D},2020-January 2025,1,41.18,-123.5,,,,,,,,,,,,,
41.1753,-123.4989,304.1,2020-08-10,0931,59,293.0,N,2020-08-10 09:31:00,18846.0,18848.0,1938.0,CA,USF,SRF,RED CAP,00000000,"Mon, 08 Aug 1938 07:00:00 GMT",,14.0,,1.0,14867.95,,,,00101521,,1950-1959,1,41.18,-123.5,,,,,,,,,,,,,
41.1751,-123.4934,340.8,2020-08-09,1026,100,295.2,N,2020-08-09 10:26:00,1539.0,1541.0,2020.0,CA,USF,SRF,RED SALMON COMPLEX,00000656,"Mon, 27 Jul 2020 07:00:00 GMT","Thu, 19 Nov 2020 08:00:00 GMT",1.0,8.0,1.0,143836.4,,RED SALMON COMPLEX,{843FC86F-D6D2-4E49-93EA-96F6B0720C3D},,{843FC86F-D6D2-4E49-93EA-96F6B0720C3D},2020-January 2025,1,41.18,-123.49,,,,,,,,,,,,,
41.1751,-123.4934,340.8,2020-08-09,1026,100,295.2,N,2020-08-09 10:26:00,18846.0,18848.0,1938.0,CA,USF,SRF,RED CAP,00000000,"Mon, 08 Aug 1938 07:00:00 GMT",,14.0,,1.0,14867.95,,,,00101521,,1950-1959,1,41.18,-123.49,,,,,,,,,,,,,
41.1753,-123.443,303.3,2020-08-04,1008,54,288.5,N,2020-08-04 10:08:00,1539.0,1541.0,2020.0,CA,USF,SRF,RED SALMON COMPLEX,00000656,"Mon, 27 Jul 2020 07:00:00 GMT","Thu, 19 Nov 2020 08:00:00 GMT",1.0,8.0,1.0,143836.4,,RED SALMON COMPLEX,{843FC86F-D6D2-4E49-93EA-96F6B0720C3D},,{843FC86F-D6D2-4E49-93EA-96F6B0720C3D},2020-January 2025,1,41.18,-123.44,,,,,,,,,,,,,
41.1753,-123.443,303.3,2020-08-04,1008,54,288.5,N,2020-08-04 10:08:00,20470.0,20472.0,1925.0,CA,USF,SRF,SALMON SUMMIT,00000000,"Mon, 10 Aug 1925 07:00:00 GMT",,1.0,,1.0,2123.507,,,,00200163,,1950-1959,1,41.18,-123.44,,,,,,,,,,,,,
41.178,-123.4354,320.1,2020-08-16,0620,100,296.4,N,2020-08-16 06:20:00,1539.0,1541.0,2020.0,CA,USF,SRF,RED SALMON COMPLEX,00000656,"Mon, 27 Jul 2020 07:00:00 GMT","Thu, 19 Nov 2020 08:00:00 GMT",1.0,8.0,1.0,143836.4,,RED SALMON COMPLEX,{843FC86F-D6D2-4E49-93EA-96F6B0720C3D},,{843FC86F-D6D2-4E49-93EA-96F6B0720C3D},2020-January 2025,1,41.18,-123.44,,,,,,,,,,,,,
41.178,-123.4354,320.1,2020-08-16,0620,100,296.4,N,2020-08-16 06:20:00,20470.0,20472.0,1925.0,CA,USF,SRF,SALMON SUMMIT,00000000,"Mon, 10 Aug 1925 07:00:00 GMT",,1.0,,1.0,2123.507,,,,00200163,,1950-1959,1,41.18,-123.44,,,,,,,,,,,,,
41.1843,-123.2497,357.7,2020-09-30,2107,99,298.5,D,2020-09-30 21:07:00,1539.0,1541.0,2020.0,CA,USF,SRF,RED SALMON COMPLEX,00000656,"Mon, 27 Jul 2020 07:00:00 GMT","Thu, 19 Nov 2020 08:00:00 GMT",1.0,8.0,1.0,143836.4,,RED SALMON COMPLEX,{843FC86F-D6D2-4E49-93EA-96F6B0720C3D},,{843FC86F-D6D2-4E49-93EA-96F6B0720C3D},2020-January 2025,1,41.18,-123.25,,,,,,,,,,,,,
41.1843,-123.2497,357.7,2020-09-30,2107,99,298.5,D,2020-09-30 21:07:00,10804.0,10806.0,1987.0,CA,USF,KNF,HOTELLING,00000000,"Sun, 30 Aug 1987 07:00:00 GMT","Sat, 17 Oct 1987 07:00:00 GMT",1.0,8.0,1.0,16646.89,,,,00000224,,1980-1989,1,41.18,-123.25,,,,,,,,,,,,,
41.1812,-123.2202,318.4,2020-10-06,1850,52,292.2,D,2020-10-06 18:50:00,1539.0,1541.0,2020.0,CA,USF,SRF,RED SALMON COMPLEX,00000656,"Mon, 27 Jul 2020 07:00:00 GMT","Thu, 19 Nov 2020 08:00:00 GMT",1.0,8.0,1.0,143836.4,,RED SALMON COMPLEX,{843FC86F-D6D2-4E49-93EA-96F6B0720C3D},,{843FC86F-D6D2-4E49-93EA-96F6B0720C3D},2020-January 2025,1,41.18,-123.22,,,,,,,,,,,,,
41.1812,-123.2202,318.4,2020-10-06,1850,52,292.2,D,2020-10-06 18:50:00,10804.0,10806.0,1987.0,CA,USF,KNF,HOTELLING,00000000,"Sun, 30 Aug 1987 07:00:00 GMT","Sat, 17 Oct 1987 07:00:00 GMT",1.0,8.0,1.0,16646.89,,,,00000224,,1980-1989,1,41.18,-123.22,,,,,,,,,,,,,
41.1803,-121.8989,303.9,2020-11-23,1850,57,275.5,D,2020-11-23 18:50:00,,,,,,,,,,,,,,,,,,,,,0,41.18,-121.9,,,,,,,,,,,,,
41.1884,-123.5237,314.5,2020-08-10,2215,20,301.5,D,2020-08-10 22:15:00,1539.0,1541.0,2020.0,CA,USF,SRF,RED SALMON COMPLEX,00000656,"Mon, 27 Jul 2020 07:00:00 GMT","Thu, 19 Nov 2020 08:00:00 GMT",1.0,8.0,1.0,143836.4,,RED SALMON COMPLEX,{843FC86F-D6D2-4E49-93EA-96F6B0720C3D},,{843FC86F-D6D2-4E49-93EA-96F6B0720C3D},2020-January 2025,1,41.19,-123.52,,,,,,,,,,,,,
41.1884,-123.5237,314.5,2020-08-10,2215,20,301.5,D,2020-08-10 22:15:00,18846.0,18848.0,1938.0,CA,USF,SRF,RED CAP,00000000,"Mon, 08 Aug 1938 07:00:00 GMT",,14.0,,1.0,14867.95,,,,00101521,,1950-1959,1,41.19,-123.52,,,,,,,,,,,,,
41.1917,-123.5039,316.8,2020-08-09,0614,94,293.9,N,2020-08-09 06:14:00,1539.0,1541.0,2020.0,CA,USF,SRF,RED SALMON COMPLEX,00000656,"Mon, 27 Jul 2020 07:00:00 GMT","Thu, 19 Nov 2020 08:00:00 GMT",1.0,8.0,1.0,143836.4,,RED SALMON COMPLEX,{843FC86F-D6D2-4E49-93EA-96F6B0720C3D},,{843FC86F-D6D2-4E49-93EA-96F6B0720C3D},2020-January 2025,1,41.19,-123.5,,,,,,,,,,,,,
41.1917,-123.5039,316.8,2020-08-09,0614,94,293.9,N,2020-08-09 06:14:00,18846.0,18848.0,1938.0,CA,USF,SRF,RED CAP,00000000,"Mon, 08 Aug 1938 07:00:00 GMT",,14.0,,1.0,14867.95,,,,00101521,,1950-1959,1,41.19,-123.5,,,,,,,,,,,,,
41.1922,-123.4576,311.6,2020-07-31,0620,83,292.7,N,2020-07-31 06:20:00,1539.0,1541.0,2020.0,CA,USF,SRF,RED SALMON COMPLEX,00000656,"Mon, 27 Jul 2020 07:00:00 GMT","Thu, 19 Nov 2020 08:00:00 GMT",1.0,8.0,1.0,143836.4,,RED SALMON COMPLEX,{843FC86F-D6D2-4E49-93EA-96F6B0720C3D},,{843FC86F-D6D2-4E49-93EA-96F6B0720C3D},2020-January 2025,1,41.19,-123.46,,,,,,,,,,,,,
41.1922,-123.4576,311.6,2020-07-31,0620,83,292.7,N,2020-07-31 06:20:00,18846.0,18848.0,1938.0,CA,USF,SRF,RED CAP,00000000,"Mon, 08 Aug 1938 07:00:00 GMT",,14.0,,1.0,14867.95,,,,00101521,,1950-1959,1,41.19,-123.46,,,,,,,,,,,,,
41.1939,-123.4434,337.5,2020-07-30,1914,88,300.8,D,2020-07-30 19:14:00,1539.0,1541.0,2020.0,CA,USF,SRF,RED SALMON COMPLEX,00000656,"Mon, 27 Jul 2020 07:00:00 GMT","Thu, 19 Nov 2020 08:00:00 GMT",1.0,8.0,1.0,143836.4,,RED SALMON COMPLEX,{843FC86F-D6D2-4E49-93EA-96F6B0720C3D},,{843FC86F-D6D2-4E49-93EA-96F6B0720C3D},2020-January 2025,1,41.19,-123.44,,,,,,,,,,,,,
41.1939,-123.4434,337.5,2020-07-30,1914,88,300.8,D,2020-07-30 19:14:00,18846.0,18848.0,1938.0,CA,USF,SRF,RED CAP,00000000,"Mon, 08 Aug 1938 07:00:00 GMT",,14.0,,1.0,14867.95,,,,00101521,,1950-1959,1,41.19,-123.44,,,,,,,,,,,,,
41.1905,-123.4142,305.9,2020-08-09,1026,8,290.0,N,2020-08-09 10:26:00,1539.0,1541.0,2020.0,CA,USF,SRF,RED SALMON COMPLEX,00000656,"Mon, 27 Jul 2020 07:00:00 GMT","Thu, 19 Nov 2020 08:00:00 GMT",1.0,8.0,1.0,143836.4,,RED SALMON COMPLEX,{843FC86F-D6D2-4E49-93EA-96F6B0720C3D},,{843FC86F-D6D2-4E49-93EA-96F6B0720C3D},2020-January 2025,1,41.19,-123.41,,,,,,,,,,,,,
41.1905,-123.4142,305.9,2020-08-09,1026,8,290.0,N,2020-08-09 10:26:00,13085.0,13087.0,1977.0,CA,USF,KNF,HOG,00000000,"Wed, 10 Aug 1977 07:00:00 GMT","Sun, 04 Sep 1977 07:00:00 GMT",1.0,8.0,1.0,58365.31,,,,00000293,,1970-1979,1,41.19,-123.41,,,,,,,,,,,,,
41.1865,-123.3784,409.9,2020-09-13,2025,100,304.9,D,2020-09-13 20:25:00,1539.0,1541.0,2020.0,CA,USF,SRF,RED SALMON COMPLEX,00000656,"Mon, 27 Jul 2020 07:00:00 GMT","Thu, 19 Nov 2020 08:00:00 GMT",1.0,8.0,1.0,143836.4,,RED SALMON COMPLEX,{843FC86F-D6D2-4E49-93EA-96F6B0720C3D},,{843FC86F-D6D2-4E49-93EA-96F6B0720C3D},2020-January 2025,1,41.19,-123.38,,,,,,,,,,,,,
41.1865,-123.3784,409.9,2020-09-13,2025,100,304.9,D,2020-09-13 20:25:00,13085.0,13087.0,1977.0,CA,USF,KNF,HOG,00000000,"Wed, 10 Aug 1977 07:00:00 GMT","Sun, 04 Sep 1977 07:00:00 GMT",1.0,8.0,1.0,58365.31,,,,00000293,,1970-1979,1,41.19,-123.38,,,,,,,,,,,,,
41.2007,-123.4397,308.7,2020-08-11,0602,27,293.4,N,2020-08-11 06:02:00,1539.0,1541.0,2020.0,CA,USF,SRF,RED SALMON COMPLEX,00000656,"Mon, 27 Jul 2020 07:00:00 GMT","Thu, 19 Nov 2020 08:00:00 GMT",1.0,8.0,1.0,143836.4,,RED SALMON COMPLEX,{843FC86F-D6D2-4E49-93EA-96F6B0720C3D},,{843FC86F-D6D2-4E49-93EA-96F6B0720C3D},2020-January 2025,1,41.2,-123.44,,,,,,,,,,,,,
41.2007,-123.4397,308.7,2020-08-11,0602,27,293.4,N,2020-08-11 06:02:00,18846.0,18848.0,1938.0,CA,USF,SRF,RED CAP,00000000,"Mon, 08 Aug 1938 07:00:00 GMT",,14.0,,1.0,14867.95,,,,00101521,,1950-1959,1,41.2,-123.44,,,,,,,,,,,,,
41.1985,-123.4139,303.4,2020-08-07,0626,55,283.8,N,2020-08-07 06:26:00,1539.0,1541.0,2020.0,CA,USF,SRF,RED SALMON COMPLEX,00000656,"Mon, 27 Jul 2020 07:00:00 GMT","Thu, 19 Nov 2020 08:00:00 GMT",1.0,8.0,1.0,143836.4,,RED SALMON COMPLEX,{843FC86F-D6D2-4E49-93EA-96F6B0720C3D},,{843FC86F-D6D2-4E49-93EA-96F6B0720C3D},2020-January 2025,1,41.2,-123.41,,,,,,,,,,,,,
41.1985,-123.4139,303.4,2020-08-07,0626,55,283.8,N,2020-08-07 06:26:00,13085.0,13087.0,1977.0,CA,USF,KNF,HOG,00000000,"Wed, 10 Aug 1977 07:00:00 GMT","Sun, 04 Sep 1977 07:00:00 GMT",1.0,8.0,1.0,58365.31,,,,00000293,,1970-1979,1,41.2,-123.41,,,,,,,,,,,,,
41.2024,-123.2298,308.6,2020-10-12,2132,67,294.3,D,2020-10-12 21:32:00,1539.0,1541.0,2020.0,CA,USF,SRF,RED SALMON COMPLEX,00000656,"Mon, 27 Jul 2020 07:00:00 GMT","Thu, 19 Nov 2020 08:00:00 GMT",1.0,8.0,1.0,143836.4,,RED SALMON COMPLEX,{843FC86F-D6D2-4E49-93EA-96F6B0720C3D},,{843FC86F-D6D2-4E49-93EA-96F6B0720C3D},2020-January 2025,1,41.2,-123.23,,,,,,,,,,,,,
41.2024,-123.2298,308.6,2020-10-12,2132,67,294.3,D,2020-10-12 21:32:00,10804.0,10806.0,1987.0,CA,USF,KNF,HOTELLING,00000000,"Sun, 30 Aug 1987 07:00:00 GMT","Sat, 17 Oct 1987 07:00:00 GMT",1.0,8.0,1.0,16646.89,,,,00000224,,1980-1989,1,41.2,-123.23,,,,,,,,,,,,,
41.2087,-123.4438,310.8,2020-08-08,1908,45,293.1,D,2020-08-08 19:08:00,1539.0,1541.0,2020.0,CA,USF,SRF,RED SALMON COMPLEX,00000656,"Mon, 27 Jul 2020 07:00:00 GMT","Thu, 19 Nov 2020 08:00:00 GMT",1.0,8.0,1.0,143836.4,,RED SALMON COMPLEX,{843FC86F-D6D2-4E49-93EA-96F6B0720C3D},,{843FC86F-D6D2-4E49-93EA-96F6B0720C3D},2020-January 2025,1,41.21,-123.44,,,,,,,,,,,,,
41.2087,-123.4438,310.8,2020-08-08,1908,45,293.1,D,2020-08-08 19:08:00,18846.0,18848.0,1938.0,CA,USF,SRF,RED CAP,00000000,"Mon, 08 Aug 1938 07:00:00 GMT",,14.0,,1.0,14867.95,,,,00101521,,1950-1959,1,41.21,-123.44,,,,,,,,,,,,,
41.2108,-123.4259,309.8,2020-08-05,0638,78,287.2,N,2020-08-05 06:38:00,13085.0,13087.0,1977.0,CA,USF,KNF,HOG,00000000,"Wed, 10 Aug 1977 07:00:00 GMT","Sun, 04 Sep 1977 07:00:00 GMT",1.0,8.0,1.0,58365.31,,,,00000293,,1970-1979,1,41.21,-123.43,,,,,,,,,,,,,
41.2071,-123.4316,313.0,2020-08-08,1908,48,294.6,D,2020-08-08 19:08:00,1539.0,1541.0,2020.0,CA,USF,SRF,RED SALMON COMPLEX,00000656,"Mon, 27 Jul 2020 07:00:00 GMT","Thu, 19 Nov 2020 08:00:00 GMT",1.0,8.0,1.0,143836.4,,RED SALMON COMPLEX,{843FC86F-D6D2-4E49-93EA-96F6B0720C3D},,{843FC86F-D6D2-4E49-93EA-96F6B0720C3D},2020-January 2025,1,41.21,-123.43,,,,,,,,,,,,,
41.2071,-123.4316,313.0,2020-08-08,1908,48,294.6,D,2020-08-08 19:08:00,18846.0,18848.0,1938.0,CA,USF,SRF,RED CAP,00000000,"Mon, 08 Aug 1938 07:00:00 GMT",,14.0,,1.0,14867.95,,,,00101521,,1950-1959,1,41.21,-123.43,,,,,,,,,,,,,
41.2065,-123.4311,312.5,2020-08-11,1014,56,292.1,N,2020-08-11 10:14:00,1539.0,1541.0,2020.0,CA,USF,SRF,RED SALMON COMPLEX,00000656,"Mon, 27 Jul 2020 07:00:00 GMT","Thu, 19 Nov 2020 08:00:00 GMT",1.0,8.0,1.0,143836.4,,RED SALMON COMPLEX,{843FC86F-D6D2-4E49-93EA-96F6B0720C3D},,{843FC86F-D6D2-4E49-93EA-96F6B0720C3D},2020-January 2025,1,41.21,-123.43,,,,,,,,,,,,,
41.2065,-123.4311,312.5,2020-08-11,1014,56,292.1,N,2020-08-11 10:14:00,18846.0,18848.0,1938.0,CA,USF,SRF,RED CAP,00000000,"Mon, 08 Aug 1938 07:00:00 GMT",,14.0,,1.0,14867.95,,,,00101521,,1950-1959,1,41.21,-123.43,,,,,,,,,,,,,
41.2059,-123.4115,326.5,2020-08-15,1914,73,301.0,D,2020-08-15 19:14:00,1539.0,1541.0,2020.0,CA,USF,SRF,RED SALMON COMPLEX,00000656,"Mon, 27 Jul 2020 07:00:00 GMT","Thu, 19 Nov 2020 08:00:00 GMT",1.0,8.0,1.0,143836.4,,RED SALMON COMPLEX,{843FC86F-D6D2-4E49-93EA-96F6B0720C3D},,{843FC86F-D6D2-4E49-93EA-96F6B0720C3D},2020-January 2025,1,41.21,-123.41,,,,,,,,,,,,,
41.2059,-123.4115,326.5,2020-08-15,1914,73,301.0,D,2020-08-15 19:14:00,13085.0,13087.0,1977.0,CA,USF,KNF,HOG,00000000,"Wed, 10 Aug 1977 07:00:00 GMT","Sun, 04 Sep 1977 07:00:00 GMT",1.0,8.0,1.0,58365.31,,,,00000293,,1970-1979,1,41.21,-123.41,,,,,,,,,,,,,
41.2178,-123.298,321.9,2020-10-01,0632,99,293.7,N,2020-10-01 06:32:00,1539.0,1541.0,2020.0,CA,USF,SRF,RED SALMON COMPLEX,00000656,"Mon, 27 Jul 2020 07:00:00 GMT","Thu, 19 Nov 2020 08:00:00 GMT",1.0,8.0,1.0,143836.4,,RED SALMON COMPLEX,{843FC86F-D6D2-4E49-93EA-96F6B0720C3D},,{843FC86F-D6D2-4E49-93EA-96F6B0720C3D},2020-January 2025,1,41.22,-123.3,,,,,,,,,,,,,
41.2178,-123.298,321.9,2020-10-01,0632,99,293.7,N,2020-10-01 06:32:00,10804.0,10806.0,1987.0,CA,USF,KNF,HOTELLING,00000000,"Sun, 30 Aug 1987 07:00:00 GMT","Sat, 17 Oct 1987 07:00:00 GMT",1.0,8.0,1.0,16646.89,,,,00000224,,1980-1989,1,41.22,-123.3,,,,,,,,,,,,,
41.2178,-123.298,321.9,2020-10-01,0632,99,293.7,N,2020-10-01 06:32:00,22414.0,22416.0,1911.0,CA,USF,KNF, ,00000000,,,14.0,,1.0,1289.181,,,,00000301,,1950-1959,1,41.22,-123.3,,,,,,,,,,,,,
41.3542,-121.0689,322.3,2020-07-22,1825,57,298.5,D,2020-07-22 18:25:00,1606.0,1608.0,2020.0,CA,USF,MDF,ALLEN,00000470,"Tue, 21 Jul 2020 07:00:00 GMT","Thu, 27 Aug 2020 07:00:00 GMT",1.0,3.0,1.0,1034.795,,,{A7920665-A4BB-47FA-871C-976D3213AB40},,,2020-January 2025,1,41.35,-121.07,,,,,,,,,,,,,
41.3544,-121.0701,334.3,2020-07-23,1908,76,305.8,D,2020-07-23 19:08:00,1606.0,1608.0,2020.0,CA,USF,MDF,ALLEN,00000470,"Tue, 21 Jul 2020 07:00:00 GMT","Thu, 27 Aug 2020 07:00:00 GMT",1.0,3.0,1.0,1034.795,,,{A7920665-A4BB-47FA-871C-976D3213AB40},,,2020-January 2025,1,41.35,-121.07,,,,,,,,,,,,,
41.3572,-121.0992,351.7,2020-07-22,2144,96,301.7,D,2020-07-22 21:44:00,,,,,,,,,,,,,,,,,,,,,0,41.36,-121.1,,,,,,,,,,,,,
41.3562,-121.0996,318.3,2020-07-22,1825,38,298.4,D,2020-07-22 18:25:00,,,,,,,,,,,,,,,,,,,,,0,41.36,-121.1,,,,,,,,,,,,,
41.369,-120.0934,303.9,2020-03-26,1902,54,282.6,D,2020-03-26 19:02:00,,,,,,,,,,,,,,,,,,,,,0,41.37,-120.09,,,,,,,,,,,,,
41.3833,-123.9733,312.4,2020-11-20,2138,72,282.4,D,2020-11-20 21:38:00,16935.0,16937.0,1952.0,CA,CDF,HUU,COAST REDWOOD,00000000,"Mon, 04 Aug 1952 07:00:00 GMT",,14.0,,1.0,2550.326,,,,00000035,,1950-1959,1,41.38,-123.97,,,,,,,,,,,,,
41.3844,-123.9602,311.3,2020-12-17,1938,71,277.6,D,2020-12-17 19:38:00,,,,,,,,,,,,,,,,,,,,,0,41.38,-123.96,,,,,,,,,,,,,
41.3805,-120.6264,306.7,2020-02-07,2043,64,285.1,D,2020-02-07 20:43:00,,,,,,,,,,,,,,,,,,,,,0,41.38,-120.63,,,,,,,,,,,,,
41.3812,-120.6212,304.2,2020-02-07,1902,53,280.9,D,2020-02-07 19:02:00,,,,,,,,,,,,,,,,,,,,,0,41.38,-120.62,,,,,,,,,,,,,
41.629,-121.4728,311.6,2020-07-26,0602,65,289.5,N,2020-07-26 06:02:00,,,,,,,,,,,,,,,,,,,,,0,41.63,-121.47,,,,,,,,,,,,,
41.6273,-120.8089,323.0,2020-12-03,2107,82,285.0,D,2020-12-03 21:07:00,,,,,,,,,,,,,,,,,,,,,0,41.63,-120.81,,,,,,,,,,,,,
41.6385,-121.4565,328.6,2020-07-25,0657,100,289.3,N,2020-07-25 06:57:00,1544.0,1546.0,2020.0,CA,NPS,BNP,CALDWELL,00000479,"Wed, 22 Jul 2020 07:00:00 GMT","Tue, 01 Sep 2020 07:00:00 GMT",1.0,7.0,1.0,81224.68,,JULY COMPLEX,{29649803-B9D9-4F8D-9A38-A0CDDC6FD2D2},,{2DB7A56E-6E65-436F-A53E-0AFD51A86146},2020-January 2025,1,41.64,-121.46,,,,,,,,,,,,,
41.6536,-121.415,300.8,2020-12-29,0626,33,265.6,N,2020-12-29 06:26:00,1544.0,1546.0,2020.0,CA,NPS,BNP,CALDWELL,00000479,"Wed, 22 Jul 2020 07:00:00 GMT","Tue, 01 Sep 2020 07:00:00 GMT",1.0,7.0,1.0,81224.68,,JULY COMPLEX,{29649803-B9D9-4F8D-9A38-A0CDDC6FD2D2},,{2DB7A56E-6E65-436F-A53E-0AFD51A86146},2020-January 2025,1,41.65,-121.42,,,,,,,,,,,,,
41.6625,-121.5473,338.1,2020-07-27,1843,77,298.2,D,2020-07-27 18:43:00,1544.0,1546.0,2020.0,CA,NPS,BNP,CALDWELL,00000479,"Wed, 22 Jul 2020 07:00:00 GMT","Tue, 01 Sep 2020 07:00:00 GMT",1.0,7.0,1.0,81224.68,,JULY COMPLEX,{29649803-B9D9-4F8D-9A38-A0CDDC6FD2D2},,{2DB7A56E-6E65-436F-A53E-0AFD51A86146},2020-January 2025,1,41.66,-121.55,,,,,,,,,,,,,
41.662,-121.551,308.1,2020-07-28,0549,44,279.4,N,2020-07-28 05:49:00,1544.0,1546.0,2020.0,CA,NPS,BNP,CALDWELL,00000479,"Wed, 22 Jul 2020 07:00:00 GMT","Tue, 01 Sep 2020 07:00:00 GMT",1.0,7.0,1.0,81224.68,,JULY COMPLEX,{29649803-B9D9-4F8D-9A38-A0CDDC6FD2D2},,{2DB7A56E-6E65-436F-A53E-0AFD51A86146},2020-January 2025,1,41.66,-121.55,,,,,,,,,,,,,
41.6622,-121.5138,326.3,2020-07-25,0519,100,290.4,N,2020-07-25 05:19:00,1544.0,1546.0,2020.0,CA,NPS,BNP,CALDWELL,00000479,"Wed, 22 Jul 2020 07:00:00 GMT","Tue, 01 Sep 2020 07:00:00 GMT",1.0,7.0,1.0,81224.68,,JULY COMPLEX,{29649803-B9D9-4F8D-9A38-A0CDDC6FD2D2},,{2DB7A56E-6E65-436F-A53E-0AFD51A86146},2020-January 2025,1,41.66,-121.51,,,,,,,,,,,,,
41.664,-121.4307,392.4,2020-07-24,0614,100,302.5,N,2020-07-24 06:14:00,1544.0,1546.0,2020.0,CA,NPS,BNP,CALDWELL,00000479,"Wed, 22 Jul 2020 07:00:00 GMT","Tue, 01 Sep 2020 07:00:00 GMT",1.0,7.0,1.0,81224.68,,JULY COMPLEX,{29649803-B9D9-4F8D-9A38-A0CDDC6FD2D2},,{2DB7A56E-6E65-436F-A53E-0AFD51A86146},2020-January 2025,1,41.66,-121.43,,,,,,,,,,,,,
41.6731,-121.5263,372.0,2020-07-26,1939,100,305.5,D,2020-07-26 19:39:00,1544.0,1546.0,2020.0,CA,NPS,BNP,CALDWELL,00000479,"Wed, 22 Jul 2020 07:00:00 GMT","Tue, 01 Sep 2020 07:00:00 GMT",1.0,7.0,1.0,81224.68,,JULY COMPLEX,{29649803-B9D9-4F8D-9A38-A0CDDC6FD2D2},,{2DB7A56E-6E65-436F-A53E-0AFD51A86146},2020-January 2025,1,41.67,-121.53,,,,,,,,,,,,,
41.6696,-121.5182,392.2,2020-07-26,2120,100,319.9,D,2020-07-26 21:20:00,1544.0,1546.0,2020.0,CA,NPS,BNP,CALDWELL,00000479,"Wed, 22 Jul 2020 07:00:00 GMT","Tue, 01 Sep 2020 07:00:00 GMT",1.0,7.0,1.0,81224.68,,JULY COMPLEX,{29649803-B9D9-4F8D-9A38-A0CDDC6FD2D2},,{2DB7A56E-6E65-436F-A53E-0AFD51A86146},2020-January 2025,1,41.67,-121.52,,,,,,,,,,,,,
41.673,-121.444,336.7,2020-07-24,1026,100,293.7,N,2020-07-24 10:26:00,1544.0,1546.0,2020.0,CA,NPS,BNP,CALDWELL,00000479,"Wed, 22 Jul 2020 07:00:00 GMT","Tue, 01 Sep 2020 07:00:00 GMT",1.0,7.0,1.0,81224.68,,JULY COMPLEX,{29649803-B9D9-4F8D-9A38-A0CDDC6FD2D2},,{2DB7A56E-6E65-436F-A53E-0AFD51A86146},2020-January 2025,1,41.67,-121.44,,,,,,,,,,,,,
41.6702,-121.4396,365.4,2020-07-26,2120,100,331.2,D,2020-07-26 21:20:00,1544.0,1546.0,2020.0,CA,NPS,BNP,CALDWELL,00000479,"Wed, 22 Jul 2020 07:00:00 GMT","Tue, 01 Sep 2020 07:00:00 GMT",1.0,7.0,1.0,81224.68,,JULY COMPLEX,{29649803-B9D9-4F8D-9A38-A0CDDC6FD2D2},,{2DB7A56E-6E65-436F-A53E-0AFD51A86146},2020-January 2025,1,41.67,-121.44,,,,,,,,,,,,,
41.6814,-121.9473,305.5,2020-02-12,2101,62,278.8,D,2020-02-12 21:01:00,,,,,,,,,,,,,,,,,,,,,0,41.68,-121.95,,,,,,,,,,,,,
41.675,-121.1343,339.7,2020-02-21,1915,92,288.1,D,2020-02-21 19:15:00,17095.0,17097.0,1951.0,CA,USF,MDF,MEARS,00000000,"Wed, 01 Aug 1951 07:00:00 GMT",,9.0,,1.0,29522.59,,,,00000124,,1950-1959,1,41.68,-121.13,,,,,,,,,,,,,
41.675,-121.1343,339.7,2020-02-21,1915,92,288.1,D,2020-02-21 19:15:00,17712.0,17714.0,1948.0,CA,USF,MDF, ,00000000,,,14.0,,1.0,18188.02,,,,00000066,,1950-1959,1,41.68,-121.13,,,,,,,,,,,,,
41.6871,-121.4821,338.0,2020-07-30,1914,80,320.6,D,2020-07-30 19:14:00,1544.0,1546.0,2020.0,CA,NPS,BNP,CALDWELL,00000479,"Wed, 22 Jul 2020 07:00:00 GMT","Tue, 01 Sep 2020 07:00:00 GMT",1.0,7.0,1.0,81224.68,,JULY COMPLEX,{29649803-B9D9-4F8D-9A38-A0CDDC6FD2D2},,{2DB7A56E-6E65-436F-A53E-0AFD51A86146},2020-January 2025,1,41.69,-121.48,,,,,,,,,,,,,
41.7016,-121.5144,368.4,2020-07-30,2055,100,320.9,D,2020-07-30 20:55:00,1544.0,1546.0,2020.0,CA,NPS,BNP,CALDWELL,00000479,"Wed, 22 Jul 2020 07:00:00 GMT","Tue, 01 Sep 2020 07:00:00 GMT",1.0,7.0,1.0,81224.68,,JULY COMPLEX,{29649803-B9D9-4F8D-9A38-A0CDDC6FD2D2},,{2DB7A56E-6E65-436F-A53E-0AFD51A86146},2020-January 2025,1,41.7,-121.51,,,,,,,,,,,,,
41.7016,-121.5144,368.4,2020-07-30,2055,100,320.9,D,2020-07-30 20:55:00,20626.0,20628.0,1924.0,CA,USF,MDF,INDIAN WELL,00000000,"Tue, 08 Jul 1924 07:00:00 GMT",,9.0,,1.0,1072.143,,,,00000034,,1950-1959,1,41.7,-121.51,,,,,,,,,,,,,
41.7025,-121.5082,307.9,2020-07-30,0537,16,291.2,N,2020-07-30 05:37:00,1544.0,1546.0,2020.0,CA,NPS,BNP,CALDWELL,00000479,"Wed, 22 Jul 2020 07:00:00 GMT","Tue, 01 Sep 2020 07:00:00 GMT",1.0,7.0,1.0,81224.68,,JULY COMPLEX,{29649803-B9D9-4F8D-9A38-A0CDDC6FD2D2},,{2DB7A56E-6E65-436F-A53E-0AFD51A86146},2020-January 2025,1,41.7,-121.51,,,,,,,,,,,,,
41.7025,-121.5082,307.9,2020-07-30,0537,16,291.2,N,2020-07-30 05:37:00,20626.0,20628.0,1924.0,CA,USF,MDF,INDIAN WELL,00000000,"Tue, 08 Jul 1924 07:00:00 GMT",,9.0,,1.0,1072.143,,,,00000034,,1950-1959,1,41.7,-121.51,,,,,,,,,,,,,
41.6961,-121.4687,338.3,2020-07-29,2150,54,318.2,D,2020-07-29 21:50:00,1544.0,1546.0,2020.0,CA,NPS,BNP,CALDWELL,00000479,"Wed, 22 Jul 2020 07:00:00 GMT","Tue, 01 Sep 2020 07:00:00 GMT",1.0,7.0,1.0,81224.68,,JULY COMPLEX,{29649803-B9D9-4F8D-9A38-A0CDDC6FD2D2},,{2DB7A56E-6E65-436F-A53E-0AFD51A86146},2020-January 2025,1,41.7,-121.47,,,,,,,,,,,,,
41.6961,-121.4687,338.3,2020-07-29,2150,54,318.2,D,2020-07-29 21:50:00,13409.0,13411.0,1975.0,CA,USF,MDF,SCORPION,00000000,"Tue, 05 Aug 1975 07:00:00 GMT","Tue, 05 Aug 1975 07:00:00 GMT",6.0,8.0,1.0,1459.238,,,,00000026,,1970-1979,1,41.7,-121.47,,,,,,,,,,,,,
41.7125,-121.4646,332.0,2020-07-27,1843,52,304.8,D,2020-07-27 18:43:00,1544.0,1546.0,2020.0,CA,NPS,BNP,CALDWELL,00000479,"Wed, 22 Jul 2020 07:00:00 GMT","Tue, 01 Sep 2020 07:00:00 GMT",1.0,7.0,1.0,81224.68,,JULY COMPLEX,{29649803-B9D9-4F8D-9A38-A0CDDC6FD2D2},,{2DB7A56E-6E65-436F-A53E-0AFD51A86146},2020-January 2025,1,41.71,-121.46,,,,,,,,,,,,,
41.7125,-121.4646,332.0,2020-07-27,1843,52,304.8,D,2020-07-27 18:43:00,13409.0,13411.0,1975.0,CA,USF,MDF,SCORPION,00000000,"Tue, 05 Aug 1975 07:00:00 GMT","Tue, 05 Aug 1975 07:00:00 GMT",6.0,8.0,1.0,1459.238,,,,00000026,,1970-1979,1,41.71,-121.46,,,,,,,,,,,,,
41.71,-121.4226,381.8,2020-07-26,2120,100,333.7,D,2020-07-26 21:20:00,1544.0,1546.0,2020.0,CA,NPS,BNP,CALDWELL,00000479,"Wed, 22 Jul 2020 07:00:00 GMT","Tue, 01 Sep 2020 07:00:00 GMT",1.0,7.0,1.0,81224.68,,JULY COMPLEX,{29649803-B9D9-4F8D-9A38-A0CDDC6FD2D2},,{2DB7A56E-6E65-436F-A53E-0AFD51A86146},2020-January 2025,1,41.71,-121.42,,,,,,,,,,,,,
41.71,-121.4226,381.8,2020-07-26,2120,100,333.7,D,2020-07-26 21:20:00,18868.0,18870.0,1938.0,CA,USF,MDF,BIG SAND BUT,00000000,"Fri, 15 Jul 1938 07:00:00 GMT",,1.0,,1.0,856.0664,,,,00000056,,1950-1959,1,41.71,-121.42,,,,,,,,,,,,,
41.7219,-122.5076,310.2,2020-02-22,2138,70,296.5,D,2020-02-22 21:38:00,,,,,,,,,,,,,,,,,,,,,0,41.72,-122.51,,,,,,,,,,,,,
41.7506,-121.5146,303.2,2020-07-31,0620,54,291.5,N,2020-07-31 06:20:00,1544.0,1546.0,2020.0,CA,NPS,BNP,CALDWELL,00000479,"Wed, 22 Jul 2020 07:00:00 GMT","Tue, 01 Sep 2020 07:00:00 GMT",1.0,7.0,1.0,81224.68,,JULY COMPLEX,{29649803-B9D9-4F8D-9A38-A0CDDC6FD2D2},,{2DB7A56E-6E65-436F-A53E-0AFD51A86146},2020-January 2025,1,41.75,-121.51,,,,,,,,,,,,,
41.785,-121.5,362.0,2020-07-27,1843,100,302.3,D,2020-07-27 18:43:00,1544.0,1546.0,2020.0,CA,NPS,BNP,CALDWELL,00000479,"Wed, 22 Jul 2020 07:00:00 GMT","Tue, 01 Sep 2020 07:00:00 GMT",1.0,7.0,1.0,81224.68,,JULY COMPLEX,{29649803-B9D9-4F8D-9A38-A0CDDC6FD2D2},,{2DB7A56E-6E65-436F-A53E-0AFD51A86146},2020-January 2025,1,41.78,-121.5,,,,,,,,,,,,,
41.8007,-121.5529,337.7,2020-07-29,2150,52,322.5,D,2020-07-29 21:50:00,1544.0,1546.0,2020.0,CA,NPS,BNP,CALDWELL,00000479,"Wed, 22 Jul 2020 07:00:00 GMT","Tue, 01 Sep 2020 07:00:00 GMT",1.0,7.0,1.0,81224.68,,JULY COMPLEX,{29649803-B9D9-4F8D-9A38-A0CDDC6FD2D2},,{2DB7A56E-6E65-436F-A53E-0AFD51A86146},2020-January 2025,1,41.8,-121.55,,,,,,,,,,,,,
41.8192,-123.3525,327.6,2020-09-08,2144,80,304.3,D,2020-09-08 21:44:00,1538.0,1540.0,2020.0,CA,USF,KNF,SLATER,00007035,"Tue, 08 Sep 2020 07:00:00 GMT","Sat, 12 Dec 2020 08:00:00 GMT",14.0,3.0,1.0,157429.9,,,{24CDAB5C-7832-4546-BD05-15CC702A0326},,,2020-January 2025,1,41.82,-123.35,,,,,,,,,,,,,
41.8192,-123.3525,327.6,2020-09-08,2144,80,304.3,D,2020-09-08 21:44:00,10827.0,10829.0,1987.0,CA,USF,KNF,SLATER,00000000,"Sun, 30 Aug 1987 07:00:00 GMT","Sun, 20 Sep 1987 07:00:00 GMT",1.0,8.0,1.0,5553.978,,,,00000313,,1980-1989,1,41.82,-123.35,,,,,,,,,,,,,
41.8191,-121.5127,365.2,2020-07-27,1843,94,300.0,D,2020-07-27 18:43:00,1544.0,1546.0,2020.0,CA,NPS,BNP,CALDWELL,00000479,"Wed, 22 Jul 2020 07:00:00 GMT","Tue, 01 Sep 2020 07:00:00 GMT",1.0,7.0,1.0,81224.68,,JULY COMPLEX,{29649803-B9D9-4F8D-9A38-A0CDDC6FD2D2},,{2DB7A56E-6E65-436F-A53E-0AFD51A86146},2020-January 2025,1,41.82,-121.51,,,,,,,,,,,,,
41.8191,-121.5127,365.2,2020-07-27,1843,94,300.0,D,2020-07-27 18:43:00,5765.0,5767.0,2008.0,CA,NPS,BNP,JACK ,,"Sun, 17 Aug 2008 07:00:00 GMT","Sun, 31 Aug 2008 07:00:00 GMT",1.0,7.0,1.0,6067.5,Jack WF within Lava Beds National Monument.,,,,,2000-2009,1,41.82,-121.51,,,,,,,,,,,,,
41.8278,-121.5304,335.0,2020-05-01,1837,86,306.6,D,2020-05-01 18:37:00,,,,,,,,,,,,,,,,,,,,,0,41.83,-121.53,,,,,,,,,,,,,
41.8539,-121.3768,315.5,2020-03-04,2120,59,304.2,D,2020-03-04 21:20:00,,,,,,,,,,,,,,,,,,,,,0,41.85,-121.38,,,,,,,,,,,,,
41.8825,-121.4317,358.4,2020-04-08,2151,99,304.9,D,2020-04-08 21:51:00,,,,,,,,,,,,,,,,,,,,,0,41.88,-121.43,,,,,,,,,,,,,
41.8911,-121.8684,329.5,2020-02-12,2101,86,283.2,D,2020-02-12 21:01:00,,,,,,,,,,,,,,,,,,,,,0,41.89,-121.87,,,,,,,,,,,,,
41.8862,-121.4367,350.3,2020-04-08,2151,96,304.0,D,2020-04-08 21:51:00,,,,,,,,,,,,,,,,,,,,,0,41.89,-121.44,,,,,,,,,,,,,
41.8881,-121.405,333.9,2020-04-08,2151,87,304.9,D,2020-04-08 21:51:00,,,,,,,,,,,,,,,,,,,,,0,41.89,-121.4,,,,,,,,,,,,,
41.8998,-121.4556,324.0,2020-05-01,2019,60,303.2,D,2020-05-01 20:19:00,,,,,,,,,,,,,,,,,,,,,0,41.9,-121.46,,,,,,,,,,,,,
41.9124,-121.4712,316.8,2020-04-08,2151,0,304.3,D,2020-04-08 21:51:00,,,,,,,,,,,,,,,,,,,,,0,41.91,-121.47,,,,,,,,,,,,,
41.9094,-121.4253,326.4,2020-05-01,1837,75,303.6,D,2020-05-01 18:37:00,,,,,,,,,,,,,,,,,,,,,0,41.91,-121.43,,,,,,,,,,,,,
41.9134,-121.3486,324.6,2020-04-16,1920,81,302.2,D,2020-04-16 19:20:00,,,,,,,,,,,,,,,,,,,,,0,41.91,-121.35,,,,,,,,,,,,,
41.9727,-121.8435,303.5,2020-02-11,2156,32,286.7,D,2020-02-11 21:56:00,,,,,,,,,,,,,,,,,,,,,0,41.97,-121.84,,,,,,,,,,,,,
41.9911,-121.4991,357.7,2020-04-03,2132,99,304.1,D,2020-04-03 21:32:00,,,,,,,,,,,,,,,,,,,,,0,41.99,-121.5,,,,,,,,,,,,,
41.9968,-122.5871,321.9,2020-03-20,2120,81,296.2,D,2020-03-20 21:20:00,2365.0,2367.0,2018.0,CA,CDF,SKU,KLAMATHON,00004641,"Thu, 05 Jul 2018 07:00:00 GMT","Sat, 21 Jul 2018 07:00:00 GMT",5.0,7.0,1.0,38008.79,,,{373CAAC0-9D6D-4A91-8B55-7986A13983FC},,,2010-2019,1,42.0,-122.59,,,,,,,,,,,,,
42.0147,-123.3893,303.8,2020-09-23,1920,42,287.6,D,2020-09-23 19:20:00,1538.0,1540.0,2020.0,CA,USF,KNF,SLATER,00007035,"Tue, 08 Sep 2020 07:00:00 GMT","Sat, 12 Dec 2020 08:00:00 GMT",14.0,3.0,1.0,157429.9,,,{24CDAB5C-7832-4546-BD05-15CC702A0326},,,2020-January 2025,1,42.01,-123.39,,,,,,,,,,,,,
42.0166,-123.3683,306.3,2020-11-01,2107,62,292.3,D,2020-11-01 21:07:00,,,,,,,,,,,,,,,,,,,,,0,42.02,-123.37,,,,,,,,,,,,,
42.0199,-123.3625,305.5,2020-10-30,1938,61,288.1,D,2020-10-30 19:38:00,,,,,,,,,,,,,,,,,,,,,0,42.02,-123.36,,,,,,,,,,,,,
42.05,-121.9618,331.9,2020-11-23,1849,88,272.1,D,2020-11-23 18:49:00,,,,,,,,,,,,,,,,,,,,,0,42.05,-121.96,,,,,,,,,,,,,
42.0586,-123.4271,302.1,2020-09-23,1920,29,283.2,D,2020-09-23 19:20:00,1538.0,1540.0,2020.0,CA,USF,KNF,SLATER,00007035,"Tue, 08 Sep 2020 07:00:00 GMT","Sat, 12 Dec 2020 08:00:00 GMT",14.0,3.0,1.0,157429.9,,,{24CDAB5C-7832-4546-BD05-15CC702A0326},,,2020-January 2025,1,42.06,-123.43,,,,,,,,,,,,,
42.0879,-122.9845,314.8,2020-12-15,2132,54,276.7,D,2020-12-15 21:32:00,,,,,,,,,,,,,,,,,,,,,0,42.09,-122.98,,,,,,,,,,,,,
42.1195,-124.2781,302.2,2020-02-21,2055,51,286.4,D,2020-02-21 20:55:00,,,,,,,,,,,,,,,,,,,,,0,42.12,-124.28,,,,,,,,,,,,,
42.1225,-121.208,309.1,2020-04-07,0550,76,272.9,N,2020-04-07 05:50:00,,,,,,,,,,,,,,,,,,,,,0,42.12,-121.21,,,,,,,,,,,,,
42.1665,-121.221,300.2,2020-12-21,2055,32,284.2,D,2020-12-21 20:55:00,,,,,,,,,,,,,,,,,,,,,0,42.17,-121.22,,,,,,,,,,,,,
42.2457,-124.3059,333.9,2020-12-09,2209,86,285.9,D,2020-12-09 22:09:00,,,,,,,,,,,,,,,,,,,,,0,42.25,-124.31,,,,,,,,,,,,,
42.2539,-124.2979,325.1,2020-12-10,0555,100,278.1,N,2020-12-10 05:55:00,,,,,,,,,,,,,,,,,,,,,0,42.25,-124.3,,,,,,,,,,,,,
42.2513,-120.1222,303.5,2020-12-07,1901,55,276.9,D,2020-12-07 19:01:00,,,,,,,,,,,,,,,,,,,,,0,42.25,-120.12,,,,,,,,,,,,,
42.2721,-121.1023,306.8,2020-02-14,2049,61,280.8,D,2020-02-14 20:49:00,,,,,,,,,,,,,,,,,,,,,0,42.27,-121.1,,,,,,,,,,,,,
42.2799,-120.191,317.5,2020-12-03,2107,73,275.7,D,2020-12-03 21:07:00,,,,,,,,,,,,,,,,,,,,,0,42.28,-120.19,,,,,,,,,,,,,
42.3118,-123.1562,303.4,2020-12-23,0525,55,271.2,N,2020-12-23 05:25:00,,,,,,,,,,,,,,,,,,,,,0,42.31,-123.16,,,,,,,,,,,,,
42.3194,-120.4492,312.0,2020-03-13,2114,71,285.3,D,2020-03-13 21:14:00,,,,,,,,,,,,,,,,,,,,,0,42.32,-120.45,,,,,,,,,,,,,
42.3194,-120.2671,315.5,2020-12-10,2113,69,275.9,D,2020-12-10 21:13:00,,,,,,,,,,,,,,,,,,,,,0,42.32,-120.27,,,,,,,,,,,,,
42.3456,-123.1909,313.3,2020-12-12,2101,73,275.1,D,2020-12-12 21:01:00,,,,,,,,,,,,,,,,,,,,,0,42.35,-123.19,,,,,,,,,,,,,
42.3657,-120.2373,317.8,2020-12-05,2055,40,275.6,D,2020-12-05 20:55:00,,,,,,,,,,,,,,,,,,,,,0,42.37,-120.24,,,,,,,,,,,,,
42.3757,-120.2766,304.3,2020-11-28,1908,58,275.9,D,2020-11-28 19:08:00,,,,,,,,,,,,,,,,,,,,,0,42.38,-120.28,,,,,,,,,,,,,
42.433,-120.2531,309.6,2020-11-29,2132,69,277.4,D,2020-11-29 21:32:00,,,,,,,,,,,,,,,,,,,,,0,42.43,-120.25,,,,,,,,,,,,,
42.4884,-122.5889,303.8,2020-09-11,0931,50,288.2,N,2020-09-11 09:31:00,,,,,,,,,,,,,,,,,,,,,0,42.49,-122.59,,,,,,,,,,,,,
42.488,-120.4497,311.6,2020-11-30,1855,54,277.5,D,2020-11-30 18:55:00,,,,,,,,,,,,,,,,,,,,,0,42.49,-120.45,,,,,,,,,,,,,
42.5027,-122.7021,324.6,2020-07-31,0620,100,297.1,N,2020-07-31 06:20:00,,,,,,,,,,,,,,,,,,,,,0,42.5,-122.7,,,,,,,,,,,,,
42.536,-124.2024,309.7,2020-11-20,2138,61,282.0,D,2020-11-20 21:38:00,,,,,,,,,,,,,,,,,,,,,0,42.54,-124.2,,,,,,,,,,,,,
42.5416,-123.6145,311.3,2020-02-20,1832,71,273.5,D,2020-02-20 18:32:00,,,,,,,,,,,,,,,,,,,,,0,42.54,-123.61,,,,,,,,,,,,,
42.5461,-123.6449,323.9,2020-02-20,2151,83,273.1,D,2020-02-20 21:51:00,,,,,,,,,,,,,,,,,,,,,0,42.55,-123.64,,,,,,,,,,,,,
42.5466,-123.4911,310.7,2020-12-01,2120,70,280.6,D,2020-12-01 21:20:00,,,,,,,,,,,,,,,,,,,,,0,42.55,-123.49,,,,,,,,,,,,,
42.5667,-120.5148,346.6,2020-09-13,0507,100,293.1,N,2020-09-13 05:07:00,,,,,,,,,,,,,,,,,,,,,0,42.57,-120.51,,,,,,,,,,,,,
42.5788,-124.2362,319.9,2020-11-21,2043,80,284.5,D,2020-11-21 20:43:00,,,,,,,,,,,,,,,,,,,,,0,42.58,-124.24,,,,,,,,,,,,,
42.5795,-124.2259,313.3,2020-11-20,1957,74,281.3,D,2020-11-20 19:57:00,,,,,,,,,,,,,,,,,,,,,0,42.58,-124.23,,,,,,,,,,,,,
42.5967,-124.3195,333.4,2020-12-07,2043,85,281.5,D,2020-12-07 20:43:00,,,,,,,,,,,,,,,,,,,,,0,42.6,-124.32,,,,,,,,,,,,,
42.5973,-122.6164,314.7,2020-02-21,1914,72,285.4,D,2020-02-21 19:14:00,,,,,,,,,,,,,,,,,,,,,0,42.6,-122.62,,,,,,,,,,,,,
42.6012,-121.3366,315.0,2020-12-09,2031,63,275.7,D,2020-12-09 20:31:00,,,,,,,,,,,,,,,,,,,,,0,42.6,-121.34,,,,,,,,,,,,,
42.6181,-121.8748,372.8,2020-09-08,0626,100,290.9,N,2020-09-08 06:26:00,,,,,,,,,,,,,,,,,,,,,0,42.62,-121.87,,,,,,,,,,,,,
42.6186,-121.2289,323.2,2020-12-08,1944,82,280.8,D,2020-12-08 19:44:00,,,,,,,,,,,,,,,,,,,,,0,42.62,-121.23,,,,,,,,,,,,,
42.6315,-121.2222,318.4,2020-12-08,1944,78,280.4,D,2020-12-08 19:44:00,,,,,,,,,,,,,,,,,,,,,0,42.63,-121.22,,,,,,,,,,,,,
42.6355,-121.2815,308.2,2020-12-14,2049,50,269.5,D,2020-12-14 20:49:00,,,,,,,,,,,,,,,,,,,,,0,42.64,-121.28,,,,,,,,,,,,,
42.6478,-123.1997,301.1,2020-12-01,1938,30,277.0,D,2020-12-01 19:38:00,,,,,,,,,,,,,,,,,,,,,0,42.65,-123.2,,,,,,,,,,,,,
42.6504,-121.898,327.7,2020-09-08,1825,82,292.2,D,2020-09-08 18:25:00,,,,,,,,,,,,,,,,,,,,,0,42.65,-121.9,,,,,,,,,,,,,
42.6743,-122.0323,311.8,2020-04-19,2132,59,299.0,D,2020-04-19 21:32:00,,,,,,,,,,,,,,,,,,,,,0,42.67,-122.03,,,,,,,,,,,,,
